870003216976621572;[ 0.9624059];[2];[2]
870009965674512384;[ 1.59658189];[2];[2]
870006623774920709;[ 1.53682277];[2];[2]
870009967759171584;[ 1.3132235];[2];[2]
870009970472910850;[ 1.44277035];[2];[2]
870009016969289728;[ 0.96771661];[2];[2]
870009973408899072;[ 1.83169905];[2];[2]
870009971907244032;[ 1.29781849];[2];[2]
870007386408439810;[ 1.67431116];[2];[2]
870009972574244864;[ 1.71063059];[2];[2]
870009975615111168;[ 1.41124188];[2];[2]
868799605907042304;[ 1.70417445];[2];[2]
870009980774043649;[ 1.41471764];[2];[2]
870009988789317632;[ 1.15236252];[2];[2]
870009991444312064;[ 1.68343519];[2];[2]
869987889282777088;[ 0.93992117];[2];[2]
870009992337817600;[ 1.56028178];[2];[2]
870009992262295552;[ 1.55782062];[2];[2]
870010163008294912;[ 1.32248098];[2];[2]
870010163473797121;[ 1.50457008];[2];[2]
869919247547355136;[ 1.65115339];[2];[2]
870010166388903937;[ 1.36796391];[2];[2]
870010166099365888;[ 1.52423692];[2];[1]
869967797354418177;[ 2.0081733];[2];[2]
870010168745930752;[ 1.35292031];[2];[2]
870010172491481088;[ 1.6352305];[2];[2]
870010172004999168;[ 1.50768784];[2];[2]
870010172306935808;[ 1.19152705];[2];[2]
869833326516940801;[ 1.46668938];[2];[2]
870010175762989056;[ 1.64726895];[2];[2]
870010178510479361;[ 1.34641103];[2];[2]
870010178346921984;[ 1.50258772];[2];[2]
870010181047926785;[ 1.26284593];[2];[2]
870010184101502977;[ 1.7132325];[2];[2]
870005820359979008;[ 1.39245058];[2];[2]
869996425060298753;[ 1.18119813];[2];[2]
870002800398221312;[ 1.32212673];[2];[2]
858085811027357696;[ 1.3062495];[2];[2]
870010189973299200;[ 1.7297835];[2];[2]
870007288269946880;[ 1.52019322];[2];[2]
868502464915415040;[ 1.22747695];[2];[2]
870010147183091712;[ 1.19187446];[2];[2]
869964095411425280;[ 2.2736568];[2];[2]
870008577066512384;[ 1.83311445];[2];[2]
861626446850269184;[ 1.44206657];[2];[2]
870005571985973248;[ 1.32776604];[2];[2]
870010211163033601;[ 1.34011407];[2];[2]
870007377008918528;[ 1.33093195];[2];[2]
869847908664958976;[ 1.58683793];[2];[2]
870010214317080577;[ 1.49262648];[2];[2]
869939894616903680;[ 1.34935046];[2];[2]
870010218142457856;[ 1.34439367];[2];[2]
869586772031934468;[ 1.21174332];[2];[2]
869989488872886272;[ 1.85924154];[2];[2]
870008775964545024;[ 1.26926081];[2];[2]
870010220516442114;[ 1.43705996];[2];[2]
870010227000737797;[ 1.7126881];[2];[2]
870004567693377537;[ 1.22400024];[2];[2]
868892821666885632;[ 1.62906116];[2];[2]
870006623774920709;[ 1.53684234];[2];[2]
870010233430589440;[ 1.34499413];[2];[2]
870010235372556289;[ 1.70174911];[2];[2]
869964832228884480;[ 1.18450685];[2];[2]
870004849152098304;[ 1.563964];[2];[2]
870010244860194818;[ 1.6120414];[2];[2]
870010245069889536;[ 1.38473552];[2];[2]
870005210520985600;[ 1.69991213];[2];[2]
870009742005063680;[ 1.26292448];[2];[2]
870010251415887874;[ 1.21398726];[2];[2]
870010251415769088;[ 1.42902503];[2];[2]
869533537111638017;[ 1.10964645];[2];[2]
870010253538144256;[ 1.46408674];[2];[2]
869988194095214592;[ 1.68168243];[2];[2]
870010259057762304;[ 1.35952599];[2];[2]
870007386408439810;[ 1.67433073];[2];[2]
870010066384105472;[ 1.87451203];[2];[2]
869944197499015169;[ 1.5418559];[2];[2]
870010265324204034;[ 1.2463332];[2];[2]
869969133558943746;[ 1.45781323];[2];[2]
870010265814704130;[ 1.45053993];[2];[2]
870010268121784320;[ 1.55135172];[2];[2]
870010269522591744;[ 1.63062403];[2];[2]
870010270235504641;[ 1.59759918];[2];[2]
870010271472865281;[ 1.73529313];[2];[2]
870010273284804608;[ 1.35270871];[2];[2]
870009639726833664;[ 1.39952956];[2];[2]
870010272630439936;[ 1.60103313];[2];[2]
870010273851207680;[ 1.31897021];[2];[2]
870010273859547136;[ 1.74600626];[2];[1]
870004822019264513;[ 1.56089318];[2];[2]
870010274249625605;[ 1.35106633];[2];[2]
867701477577564160;[ 1.4079492];[2];[2]
870010282730455040;[ 1.80730039];[2];[2]
870010284789968897;[ 1.29792347];[2];[2]
870010287327514633;[ 1.84930539];[2];[2]
870010287763722240;[ 1.9838072];[2];[2]
870010287730065409;[ 1.22175941];[2];[2]
869834628659638272;[ 1.79910596];[2];[2]
867702338575839236;[ 1.6899251];[2];[2]
869972279752409088;[ 1.33300023];[2];[2]
870010296525520896;[ 1.34776333];[2];[2]
869944139240046592;[ 1.69592452];[2];[2]
869996208462467072;[ 1.82999725];[2];[2]
870010301021921280;[ 1.72788211];[2];[2]
832234924014977027;[ 1.49402084];[2];[2]
870010301239877633;[ 1.64758317];[2];[2]
870010303592800256;[ 1.74292416];[2];[2]
870010307858636800;[ 1.78558583];[2];[2]
870010312690413569;[ 1.68400821];[2];[2]
869990737915641856;[ 1.57010778];[2];[2]
870010319224975360;[ 1.31353693];[2];[2]
870010317815730178;[ 1.55548991];[2];[2]
870010317987880961;[ 1.38422776];[2];[2]
869912508412432385;[ 0.88361998];[2];[2]
870010324711329792;[ 1.47550915];[2];[2]
869145797207756800;[ 1.56368419];[2];[2]
869970444115361793;[ 1.14987488];[2];[2]
870010329660567552;[ 1.66308631];[2];[2]
869655491848392705;[ 1.3829933];[2];[1]
869701597957308417;[ 1.89940687];[2];[2]
870009792760127488;[ 1.12411744];[2];[2]
870010336778366976;[ 1.46387694];[2];[2]
870010336673492992;[ 1.15760884];[2];[2]
870010337482899456;[ 1.45355901];[2];[2]
870005461239701509;[ 1.70262539];[2];[2]
870010340867661824;[ 1.25665604];[2];[2]
870010338959269888;[ 1.4313453];[2];[2]
869995674443665410;[ 1.28797104];[2];[2]
815626357753413632;[ 1.69842895];[2];[2]
860421820603936769;[ 1.51865138];[2];[2]
869957134695268352;[ 1.52899802];[2];[2]
869887754016100352;[ 1.6285347];[2];[2]
869910954221371392;[ 1.25647371];[2];[2]
868290815365308416;[ 1.42879754];[2];[2]
870010351848493056;[ 1.34671703];[2];[2]
870010351688982528;[ 1.36215275];[2];[2]
870010351546281984;[ 1.7211638];[2];[2]
870010351848443905;[ 1.47888862];[2];[2]
870010356185395201;[ 1.35348381];[2];[2]
870010356545970176;[ 1.52081402];[2];[2]
870007031217799168;[ 1.31995895];[2];[2]
870010358878003201;[ 1.49590628];[2];[2]
870010358827634689;[ 1.52080241];[2];[2]
869960952552095744;[ 1.12901667];[2];[2]
849233221690810373;[ 1.70873522];[2];[2]
870010361033793536;[ 1.35280721];[2];[2]
870010368185204736;[ 1.35894594];[2];[2]
870009506662686721;[ 1.40966333];[2];[2]
869803207458947072;[ 1.49767923];[2];[2]
870010373348491272;[ 1.3505125];[2];[2]
870005776231919616;[ 1.32701881];[2];[2]
869950096955236352;[ 1.65516909];[2];[2]
869915728681607168;[ 1.44943298];[2];[2]
869572693451980800;[ 1.59243933];[2];[2]
869947304698150913;[ 1.50152988];[2];[2]
870010386891677697;[ 1.43837951];[2];[2]
870010389043453953;[ 1.3160194];[2];[2]
870009166248656896;[ 0.90342183];[2];[2]
870010400984637440;[ 1.14660154];[2];[2]
869928171591827456;[ 1.40402246];[2];[2]
870010402519764993;[ 1.49240003];[2];[2]
870010405124358144;[ 1.1919787];[2];[2]
870010410828668928;[ 1.29439786];[2];[2]
869899422443999232;[ 1.53732719];[2];[2]
870010413316026369;[ 1.73542226];[2];[2]
870010413584310272;[ 1.44181821];[2];[2]
870009498127089665;[ 1.59045789];[2];[2]
870010415614394368;[ 1.48335138];[2];[2]
870010417224888320;[ 1.62147302];[2];[2]
869917099958960128;[ 1.70902322];[2];[2]
870010422765604864;[ 1.35188176];[2];[2]
870009579446218752;[ 1.46690492];[2];[2]
869982816603394051;[ 1.218855];[2];[2]
869995978178285569;[ 1.60960186];[2];[2]
868190716622774276;[ 2.00508356];[2];[2]
870010437948932097;[ 1.47026331];[2];[1]
869451718911807488;[ 1.51954114];[2];[2]
870007572454977536;[ 1.33988482];[2];[2]
870008476344475648;[ 1.62201009];[2];[2]
870010444076863488;[ 1.49190392];[2];[2]
870009138926952449;[ 1.20561583];[2];[2]
869955990422204422;[ 1.40820796];[2];[2]
870010455669997568;[ 1.40228486];[2];[2]
870010454885543936;[ 1.31853303];[2];[2]
870009536727461889;[ 1.55402123];[2];[2]
861513521900777472;[ 1.6266514];[2];[2]
870010459465801730;[ 1.68706912];[2];[2]
870010461349187584;[ 1.89643343];[2];[2]
870003000001089541;[ 1.33699706];[2];[2]
870010463723020288;[ 1.32170693];[2];[2]
869992092097015808;[ 1.53513178];[2];[2]
869123537491111937;[ 1.62123946];[2];[2]
863735363080257536;[ 1.5887365];[2];[2]
870010477245472768;[ 1.46297413];[2];[2]
870010111191920640;[ 1.75556353];[2];[2]
870001731597422592;[ 1.53906705];[2];[2]
870010481783787521;[ 1.63748797];[2];[2]
870010481443971075;[ 1.77991054];[2];[2]
800239473225179136;[ 1.45649776];[2];[2]
870007018618224641;[ 1.49471845];[2];[2]
869998416671068161;[ 1.58775164];[2];[2]
870002722153660417;[ 0.99805153];[2];[2]
869998334164979716;[ 1.58677961];[2];[2]
870010501333262337;[ 1.1982999];[2];[2]
870007747395190784;[ 1.20384655];[2];[2]
852636949580001280;[ 1.57993757];[2];[2]
870010506823606272;[ 1.34261331];[2];[2]
870010508321202177;[ 1.57286257];[2];[2]
870010507582779392;[ 1.4032678];[2];[2]
870010510984462337;[ 1.43548582];[2];[2]
870010514641780737;[ 1.34496352];[2];[1]
809400511405367296;[ 1.45518097];[2];[2]
869609873759019008;[ 1.43340649];[2];[2]
870008834026344448;[ 1.60702768];[2];[2]
870010521268899840;[ 1.43842662];[2];[2]
870010521684017152;[ 1.77685814];[2];[2]
870010523902820352;[ 1.71152849];[2];[2]
870010525349851136;[ 1.6118769];[2];[2]
870010527308587009;[ 1.61500263];[2];[2]
870010529066004480;[ 1.31051326];[2];[2]
870010530978701312;[ 1.50662242];[2];[2]
869637785132683265;[ 1.43585655];[2];[1]
870010530785746944;[ 1.41204469];[2];[2]
870010531951788032;[ 1.19187852];[2];[2]
870010535298781184;[ 1.55994288];[2];[2]
870009331546062848;[ 1.4408336];[2];[2]
870010541023961088;[ 1.26382018];[2];[2]
870010541686870017;[ 1.28247212];[2];[2]
870010542890532865;[ 1.70667901];[2];[1]
870010543179841536;[ 1.60636564];[2];[2]
870007039220531200;[ 1.6495447];[2];[2]
870010547294486528;[ 1.32796283];[2];[2]
870010547944570880;[ 1.31730899];[2];[2]
870010547407732736;[ 1.20915179];[2];[2]
870010549945421824;[ 1.75618991];[2];[2]
870010549052092416;[ 1.23697036];[2];[2]
870003151142768640;[ 1.42423929];[2];[2]
870010551102873600;[ 1.55148596];[2];[2]
870010551237304320;[ 1.85784145];[2];[2]
870010553611108352;[ 1.34286675];[2];[2]
870010554399813632;[ 1.23656588];[2];[2]
870010555335094272;[ 1.33038618];[2];[2]
869959829179162624;[ 1.75130755];[2];[2]
870010555787952131;[ 1.32835084];[2];[2]
870010556089905152;[ 0.9936254];[2];[2]
870010554836013056;[ 1.43534373];[2];[2]
870010558308728832;[ 1.30592506];[2];[2]
870010560133201920;[ 1.46687241];[2];[2]
869814468938747904;[ 1.63546498];[2];[2]
869951680091004929;[ 1.65580468];[2];[2]
869970850417692672;[ 1.11439145];[2];[2]
869870682695401472;[ 1.64439186];[2];[2]
870010571986411520;[ 1.91949445];[2];[2]
869964257944842240;[ 1.38723574];[2];[2]
870009264311377920;[ 1.1940888];[2];[2]
869991779269050370;[ 0.93288489];[2];[2]
870010584292401152;[ 1.57175321];[2];[2]
870010585404112901;[ 1.28540839];[2];[2]
870010584636375040;[ 1.6284155];[2];[2]
869844662038794245;[ 1.84929058];[2];[2]
870010590416261121;[ 1.729699];[2];[2]
870010591150129152;[ 1.42884704];[2];[2]
870010598913867776;[ 1.30318697];[2];[2]
870010601057034241;[ 1.70300107];[2];[2]
865998700698415107;[ 1.66773487];[2];[2]
869827050961608704;[ 1.63908005];[2];[2]
870009747528757248;[ 1.03022239];[2];[2]
868133035014836224;[ 1.72061017];[2];[2]
870010611404488708;[ 1.46772381];[2];[2]
870010613296226309;[ 1.43864641];[2];[2]
870010613589843968;[ 1.7772247];[2];[2]
870010613153488897;[ 1.41642527];[2];[2]
869951207892058112;[ 1.24498892];[2];[2]
869784277084516353;[ 1.60362092];[2];[1]
863853754881363969;[ 1.31043968];[2];[2]
869979399281573888;[ 1.73801308];[2];[2]
870010625514254340;[ 1.2818372];[2];[2]
861673433490497536;[ 1.56315533];[2];[2]
870010631159660544;[ 1.17172034];[2];[2]
870010630819823616;[ 1.35675562];[2];[2]
862768565379895297;[ 1.5645628];[2];[2]
870010631100878850;[ 1.54421239];[2];[2]
870010634208817152;[ 1.75413869];[2];[2]
870010634456358912;[ 1.35698947];[2];[2]
869754136643948545;[ 1.56330003];[2];[2]
870006045388623872;[ 1.66230988];[2];[2]
870010637979496448;[ 1.30928855];[2];[2]
869943679670042625;[ 1.50678988];[2];[2]
808081152716185600;[ 2.10990772];[2];[2]
870010638872985600;[ 1.48384163];[2];[2]
870010644321447936;[ 1.54845381];[2];[2]
870005529497804801;[ 1.69070045];[2];[2]
869870708955983872;[ 1.53994658];[2];[2]
870010655281106944;[ 1.59026292];[2];[2]
870010658309328896;[ 1.51465899];[2];[2]
870010423491174400;[ 1.77786745];[2];[2]
870010664437207041;[ 1.59354328];[2];[2]
870010666546905088;[ 1.62041567];[2];[2]
870010668627484672;[ 1.61559826];[2];[2]
870010670221189120;[ 1.17051011];[2];[2]
870004793070166016;[ 1.68488177];[2];[2]
869973505542049794;[ 1.41434055];[2];[2]
869605042818605056;[ 1.73163863];[2];[2]
870010679830298627;[ 1.6612252];[2];[2]
870010681600294912;[ 1.58745208];[2];[2]
870010682254606336;[ 1.65980829];[2];[2]
869006160199901184;[ 1.29516939];[2];[2]
870010683408224258;[ 2.07262018];[2];[2]
870010684037144576;[ 1.65980826];[2];[2]
870010684364468228;[ 1.45074765];[2];[1]
870010685748645889;[ 1.65980822];[2];[2]
870010686016901121;[ 1.56403409];[2];[2]
869962266417913856;[ 1.33625154];[2];[2]
870010687363395587;[ 1.74219633];[2];[2]
870010689003245568;[ 1.51961764];[2];[2]
870010689158397952;[ 1.73737892];[2];[2]
870010689150009344;[ 1.32179193];[2];[2]
870010691159080960;[ 1.74219626];[2];[2]
868924993383616512;[ 1.3299549];[2];[2]
870010692375429120;[ 1.92350221];[2];[2]
870010700206227456;[ 1.31363144];[2];[2]
870010701296812032;[ 1.60065861];[2];[2]
870004039492157440;[ 1.67943666];[2];[2]
870010708280320000;[ 1.49467458];[2];[2]
870010710490730496;[ 1.66763598];[2];[2]
870003244163973120;[ 1.57795226];[2];[2]
869649077289574401;[ 1.42404575];[2];[2]
870010735723556864;[ 1.77775182];[2];[2]
817877645442646021;[ 1.86247117];[2];[2]
870002944313143296;[ 1.07779841];[2];[2]
870010739754287104;[ 1.31601517];[2];[2]
870010742031785984;[ 1.24856772];[2];[2]
870010743260798976;[ 1.39124327];[2];[2]
870010746054127617;[ 1.74366174];[2];[2]
870010988757749760;[ 1.28951927];[2];[2]
870010997024604160;[ 1.44208071];[2];[2]
869925893489258498;[ 1.72149018];[2];[2]
869886601412976640;[ 1.59513982];[2];[2]
870011003685150720;[ 1.30607926];[2];[2]
870007288269946880;[ 1.52023236];[2];[2]
870011010387660800;[ 1.19417249];[2];[2]
870011011599785984;[ 1.56783444];[2];[2]
870010956658749447;[ 1.27245524];[2];[2]
870011016100405250;[ 1.5554051];[2];[2]
870011017832538112;[ 1.19553928];[2];[2]
870011018415554560;[ 1.39944246];[2];[2]
870011023800938496;[ 1.40638619];[2];[2]
870011025797468160;[ 1.43674598];[2];[2]
870011026124582912;[ 1.30406598];[2];[2]
870011027550683136;[ 1.36116252];[2];[2]
869446116999286786;[ 1.30052099];[2];[2]
870011031518453760;[ 1.45996855];[2];[2]
870011033036791808;[ 1.63216419];[2];[2]
869944483617669120;[ 1.68071496];[2];[2]
862768565379895297;[ 1.56458236];[2];[2]
870011044436914176;[ 1.38279977];[2];[2]
870011044751699968;[ 1.39064213];[2];[2]
870009072573190145;[ 1.13732598];[2];[2]
870011050086850560;[ 1.89065672];[2];[2]
870011047549165568;[ 1.50489291];[2];[2]
870011054184554496;[ 1.3447648];[2];[2]
870011056948510721;[ 1.55001924];[2];[2]
870011059444137984;[ 1.69362527];[2];[2]
870008867643682819;[ 1.5354306];[2];[2]
858333638546649088;[ 1.18466712];[2];[2]
870011066322898944;[ 1.37136899];[2];[2]
870011068017369090;[ 1.62672867];[2];[2]
870011070093643776;[ 1.66027182];[2];[2]
870011070890598401;[ 1.79221878];[2];[1]
870011071217762304;[ 1.86550049];[2];[2]
870011071964303361;[ 1.9194167];[2];[2]
869987889282777088;[ 0.93994074];[2];[2]
870011073973202945;[ 1.47745176];[2];[2]
869699856549519365;[ 1.38542568];[2];[2]
870011078754934786;[ 1.31227447];[2];[2]
870011083637051393;[ 1.6692558];[2];[2]
869982816603394051;[ 1.21889414];[2];[2]
870007159609847808;[ 1.14899922];[2];[2]
870011090113110017;[ 1.45883371];[2];[2]
870004968299929601;[ 1.58002316];[2];[2]
869989427379978240;[ 1.42493006];[2];[1]
870011097612341248;[ 1.68668149];[2];[1]
869959829179162624;[ 1.75132712];[2];[2]
869870682695401472;[ 1.64441143];[2];[2]
870011103543050240;[ 1.86775659];[2];[2]
870011103253676032;[ 1.63965149];[2];[2]
870011108240887808;[ 1.12512935];[2];[2]
870011109922746370;[ 1.39459031];[2];[2]
870011111591915520;[ 1.38067709];[2];[2]
467048612598267904;[ 1.37432667];[2];[2]
868561964343099393;[ 1.47654192];[2];[2]
870011116667064320;[ 1.39617383];[2];[2]
870005353748066304;[ 1.51230471];[2];[2]
870011121251393536;[ 1.35803088];[2];[2]
870011121188487168;[ 1.45980154];[2];[2]
870011122027573250;[ 1.74526008];[2];[2]
870011121985507328;[ 1.70789217];[2];[2]
870011130013405184;[ 1.71622016];[2];[2]
859992158509703169;[ 1.36804917];[2];[2]
848702029857824768;[ 1.63977708];[2];[2]
869918962993311744;[ 1.41496955];[2];[2]
869842921536839680;[ 1.88239621];[2];[2]
870011140247519232;[ 1.53477236];[2];[2]
870011140490674176;[ 1.75091524];[2];[2]
870010791965196289;[ 1.25127297];[2];[2]
870011146899660800;[ 1.36772638];[2];[2]
870011151073005568;[ 1.28572864];[2];[2]
870011152801058817;[ 1.77423583];[2];[1]
870011151899176960;[ 1.27201073];[2];[2]
870011156131270656;[ 1.46186659];[2];[2]
870009740465590272;[ 0.98279503];[2];[2]
870011159558070272;[ 1.73432179];[2];[2]
865662181999747072;[ 1.56445225];[2];[2]
869972279752409088;[ 1.3330198];[2];[2]
869963287617617922;[ 1.62430732];[2];[2]
870011170203156480;[ 1.18441805];[2];[2]
870011171952140288;[ 1.31274018];[2];[2]
870010748243591169;[ 1.77459795];[2];[2]
868633428060667904;[ 1.72478194];[2];[2]
870011175962103812;[ 1.40566784];[2];[2]
869668392206299139;[ 1.57431272];[2];[2]
869955990422204422;[ 1.40830581];[2];[2]
870011182739898368;[ 1.69932802];[2];[2]
870011185793384448;[ 1.81671476];[2];[2]
870011187936636928;[ 1.34542781];[2];[2]
861513521900777472;[ 1.62672968];[2];[2]
870011191611060224;[ 1.44831377];[2];[2]
870011192047132672;[ 1.62384172];[2];[2]
869948468411879424;[ 1.7378767];[2];[2]
870011199081115648;[ 1.47182437];[2];[2]
870004822019264513;[ 1.56091275];[2];[2]
870011201182355456;[ 1.49922665];[2];[2]
869995978178285569;[ 1.60962146];[2];[2]
869991480823234560;[ 1.95262254];[2];[2]
869701597957308417;[ 1.89942634];[2];[2]
870011208220397568;[ 1.72741776];[2];[2]
870011210841825280;[ 1.30224256];[2];[2]
862587517064884224;[ 1.69959835];[2];[2]
760679669385396224;[ 1.61395838];[2];[2]
869948529892102145;[ 1.76753282];[2];[2]
870011214016856064;[ 1.37774961];[2];[2]
869834628659638272;[ 1.79912552];[2];[2]
870011221856186368;[ 1.14046018];[2];[2]
870011224364204032;[ 1.61049905];[2];[2]
870011223307198464;[ 1.700887];[2];[2]
870011226520244224;[ 1.34775195];[2];[2]
870009747528757248;[ 1.03024196];[2];[2]
870011230500638720;[ 1.58408971];[2];[2]
870011231691653120;[ 1.72344963];[2];[2]
870011233713434624;[ 1.49937578];[2];[2]
870011238465511424;[ 1.63528944];[2];[2]
870011239925198848;[ 1.96095304];[2];[2]
870011239195332608;[ 1.67046381];[2];[2]
870010613153488897;[ 1.41644953];[2];[2]
870011244916469760;[ 1.72941744];[2];[2]
870011245268680704;[ 1.162974];[2];[2]
869983072455761921;[ 1.7449171];[2];[2]
870011255284748289;[ 1.07560287];[2];[2]
870011254290698241;[ 1.46265857];[2];[2]
870011252096909312;[ 1.40634611];[2];[2]
866020098653474816;[ 1.51612518];[2];[2]
870011260343001089;[ 1.74741619];[2];[2]
869615862944333824;[ 1.78936885];[2];[2]
870011263212019714;[ 1.30658607];[2];[2]
870011263752982528;[ 1.58723592];[2];[2]
870011264210268160;[ 1.27242344];[2];[2]
870011265002999811;[ 1.47758443];[2];[2]
869912508412432385;[ 0.88363955];[2];[2]
869632449545949184;[ 1.26634973];[2];[2]
870011268924456960;[ 1.63171738];[2];[2]
869977058121854978;[ 1.61420159];[2];[2]
870011270107365376;[ 1.25018576];[2];[2]
870011272942596096;[ 1.60669258];[2];[2]
869657196006604800;[ 1.64490855];[2];[2]
869618761149681664;[ 1.42173475];[2];[2]
870011278328291328;[ 1.34302177];[2];[2]
870010481783787521;[ 1.63748797];[2];[2]
870011281746444289;[ 1.70197755];[2];[2]
870011282182754304;[ 1.89237411];[2];[2]
869952643262795776;[ 1.51059801];[2];[2]
870011285357776897;[ 1.52148494];[2];[2]
869962606387359744;[ 1.28402135];[2];[2]
870009973408899072;[ 1.83171862];[2];[2]
870011289208201216;[ 1.54786009];[2];[2]
870011289246019584;[ 1.44710595];[2];[2]
870011290697162752;[ 1.33602602];[2];[2]
870011290156060672;[ 1.80154875];[2];[2]
870011294107148288;[ 1.44101719];[2];[2]
870011299597602816;[ 1.56396873];[2];[2]
870011300369227776;[ 1.31873132];[2];[2]
870011301845549056;[ 1.20137484];[2];[2]
870011303255052288;[ 1.52830939];[2];[2]
869891427299467264;[ 1.48411437];[2];[2]
870011309344948224;[ 1.51232997];[2];[2]
870011311240773632;[ 1.73631918];[2];[2]
870011320912953345;[ 1.64305592];[2];[2]
870011322351722497;[ 1.32465928];[2];[2]
870011322548858880;[ 1.45214122];[2];[2]
870011327812702208;[ 1.20259562];[2];[2]
869799254319083520;[ 1.85073542];[2];[2]
870011330085793792;[ 1.4311206];[2];[2]
870011330618687488;[ 1.27507076];[2];[2]
870011332296187905;[ 1.4622266];[2];[2]
870011332501815297;[ 1.31441636];[2];[2]
870011333475008512;[ 1.76844536];[2];[2]
870011335127351296;[ 1.34424317];[2];[2]
869981287087460352;[ 1.11234322];[2];[2]
869948142506168320;[ 1.49542215];[2];[2]
869958685572964352;[ 1.83134902];[2];[2]
870011338164129792;[ 1.05974617];[2];[2]
870010701296812032;[ 1.60067774];[2];[2]
870011346015965184;[ 1.23548243];[2];[2]
870005618886692864;[ 1.53826059];[2];[2]
869957913661648896;[ 1.73762517];[2];[2]
870011354819706880;[ 1.5717532];[2];[2]
870010336778366976;[ 1.46389703];[2];[2]
870011358531604480;[ 1.05547278];[2];[2]
869992092097015808;[ 1.53517092];[2];[2]
870011361773989892;[ 1.31824618];[2];[2]
870011362889650176;[ 1.46789072];[2];[2]
870011362897870848;[ 1.21520374];[2];[2]
870011363539558400;[ 1.28459525];[2];[2]
870011375665512448;[ 1.36455778];[2];[2]
869839977781354496;[ 1.65330165];[2];[2]
870011378798665728;[ 1.51496786];[2];[2]
870011378253221890;[ 1.33212724];[2];[2]
869963221947621377;[ 1.89870891];[2];[2]
870003085103452160;[ 1.73790089];[2];[2]
870011384020426753;[ 1.39486701];[2];[2]
870005776231919616;[ 1.3270579];[2];[2]
870011386562306048;[ 1.12473897];[2];[2]
870011390009917440;[ 1.6036093];[2];[2]
869997378123833345;[ 1.13248934];[2];[1]
870011389967867904;[ 1.5834389];[2];[2]
870011392140509184;[ 1.43196651];[2];[2]
870011393352753152;[ 1.64709729];[2];[2]
866507603614027778;[ 1.64288922];[2];[2]
870011401611481088;[ 1.66887375];[2];[2]
870011406459953153;[ 1.2684103];[2];[2]
869576105942036480;[ 1.83660997];[2];[2]
845809708694978560;[ 1.86076836];[2];[2]
870011412768149504;[ 1.51636351];[2];[2]
870001287827300352;[ 1.39675615];[2];[2]
870011424743075842;[ 1.45935105];[2];[2]
870011424625442816;[ 0.88003132];[2];[2]
870011426051678208;[ 1.36735172];[2];[2]
870011427096064004;[ 1.66382134];[2];[2]
870002944313143296;[ 1.07781794];[2];[2]
867465893378478082;[ 1.23824015];[2];[2]
870011436189204481;[ 1.50601629];[2];[2]
869832538855952384;[ 1.63347737];[2];[2]
869977277500723200;[ 1.45545029];[2];[2]
870011438412177408;[ 1.29857027];[2];[2]
870011440261988356;[ 1.34673828];[2];[2]
869948379647754240;[ 1.87258194];[2];[2]
668554196937912321;[ 1.79814452];[2];[2]
870011441562210306;[ 1.45561245];[2];[2]
870011441369169923;[ 1.71865085];[2];[2]
867953444308439040;[ 1.18270488];[2];[2]
870009085512622082;[ 1.06492047];[2];[2]
870011448197488644;[ 1.9324549];[2];[2]
870011447023083520;[ 1.48459848];[2];[2]
870011451876020224;[ 2.04897146];[2];[2]
870011457684987904;[ 1.40377163];[2];[2]
870011458414718976;[ 1.2584933];[2];[2]
870011459228631040;[ 1.78858843];[2];[2]
870008911679504384;[ 1.74339813];[2];[2]
870011468934197248;[ 1.84238566];[2];[2]
870010791969394688;[ 1.61348743];[2];[2]
869761881959014400;[ 1.69744207];[2];[2]
869930563527946241;[ 1.58294056];[2];[2]
870011479465967616;[ 1.71506724];[2];[2]
869948505292394496;[ 1.81628258];[2];[2]
869803207458947072;[ 1.4976988];[2];[2]
869936094833410048;[ 1.67140288];[2];[2]
869840895503454209;[ 1.38112481];[2];[2]
870011495433633792;[ 1.77474879];[2];[2]
870011495492362240;[ 1.58552791];[2];[2]
870011496482447360;[ 1.96755983];[2];[2]
870011496801193984;[ 1.49766408];[2];[2]
870011499149787136;[ 1.50582121];[2];[2]
870011499531485184;[ 1.27960064];[2];[2]
870011504761880576;[ 1.43924113];[2];[2]
870011507815325696;[ 1.7846586];[2];[2]
870005256486244352;[ 1.67107561];[2];[2]
870011512651476992;[ 1.50161254];[2];[2]
870011515704754182;[ 1.29090872];[2];[2]
870005688252203008;[ 1.39322231];[2];[2]
869994916943806464;[ 1.2447152];[2];[2]
870011522042298370;[ 1.52409517];[2];[2]
870011522025574400;[ 1.34902225];[2];[2]
870011524139569153;[ 1.07818103];[2];[2]
870008376872189953;[ 1.59145493];[2];[2]
869833326516940801;[ 1.46672852];[2];[2]
870011528467980288;[ 1.98810605];[2];[2]
870011529386577920;[ 1.64886843];[2];[2]
869931308717395972;[ 1.65489118];[2];[2]
870011533547495424;[ 1.34316578];[2];[2]
870011539037851648;[ 1.34196711];[2];[2]
869758899850752000;[ 1.80646981];[2];[2]
866998152188100608;[ 1.26891941];[2];[2]
870001113025478656;[ 1.42644214];[2];[2]
870011541835436032;[ 1.47812633];[2];[2]
870011543148085248;[ 1.19912674];[2];[2]
870011543647207424;[ 1.42785836];[2];[2]
870011544632934402;[ 1.72273888];[2];[2]
870011549003292673;[ 1.27553029];[2];[2]
870010803503550465;[ 1.58513563];[2];[2]
870011558272929793;[ 1.53317737];[2];[2]
870011560479117313;[ 2.1063863];[2];[2]
870011560898551809;[ 1.74024161];[2];[2]
870011560629944321;[ 1.48088063];[2];[2]
870011562811170816;[ 1.46199427];[2];[2]
869982324179451905;[ 1.74604397];[2];[2]
870009579446218752;[ 1.46694406];[2];[2]
870005461239701509;[ 1.70266453];[2];[2]
870011575049928705;[ 1.61224042];[2];[2]
869963475061264384;[ 1.19417768];[2];[2]
869843300269817856;[ 1.64224083];[2];[2]
870011577751093248;[ 1.43673095];[2];[2]
870011577784782848;[ 1.54988133];[2];[2]
869764010626789376;[ 1.51796556];[2];[2]
870011585644941313;[ 1.10378869];[2];[2]
870011586487885824;[ 1.67841493];[2];[2]
870011588421529604;[ 1.35094254];[2];[2]
869921235987312640;[ 1.2371462];[2];[2]
870011592863211520;[ 1.4288632];[2];[2]
870009536727461889;[ 1.55404077];[2];[2]
870011594905976833;[ 1.27175848];[2];[2]
870011595639750656;[ 1.6723599];[2];[2]
870011596050804736;[ 1.60492277];[2];[2]
869996957057638400;[ 1.6041206];[2];[2]
870000002734501888;[ 1.40341273];[2];[2]
870011600823910400;[ 1.91039076];[2];[2]
870011600731742208;[ 1.59814132];[2];[2]
870011604124839936;[ 1.28996766];[2];[2]
869994456367243264;[ 1.40022826];[2];[1]
869950096955236352;[ 1.65518866];[2];[2]
870011606771523584;[ 1.41862377];[2];[2]
870011608809865217;[ 1.20480995];[2];[2]
870011611368505345;[ 1.48133925];[2];[2]
870011611666423813;[ 1.28142694];[2];[2]
869963831312863233;[ 0.9873036];[2];[2]
870011613587308544;[ 1.51467569];[2];[2]
870011613629173760;[ 1.80440274];[2];[2]
869910432378761216;[ 1.68759057];[2];[2]
870011615726280705;[ 1.29647192];[2];[2]
869917099958960128;[ 1.70904279];[2];[2]
870011621103382528;[ 1.27032454];[2];[2]
869999209549660161;[ 1.7385136];[2];[2]
870010049237729280;[ 1.71185014];[2];[2]
870011626220433408;[ 1.61596666];[2];[2]
864222848285634561;[ 1.54823606];[2];[2]
869973062669742080;[ 1.43985719];[2];[2]
870011637385658368;[ 2.07168195];[2];[2]
869671747670364160;[ 1.64505396];[2];[2]
862470602938101762;[ 1.4952463];[2];[2]
870011647087198208;[ 1.29008431];[2];[2]
870010338959269888;[ 1.43142379];[2];[2]
867173816757301248;[ 1.39775591];[2];[2]
870011656251645952;[ 1.28317482];[2];[2]
869886471892856832;[ 2.04158678];[2];[2]
870011657606447105;[ 1.56915321];[2];[2]
869928009456697344;[ 1.87007335];[2];[2]
870011661905575936;[ 1.39733639];[2];[2]
870011667048001540;[ 1.33665314];[2];[2]
870011669639946241;[ 1.38075701];[2];[2]
870011670550134784;[ 1.36708307];[2];[2]
862494400471019520;[ 1.24532837];[2];[2]
870011675172384770;[ 1.23429973];[2];[2]
691001262192472064;[ 1.26466751];[2];[2]
870011691781824516;[ 1.27317284];[2];[2]
869970828779061248;[ 1.10797911];[2];[2]
870010551237304320;[ 1.85786105];[2];[2]
869984465656926210;[ 1.417754];[2];[2]
869937979619516416;[ 1.38939182];[2];[2]
870011705211985920;[ 1.23910953];[2];[2]
870011705937592320;[ 1.60462326];[2];[2]
870011708617740289;[ 1.49625841];[2];[2]
870011708307365888;[ 1.45923707];[2];[2]
870011715684925440;[ 1.20561487];[2];[2]
868497050115158016;[ 1.46659539];[2];[2]
870011719094894593;[ 1.35157766];[2];[2]
869925030301503490;[ 1.55659993];[2];[2]
870011720906883073;[ 1.54310116];[2];[2]
870011725898285056;[ 1.20140593];[2];[2]
870011732906827776;[ 1.61847397];[2];[2]
870011742209921026;[ 1.59070632];[2];[2]
869989861322670080;[ 1.54915274];[2];[2]
870011742998245376;[ 1.29598638];[2];[2]
870010323268325376;[ 1.96117652];[2];[2]
870008762190381056;[ 1.51442157];[2];[2]
870011747192758272;[ 1.71777304];[2];[2]
870011759385395200;[ 1.79813346];[2];[2]
870011760325124096;[ 1.67453553];[2];[2]
870011762170515456;[ 1.57643704];[2];[2]
870011768298491904;[ 1.83338492];[2];[2]
870011777278279681;[ 1.31893637];[2];[2]
868456796901584900;[ 1.51273385];[2];[2]
869946626814521345;[ 1.15904091];[2];[2]
870011786547798016;[ 1.5700864];[2];[2]
870011790310166529;[ 1.56521119];[2];[2]
868526847474237443;[ 1.44805457];[2];[2]
870011795347447808;[ 1.4039615];[2];[2]
870011795737460737;[ 1.31975041];[2];[2]
870010508321202177;[ 1.57288214];[2];[2]
870011797109055488;[ 1.78853524];[2];[2]
870011799248265217;[ 1.78499848];[2];[2]
869671009057554436;[ 1.22398223];[2];[2]
870008265169448963;[ 1.08234106];[2];[2]
870011803027329025;[ 1.19571955];[2];[2]
870011803396341760;[ 1.64989843];[2];[2]
870010817122639872;[ 1.40555075];[2];[2]
870011806433128452;[ 1.42394978];[2];[2]
870011807393488896;[ 1.78286923];[2];[2]
870010735723556864;[ 1.77777146];[2];[2]
870011540803596289;[ 1.40587327];[2];[2]
870011814637060097;[ 1.52963899];[2];[2]
870011817929715712;[ 1.32175854];[2];[2]
870011821813399552;[ 1.73078533];[2];[2]
869898514045837313;[ 1.44181811];[2];[1]
870011824028217345;[ 1.795599];[2];[2]
870011823952613377;[ 1.79536277];[2];[2]
870011824351072256;[ 1.79246063];[2];[2]
870011825097592833;[ 1.80145353];[2];[2]
870011826918084609;[ 1.1889307];[2];[2]
870011827547131904;[ 1.62871158];[2];[2]
870011828574633985;[ 1.68912761];[2];[2]
870011835558363136;[ 1.42686811];[2];[2]
870011835705118721;[ 1.70621184];[2];[2]
869837194793541632;[ 1.48393576];[2];[2]
870011839723294720;[ 1.64806859];[2];[2]
870011840935464960;[ 1.4352755];[2];[2]
870011846564212740;[ 1.62956099];[2];[2]
870011851781750784;[ 1.45374132];[2];[2]
868187311665803264;[ 1.9004638];[2];[2]
869947304698150913;[ 1.50156902];[2];[2]
866603946210734080;[ 1.41915969];[2];[2]
870011870480015361;[ 1.84386993];[2];[2]
869988581649010688;[ 1.47671729];[2];[2]
870011871448805376;[ 1.54814577];[2];[2]
870011873059405825;[ 1.45780623];[2];[2]
870011874061963265;[ 1.35674053];[2];[2]
870011881225715712;[ 1.40359813];[2];[2]
870011881544589317;[ 1.45473087];[2];[2]
870010620602658816;[ 1.84751474];[2];[2]
870010877726138369;[ 1.16541408];[2];[2]
870011891611049984;[ 1.29651406];[2];[2]
870011407818936320;[ 1.74255537];[2];[2]
870011893376798720;[ 1.27345284];[2];[2]
870011895272488961;[ 1.28322175];[2];[2]
869968824182874113;[ 1.88556377];[2];[2]
870011897352863744;[ 1.32183696];[2];[2]
869984968017104903;[ 1.3655658];[2];[2]
859851305069584384;[ 1.56885679];[2];[2]
870011905913573377;[ 1.54076045];[2];[2]
870011911655403520;[ 1.5916721];[2];[2]
868599426318835712;[ 1.50762608];[2];[2]
869858141562949632;[ 1.47105014];[2];[2]
870011923491807232;[ 1.60315862];[2];[2]
869586772031934468;[ 1.21176289];[2];[2]
870011928747233280;[ 1.38818724];[2];[2]
870007390548107264;[ 1.76574648];[2];[2]
869954313342332930;[ 1.48096739];[2];[2]
870011930680844288;[ 1.52026272];[2];[2]
869404061409390592;[ 1.22667602];[2];[2]
870011938201190400;[ 1.54474951];[2];[2]
870011945512038400;[ 1.42175976];[2];[2]
869954410792665088;[ 1.79793944];[2];[2]
869940652892708864;[ 1.63006586];[2];[2]
870011953376251904;[ 1.5008633];[2];[2]
838396336793866240;[ 1.59482089];[2];[2]
870011956769566720;[ 1.31627487];[2];[2]
870011961660059649;[ 1.62026926];[2];[2]
870009879120969728;[ 1.77136425];[2];[2]
870011964520517632;[ 1.56157881];[2];[2]
870011966307287040;[ 1.49851751];[2];[2]
870011964243574784;[ 1.42002406];[2];[2]
870011966814683136;[ 1.67859621];[2];[2]
870011969058766849;[ 1.56617599];[2];[2]
870011971969490944;[ 1.47770694];[2];[2]
869911541188919296;[ 1.4393621];[2];[2]
869531784010231808;[ 1.67394977];[2];[2]
870011981624885248;[ 1.61487494];[2];[2]
869988008879050752;[ 1.56595219];[2];[2]
870008818079592448;[ 0.97747158];[2];[2]
870000474484752384;[ 1.42912689];[2];[2]
870011988436439040;[ 1.27621481];[2];[2]
870011988620869632;[ 1.16074794];[2];[2]
870011990697164800;[ 1.30389885];[2];[2]
870011992974741508;[ 1.4278607];[2];[2]
870011993100611586;[ 1.44269081];[2];[2]
870011993196871680;[ 1.51018871];[2];[2]
870012000398606337;[ 1.68307547];[2];[2]
870012001484849153;[ 1.57296176];[2];[2]
870012006740439040;[ 1.50707307];[2];[2]
755481293153009664;[ 1.75540965];[2];[2]
870012011593306114;[ 1.52169905];[2];[2]
870012012075470848;[ 1.18852804];[2];[2]
870012013782724612;[ 1.65557811];[2];[2]
870012014042562560;[ 1.90294936];[2];[2]
870012013925220353;[ 1.56576267];[2];[2]
869990902944722944;[ 1.29766432];[2];[2]
864062772971229184;[ 1.68695685];[2];[2]
870012014625554432;[ 1.53119903];[2];[2]
870012017838497792;[ 1.63393374];[2];[2]
870012019218554880;[ 1.64721462];[2];[2]
870012020178829313;[ 1.55653588];[2];[2]
870012020078202880;[ 1.62170823];[2];[2]
870010145173938176;[ 1.40313455];[2];[2]
870012024293474304;[ 1.50087696];[2];[2]
870012025098850304;[ 1.31481542];[2];[2]
870012026562777089;[ 1.41496711];[2];[2]
870012026772492288;[ 1.44977704];[2];[2]
870012026936012801;[ 1.42100403];[2];[2]
869980777525555201;[ 1.97603703];[2];[2]
870012028986867713;[ 1.16274047];[2];[2]
870012030446583808;[ 1.46286452];[2];[2]
870012030870106113;[ 1.25843609];[2];[2]
870012033474809857;[ 1.84516553];[2];[2]
870012037027422209;[ 1.35836805];[2];[2]
869283054115749888;[ 1.79999279];[2];[2]
870000370725953537;[ 1.78519379];[2];[2]
870012038390714369;[ 1.36954968];[2];[2]
870012042140319744;[ 1.18814983];[2];[2]
869963917744885766;[ 1.43109836];[2];[2]
870012046435377158;[ 1.87167382];[2];[2]
869980829899825152;[ 1.69580156];[2];[2]
870012056765952000;[ 1.58878848];[2];[2]
870012058242228224;[ 1.36953084];[2];[2]
870010855567400960;[ 1.80455171];[2];[2]
869773709573332992;[ 1.54158407];[2];[2]
870012060234432512;[ 1.41809811];[2];[2]
844400214047952896;[ 1.48690478];[2];[2]
870012064345071616;[ 1.58489983];[2];[2]
870012067243204608;[ 1.41522911];[2];[2]
870012069252345856;[ 1.41523067];[2];[2]
870012080337723392;[ 1.41249281];[2];[2]
869959936356171777;[ 1.69248058];[2];[2]
870005891034042369;[ 1.39443421];[2];[2]
870012087271120896;[ 1.43918281];[2];[2]
870012088332148737;[ 1.36837265];[2];[2]
868878468066537475;[ 1.77292787];[2];[2]
870010778283266049;[ 1.43965849];[2];[2]
870012089082970113;[ 1.53391009];[2];[2]
869557827467169797;[ 2.01279644];[2];[2]
870005386077552640;[ 1.56879014];[2];[2]
870012096204775424;[ 1.3700237];[2];[2]
870012096339161088;[ 1.74502009];[2];[1]
870000698854748160;[ 1.60716482];[2];[2]
869990737915641856;[ 1.57012735];[2];[2]
870012101200420864;[ 1.37096342];[2];[2]
870012102718652417;[ 1.59390178];[2];[2]
870010849846378500;[ 1.83807567];[2];[2]
870012111577120769;[ 1.83010045];[2];[2]
870012111304380416;[ 1.46101041];[2];[2]
870012112898228226;[ 1.83718168];[2];[2]
870012114278252544;[ 1.39005469];[2];[2]
869991189126279168;[ 2.13429828];[2];[2]
870012118422011905;[ 1.83236774];[2];[2]
870012118824660992;[ 1.65533325];[2];[2]
870012122477977600;[ 1.62936316];[2];[2]
869976015891726336;[ 1.21454063];[2];[2]
870012126500458497;[ 1.39145832];[2];[2]
870012125783048192;[ 1.57748307];[2];[2]
870012128073330689;[ 1.87816001];[2];[1]
870004793070166016;[ 1.68494118];[2];[2]
870012132632350720;[ 1.46182708];[2];[2]
869762976521342976;[ 1.66746107];[2];[2]
870012140039450625;[ 1.3783737];[2];[2]
869695670403387392;[ 1.77796387];[2];[2]
870009792760127488;[ 1.12415662];[2];[2]
870012143617298433;[ 1.71469236];[2];[2]
870012145227800577;[ 1.37451452];[2];[2]
870012145953525760;[ 1.5512714];[2];[2]
869888464178860033;[ 1.51053668];[2];[2]
870012155214446592;[ 1.29479611];[2];[2]
870012158091735040;[ 1.5964126];[2];[2]
870012172272889856;[ 1.49655626];[2];[2]
870012190400561154;[ 1.38410511];[2];[2]
870010066384105472;[ 1.87453158];[2];[2]
870012036008235008;[ 1.79126942];[2];[2]
870012201460940800;[ 1.4399818];[2];[2]
870012202320883713;[ 1.7699245];[2];[2]
870012206754275330;[ 1.77525259];[2];[2]
870012210453598208;[ 1.61994491];[2];[2]
869954294027603969;[ 1.51229137];[2];[2]
869911715428786176;[ 1.39526325];[2];[1]
870009042214817792;[ 1.70799782];[2];[2]
834095909197709314;[ 1.87200654];[2];[2]
858978843218063361;[ 1.47656715];[2];[2]
869857893331369984;[ 1.56919752];[2];[2]
870012227255910400;[ 1.65159577];[2];[2]
870012228057014272;[ 1.53086314];[2];[2]
870012228900016128;[ 1.56645584];[2];[2]
870012231638933504;[ 1.34103981];[2];[2]
870012235682385921;[ 1.7731059];[2];[1]
869152516445007872;[ 1.40674975];[2];[2]
870012239817973760;[ 1.90279536];[2];[2]
870012245362606080;[ 1.33385175];[2];[2]
870012244746043392;[ 1.67647551];[2];[2]
870012248072175617;[ 1.75626538];[2];[2]
870012250110689282;[ 1.4257417];[2];[2]
869534207432904706;[ 1.76505624];[2];[2]
870012256796454912;[ 1.40107453];[2];[2]
870004849152098304;[ 1.56402278];[2];[2]
868688240181739520;[ 1.81416905];[2];[2]
870012262936829952;[ 1.04757842];[2];[2]
870010852971249664;[ 1.69379438];[2];[2]
870012264564371461;[ 1.48514062];[2];[2]
870012267466805248;[ 1.45239276];[2];[2]
868077878377930752;[ 1.49246362];[2];[2]
870012267764383744;[ 1.55862836];[2];[2]
870012272332070912;[ 1.46485126];[2];[2]
870012276027392004;[ 1.27912256];[2];[2]
870012276891295745;[ 1.46379605];[2];[2]
870012279319781376;[ 1.37111634];[2];[2]
870012280133439489;[ 1.28877204];[2];[2]
870012280817233920;[ 1.74309044];[2];[2]
870012280842342400;[ 1.40171104];[2];[2]
870012284004859905;[ 1.5882003];[2];[2]
870012284566949888;[ 1.87794456];[2];[2]
870012291076333568;[ 1.15938581];[2];[2]
870012293207138304;[ 1.5735111];[2];[1]
822534364324098050;[ 1.24601677];[2];[2]
870012294713008129;[ 1.42153727];[2];[2]
870012294876549124;[ 1.40878115];[2];[2]
870012297485451264;[ 1.62718463];[2];[2]
870012297317675009;[ 1.42558214];[2];[2]
870012297162366976;[ 1.19122025];[2];[2]
870012303311335425;[ 1.91799995];[2];[2]
870012302812078080;[ 1.5319988];[2];[2]
870012309078396929;[ 1.39420697];[2];[2]
870012307862114305;[ 1.47638923];[2];[2]
870012313629339648;[ 1.57570202];[2];[2]
870012314803744769;[ 1.43349088];[2];[1]
868924993383616512;[ 1.32997447];[2];[2]
869999477662244865;[ 1.41964585];[2];[2]
870012314178600961;[ 1.23152377];[2];[2]
869992481756020736;[ 1.50485334];[2];[2]
870012319010496513;[ 1.70237396];[2];[2]
856561592762159104;[ 1.71385602];[2];[2]
869676324008460289;[ 1.58472583];[2];[2]
868549758893346817;[ 1.33827016];[2];[2]
870010244860194818;[ 1.61210053];[2];[2]
870012324261777408;[ 1.89848789];[2];[2]
869901515686895616;[ 1.52641862];[2];[2]
870012332457566208;[ 1.78579507];[2];[2]
870012332289671168;[ 1.43045236];[2];[2]
870012334940475393;[ 1.6639914];[2];[2]
870012336177860610;[ 1.16566699];[2];[2]
870012339394891776;[ 1.35467421];[2];[2]
869998763028475905;[ 1.17652933];[2];[2]
870012344591568896;[ 1.40769056];[2];[2]
870012345208197120;[ 1.2575925];[2];[2]
869938264962105344;[ 1.44821115];[2];[2]
870012346638270464;[ 1.34673838];[2];[2]
870012350434131968;[ 1.57233104];[2];[2]
870012350941638656;[ 1.55784403];[2];[2]
870012354444001281;[ 1.28151798];[2];[2]
870012354838134785;[ 1.49820295];[2];[2]
870010792216637440;[ 1.61058074];[2];[2]
870012361469378560;[ 1.05356221];[2];[2]
869998616986898433;[ 1.11247537];[2];[2]
870012363608539136;[ 1.99098088];[2];[2]
870012364069912576;[ 1.94404189];[2];[2]
869230197572349952;[ 1.31327491];[2];[2]
870002689714802688;[ 1.78228847];[2];[2]
870012364946460676;[ 1.43875202];[2];[2]
870004631375564800;[ 1.47319903];[2];[2]
866378445231718402;[ 1.36885766];[2];[2]
870006842075734016;[ 1.53437622];[2];[2]
870012370935926784;[ 1.83313536];[2];[2]
870012372529950722;[ 1.34678386];[2];[2]
869975115014053888;[ 1.47007213];[2];[2]
870012377768628225;[ 1.10599032];[2];[2]
870012378749870080;[ 1.15327169];[2];[2]
870012385498509312;[ 1.70608444];[2];[2]
870012386136150016;[ 1.72133875];[2];[2]
866099462372024325;[ 1.87780889];[2];[2]
870012386580635652;[ 1.45295632];[2];[2]
870012391651655680;[ 1.2369058];[2];[2]
870012394600189952;[ 1.16240896];[2];[2]
870012395585806336;[ 1.39190509];[2];[2]
870012397666189312;[ 1.42216117];[2];[2]
862501685398208512;[ 1.18418646];[2];[2]
870012401571201024;[ 1.79887054];[2];[2]
870012405883043841;[ 1.75093622];[2];[2]
870012406377984001;[ 1.33916252];[2];[2]
869886860452954112;[ 1.32751363];[2];[2]
869794269258805248;[ 1.5444465];[2];[2]
870012412816011266;[ 1.4025165];[2];[2]
870012420667744256;[ 1.34179901];[2];[2]
870012426309300226;[ 1.64815013];[2];[2]
869928136263127040;[ 1.50452577];[2];[2]
870012434190172161;[ 1.74165659];[2];[2]
870012437348614144;[ 1.73799073];[2];[2]
870012437935800320;[ 1.41599361];[2];[2]
870012440892907520;[ 1.24982195];[2];[2]
870012443463954434;[ 1.65827588];[2];[2]
869999369629556736;[ 1.60955401];[2];[2]
870012447914168320;[ 1.79073965];[2];[2]
870012448979525632;[ 1.98690623];[2];[2]
749842939392561152;[ 1.33304805];[2];[2]
870012453890908160;[ 1.29428928];[2];[2]
870012456835448832;[ 1.59700852];[2];[2]
870007375360651264;[ 1.62339229];[2];[2]
869870708955983872;[ 1.53996615];[2];[2]
868338704301015041;[ 1.44850153];[2];[2]
870012469984538624;[ 1.79226715];[2];[2]
869995178215567362;[ 1.25563812];[2];[2]
869946772554231809;[ 1.50247516];[2];[1]
870006980588515328;[ 1.32173946];[2];[2]
870012476112482304;[ 1.83075051];[2];[2]
870012479790874624;[ 1.39481303];[2];[2]
870012482626109440;[ 1.27485417];[2];[2]
868484466620211201;[ 1.72735185];[2];[2]
870012484563939329;[ 1.67911625];[2];[1]
870012485335564292;[ 1.70284185];[2];[2]
870012485264441344;[ 1.43887779];[2];[2]
870012487667789824;[ 1.55439192];[2];[2]
869900791359967235;[ 1.25855351];[2];[2]
869807856324923392;[ 1.77929546];[2];[2]
870012507938619392;[ 1.46844433];[2];[2]
870012517333876736;[ 1.4796528];[2];[2]
870012517497663488;[ 1.68450697];[2];[2]
820743610769424384;[ 1.46379444];[2];[2]
870012518390874112;[ 1.87980783];[2];[2]
799283552374296576;[ 1.04173164];[2];[2]
870012520395821056;[ 1.4955544];[2];[2]
870012520597135360;[ 1.58556735];[2];[2]
870012523054899200;[ 1.81216792];[2];[2]
870012523902377984;[ 1.94112113];[2];[2]
870012523373711363;[ 1.40152808];[2];[2]
870012528436404224;[ 1.56981442];[2];[2]
870012531665797120;[ 1.42885408];[2];[2]
869998991055831040;[ 1.16428228];[2];[2]
870012533708435456;[ 1.84825404];[2];[2]
870012537286406145;[ 1.29286804];[2];[2]
870012536468389888;[ 1.44493144];[2];[2]
869748026297827329;[ 1.55004488];[2];[2]
870012539391721472;[ 1.4273189];[2];[2]
870012541056933888;[ 1.29408759];[2];[2]
870012546924687360;[ 1.06746521];[2];[2]
870012549185519619;[ 1.25913099];[2];[2]
870012549885943809;[ 1.418124];[2];[2]
869792150376067072;[ 1.21583938];[2];[2]
809400511405367296;[ 1.45520054];[2];[2]
870012564247388160;[ 1.69446621];[2];[2]
870012565828415492;[ 1.56547331];[2];[2]
870012566658891776;[ 1.38387042];[2];[2]
870012569200861184;[ 1.40374687];[2];[2]
870012570265993216;[ 1.50433304];[2];[2]
870012573256691712;[ 1.41048559];[2];[2]
868077146006269952;[ 1.63262766];[2];[2]
870012578717728769;[ 1.51461298];[2];[2]
870012580495896576;[ 1.39635571];[2];[2]
870012582903635968;[ 1.85646987];[2];[2]
870012584396603393;[ 1.94530513];[2];[2]
866783208884625409;[ 1.20711254];[2];[2]
870012589715013632;[ 1.39215095];[2];[2]
870012591237509120;[ 1.40366186];[2];[2]
870012595310215168;[ 1.57492174];[2];[2]
869999635796033536;[ 1.56112509];[2];[2]
870012596862287877;[ 1.77243607];[2];[1]
870012596841271297;[ 1.2720972];[2];[2]
870012600481759232;[ 1.21578839];[2];[2]
870012603786944512;[ 1.07206312];[2];[2]
870012607507419138;[ 1.54495792];[2];[2]
870012607687675904;[ 1.58670083];[2];[2]
870012612699967488;[ 1.62829146];[2];[2]
870012618618150912;[ 1.55187782];[2];[2]
870012626046267392;[ 1.808638];[2];[1]
870012626411163649;[ 2.07953619];[2];[2]
869888377507778560;[ 1.67185129];[2];[2]
870012629514821633;[ 1.17970808];[2];[2]
870012630500429825;[ 1.64317231];[2];[2]
870012635051417601;[ 1.30730231];[2];[2]
870012638712942592;[ 1.42316824];[2];[2]
870012639593680896;[ 1.47184811];[2];[2]
870012649051795457;[ 1.40418632];[2];[2]
870012649215369216;[ 1.43334258];[2];[2]
870004891145601031;[ 1.38060889];[2];[2]
869977213499617280;[ 1.57580503];[2];[2]
870012656081551360;[ 1.23956392];[2];[2]
870012658610651136;[ 1.72438184];[2];[2]
870012667443855360;[ 1.52069119];[2];[2]
870012670254104576;[ 1.40153994];[2];[2]
870012673039138816;[ 1.26285733];[2];[2]
870012674381361152;[ 1.2593169];[2];[2]
870009391562543104;[ 1.01337976];[2];[2]
870012678554738688;[ 1.16695507];[2];[2]
866515045697679360;[ 1.47622154];[2];[2]
870012682740432896;[ 1.72218634];[2];[2]
870012691884032000;[ 1.94066653];[2];[2]
870012698410483715;[ 1.58670101];[2];[2]
870012701493403649;[ 1.57609153];[2];[2]
869916727278280706;[ 1.4584899];[2];[2]
869929856787558400;[ 1.7871689];[2];[2]
870009166248656896;[ 0.90344129];[2];[2]
860170336767279104;[ 1.39372907];[2];[2]
869504556975226880;[ 1.83159426];[2];[2]
870012710175617024;[ 1.20963092];[2];[2]
869992624815353857;[ 1.84731246];[2];[2]
870012712985673728;[ 1.38288708];[2];[2]
870012720065658880;[ 1.62049485];[2];[2]
870012721952997376;[ 1.31393769];[2];[2]
869991876350234624;[ 1.77618543];[2];[2]
760175619036635136;[ 1.78621504];[2];[2]
870012737946046469;[ 1.45174441];[2];[2]
870012744291962880;[ 1.02787839];[2];[2]
870012746263220225;[ 1.52622163];[2];[2]
870012751187386368;[ 1.39423887];[2];[2]
869832182646394881;[ 1.83087301];[2];[2]
870012754945613824;[ 1.54171004];[2];[2]
870012758363734017;[ 1.56232971];[2];[2]
868156549222588416;[ 1.37737569];[2];[2]
869859482943320064;[ 1.49062754];[2];[2]
870012760620453888;[ 1.50178282];[2];[2]
870012760763092992;[ 1.59476549];[2];[2]
870012760179920896;[ 1.59157158];[2];[2]
870012761438400517;[ 1.59111136];[2];[2]
868163378937810946;[ 1.74877129];[2];[2]
870012763367591937;[ 1.74223719];[2];[2]
870012224118472704;[ 1.52055064];[2];[2]
870012771454386178;[ 1.44480649];[2];[2]
870012774553755648;[ 1.43558209];[2];[2]
870012774398791680;[ 1.09341199];[2];[2]
870012777037012993;[ 1.56960556];[2];[2]
870012779784056832;[ 1.4410628];[2];[2]
869968041873952768;[ 1.64824439];[2];[2]
870012789561081856;[ 2.01637332];[2];[2]
866477590437130240;[ 1.53922741];[2];[2]
870009531501117440;[ 1.39128541];[2];[2]
870012792878780416;[ 1.82847351];[2];[2]
870012805113630720;[ 1.34489667];[2];[2]
866476798959374336;[ 1.64245335];[2];[2]
870012815934758913;[ 1.69597584];[2];[2]
870012816064782336;[ 1.46879097];[2];[2]
870012819080708096;[ 1.1745021];[2];[2]
870012817985949697;[ 1.56593745];[2];[2]
870012819693080576;[ 1.74995744];[2];[2]
870012818392625153;[ 1.57330359];[2];[2]
870012819160412160;[ 1.56445208];[2];[2]
870012819789430785;[ 1.56631526];[2];[2]
870012823249842176;[ 1.79607691];[2];[2]
870012320755273728;[ 1.24217656];[2];[2]
869871939858440193;[ 1.75635987];[2];[2]
859970325286662145;[ 1.63262939];[2];[2]
870012842325401600;[ 1.47049235];[2];[2]
870012845416738816;[ 1.81263832];[2];[2]
869680849297350656;[ 1.14521921];[2];[2]
870012849128603649;[ 1.45663202];[2];[2]
870012852236505089;[ 1.35006397];[2];[2]
870000721369980928;[ 1.49218073];[2];[2]
870012858611802112;[ 1.32499531];[2];[2]
870012859811471361;[ 1.84633075];[2];[2]
753705345197891584;[ 1.61937499];[2];[2]
870012865121468416;[ 1.44641747];[2];[2]
870012868803969025;[ 1.66584998];[2];[2]
870010571986411520;[ 1.91951424];[2];[2]
869735790624079872;[ 1.10606655];[2];[2]
870012875062030337;[ 1.28943272];[2];[2]
870012875120680960;[ 1.30064849];[2];[2]
870012878467629057;[ 1.83377313];[2];[2]
870012878677356544;[ 1.52292144];[2];[2]
869345935683448832;[ 1.83701659];[2];[2]
868954795415150593;[ 1.39958279];[2];[2]
870012882460725252;[ 1.81416455];[2];[2]
870012882146041856;[ 1.22002775];[2];[2]
698114976116912128;[ 1.71044546];[2];[2]
870012883257540608;[ 1.64055563];[2];[2]
870012884595613696;[ 1.86449754];[2];[2]
866016476452597761;[ 1.69188447];[2];[2]
869977536133963778;[ 1.51183809];[2];[2]
870012892002824192;[ 1.47688509];[2];[2]
870012892074127360;[ 1.20401078];[2];[2]
870012892678045696;[ 1.32009998];[2];[2]
870007338362703872;[ 1.53625886];[2];[2]
870012901708267520;[ 1.66679323];[2];[2]
870012903893725184;[ 1.49351444];[2];[2]
870012906448064512;[ 1.74673024];[2];[2]
870012905986506754;[ 1.29833691];[2];[2]
870012907693547520;[ 1.66160849];[2];[2]
869999794831454209;[ 1.25479536];[2];[2]
870012909782523904;[ 1.3518992];[2];[2]
869999926062661632;[ 1.22827717];[2];[2]
870012914295549952;[ 1.3285547];[2];[2]
870012917072117760;[ 1.26917545];[2];[2]
870012919857029120;[ 1.213795];[2];[2]
868640490031284224;[ 1.49562149];[2];[2]
870012921434087424;[ 1.84143274];[2];[2]
870012922319167488;[ 1.49427807];[2];[2]
870012921551572992;[ 1.31863915];[2];[2]
870012924407894016;[ 1.50006742];[2];[2]
870012925116792832;[ 1.1861953];[2];[2]
870012927050305537;[ 1.782506];[2];[2]
870012926278516736;[ 1.78850018];[2];[2]
870012937292791809;[ 1.21887834];[2];[2]
870012938630955009;[ 1.43165227];[2];[2]
870012943706058755;[ 1.87954276];[2];[2]
870012944318218240;[ 1.61459088];[2];[2]
870007328606744576;[ 1.67918172];[2];[2]
870012952925028352;[ 1.46262961];[2];[2]
870012954514563072;[ 1.59348128];[2];[2]
870012964430118912;[ 1.17342993];[2];[2]
869993069634093056;[ 1.52644652];[2];[2]
870012966346870784;[ 1.25123125];[2];[2]
869992624052031488;[ 1.54171139];[2];[2]
870012968196608002;[ 1.4618693];[2];[2]
870010168745930752;[ 1.35295945];[2];[2]
870012973892472832;[ 1.61265644];[2];[2]
870012972357173249;[ 1.41389327];[2];[2]
870012976274837506;[ 1.55794552];[2];[2]
870012980154388481;[ 1.30010311];[2];[2]
870012981093978112;[ 1.24535931];[2];[2]
870012980108435456;[ 1.63173654];[2];[2]
870012982335614976;[ 1.44821349];[2];[2]
870010571894145024;[ 1.42897145];[2];[2]
869951678631555073;[ 1.45941447];[2];[2]
867124142297972736;[ 1.4012628];[2];[2]
870012995715211264;[ 1.78675013];[2];[2]
870012998408060929;[ 1.68751459];[2];[2]
870013002371747840;[ 1.44266963];[2];[2]
870013010093367296;[ 1.46205548];[2];[2]
870013011733467137;[ 1.623816];[2];[2]
870013013603921922;[ 1.214938];[2];[2]
867175220989349888;[ 1.33391012];[2];[2]
870013019451006977;[ 1.46106433];[2];[2]
865455868820701185;[ 1.30895202];[2];[2]
870013026115571712;[ 1.53749647];[2];[2]
870013029332664320;[ 1.48891948];[2];[2]
869717866815160321;[ 1.29449481];[2];[2]
870013029550895104;[ 1.39429072];[2];[2]
870013030574080000;[ 1.42805611];[2];[2]
869957134695268352;[ 1.52901758];[2];[2]
870013032373637125;[ 1.2517275];[2];[2]
870013033178734592;[ 1.65890667];[2];[2]
870013036765089792;[ 1.28672691];[2];[2]
870013040741109760;[ 1.57708093];[2];[2]
867093786660225024;[ 1.37777024];[2];[2]
870013045501603840;[ 1.66215847];[2];[2]
870013049503191041;[ 1.78591296];[2];[1]
870013054343274496;[ 1.56457726];[2];[2]
870013057082249216;[ 1.89476962];[2];[2]
870013058755645440;[ 1.33918154];[2];[2]
867270964450648065;[ 1.39659011];[2];[2]
870013061104644097;[ 1.2772372];[2];[2]
868538819976417280;[ 1.63015648];[2];[2]
870002722153660417;[ 0.99807101];[2];[2]
870003265265520640;[ 1.46880469];[2];[2]
867091288532934656;[ 1.19952862];[2];[2]
870013069262508034;[ 1.82899888];[2];[2]
870013072173285377;[ 1.72441454];[2];[2]
870013073620221952;[ 1.5207713];[2];[2]
870013073628725249;[ 1.7832466];[2];[2]
870013075029544960;[ 1.54248724];[2];[2]
870013075604164608;[ 1.6035122];[2];[2]
870013076942209025;[ 1.60090204];[2];[2]
870013078347300865;[ 1.74447492];[2];[2]
870013084026327040;[ 1.2684159];[2];[2]
869750722165743616;[ 1.57596416];[2];[2]
869916781636399104;[ 1.48393564];[2];[2]
869739949167226880;[ 1.81637896];[2];[2]
870013087243317248;[ 1.44087277];[2];[2]
870013088711360512;[ 1.25400909];[2];[2]
869960952552095744;[ 1.12903624];[2];[2]
870013091064500224;[ 1.4397029];[2];[2]
870013092775829504;[ 1.54486517];[2];[2]
870013092666548224;[ 1.59398639];[2];[2]
869572023176937473;[ 1.63863673];[2];[2]
869830259767742468;[ 1.7147702];[2];[2]
869655615651500032;[ 1.60280338];[2];[2]
870013103861227520;[ 1.35240288];[2];[2]
870013105618780160;[ 1.10511604];[2];[2]
870013109007769601;[ 1.45000706];[2];[2]
869931492566114305;[ 1.07925805];[2];[2]
870013116746129408;[ 1.77044754];[2];[2]
869963915165356032;[ 1.42687192];[2];[2]
868898586528018433;[ 1.37754351];[2];[2]
870013119141208064;[ 1.28501512];[2];[2]
870013120445423616;[ 1.35970903];[2];[2]
870013122685390849;[ 1.39265822];[2];[2]
870013129568141312;[ 1.70372601];[2];[2]
870013129370947584;[ 1.32318851];[2];[2]
870013131598200834;[ 1.93721744];[2];[2]
869698870908989440;[ 1.70421939];[2];[2]
870013134165098496;[ 1.3814824];[2];[2]
870013141022679040;[ 1.22396448];[2];[2]
870013144529121281;[ 1.64371813];[2];[2]
870000743008292864;[ 1.48825671];[2];[2]
869963539351564288;[ 1.68427343];[2];[2]
868521713910386688;[ 1.65362965];[2];[2]
869533537111638017;[ 1.10968561];[2];[2]
870013154687942656;[ 1.00475836];[2];[2]
870013153760862208;[ 1.37187339];[2];[2]
870013155367419905;[ 1.66450628];[2];[2]
870013155748888576;[ 1.31040198];[2];[2]
870013155635642368;[ 1.36701687];[2];[2]
870013157346910208;[ 1.31324839];[2];[2]
870013157615562752;[ 1.3536965];[2];[2]
870013158374514688;[ 1.50860291];[2];[2]
869883087018176515;[ 1.84362744];[2];[2]
869962334856499200;[ 1.54982705];[2];[2]
870013172438061056;[ 1.34659789];[2];[2]
870013173314850816;[ 1.66034664];[2];[2]
870013174497525761;[ 1.70757381];[2];[2]
870013175030218752;[ 1.46794196];[2];[2]
869976946867752960;[ 1.42452502];[2];[2]
870013180625514496;[ 1.25402014];[2];[2]
870001675682983936;[ 1.30378174];[2];[2]
870013186463977473;[ 1.54188449];[2];[2]
870013188867145728;[ 1.35141784];[2];[2]
870012605758226432;[ 1.54415251];[2];[2]
869992024656625664;[ 1.57923771];[2];[2]
870013192898048002;[ 1.69805729];[2];[2]
869989582992949248;[ 1.98481212];[2];[2]
870013194265395200;[ 1.54693889];[2];[2]
870013200481140736;[ 1.53479529];[2];[2]
870013206441230336;[ 1.38765844];[2];[2]
870013207443890176;[ 1.38796749];[2];[2]
869782415404924929;[ 1.46962875];[2];[2]
870013210119647232;[ 1.982511];[2];[2]
870013214687465473;[ 1.31178459];[2];[2]
870013217447100416;[ 1.36702196];[2];[2]
870013218206253056;[ 1.86807933];[2];[2]
870013220911820804;[ 1.29713898];[2];[2]
870013222073630720;[ 1.80310918];[2];[2]
870013222903881728;[ 1.49894471];[2];[2]
870013223575179264;[ 1.16295377];[2];[2]
870013224812412928;[ 1.51652998];[2];[2]
870013224988454912;[ 1.57479793];[2];[2]
869962884918411265;[ 1.65153593];[2];[2]
870013231502315521;[ 1.4520848];[2];[2]
870013231502381056;[ 1.53741977];[2];[2]
870002331068190722;[ 0.95657107];[2];[2]
870013233972649984;[ 1.3948246];[2];[2]
869996971804590082;[ 1.45492592];[2];[1]
