id;label
876847118190878720;2
875683840211202050;2
877508382965583872;2
832234924014977027;2
882880261708406786;2
882843911395319810;2
882821722373844992;2
881951046171545601;2
879244388391690240;2
879213861320237056;2
878165803673292801;2
877876736750432257;2
877802103250444291;1
874899311422734337;2
874657847220502528;2
873071788829188098;2
872150818459398144;2
866240994852950021;2
852900792831016961;2
834793388507435008;2
833522522209525760;2
831890618037055488;2
830775764102443009;2
883266753932951552;2
883266736405008384;2
883266730830647296;2
883266728704307200;2
883266719988535296;2
883266719569121280;1
883266700363403265;2
883266694323589120;2
883266668733976576;2
883266665873584130;2
883266653357711362;1
883266650828656640;2
883266637469597696;2
883266632931528704;2
883266632306409472;2
883266628099731456;2
883266615294513152;2
883266605924327424;2
883266603487555585;2
883266592884359168;2
883266589251969024;2
883266571896016896;1
883266564925030400;2
883266562140119040;2
883266561125093377;2
883266558419709952;2
883266555747983360;2
883266535632097280;2
883266524492046337;2
883266519882452992;2
883266512169074688;2
883266496012718080;1
883266488756350976;1
883266483849220096;2
883266451611594752;2
883266446981300224;2
883266445798330368;2
883266445332938753;2
883266429134540800;2
883266408003633152;2
883266404023017473;2
883266395475202048;1
883266384293220352;2
883266383928111104;2
883266374008569856;1
883266367604109313;2
883266365133639680;2
883266365079130112;2
883266362910670849;2
883266362734411776;2
883266359777415169;2
883266358766710784;2
883266349795078144;2
883266345181356032;2
883266344921186304;3
883266330941681665;2
883266327951155200;2
883266318044196864;2
883266316399980545;2
883266313031995393;2
883266309374586880;2
883266303720648706;2
883266298611982337;2
883266298024796160;2
883266297869586432;2
883266288960798720;2
883266270229143552;2
883266219608027136;2
883266210506330112;2
883266207654133760;2
883266191971815429;2
883266190457487360;2
883266189173989376;2
883266178566803457;2
883266176754876416;2
883266161936404481;2
883266159776116736;2
883266157481869312;2
883266148887912448;1
883266146883055616;2
883266142969749504;2
883266140683816961;2
883266140050468864;2
883266132840505344;1
883266117153816576;2
883266115446681600;1
883266108928573440;2
883266101970448384;2
883266099508383744;2
883266093737029632;1
883266092034134018;2
883266080625405952;2
883266077630889984;1
883266067828813824;2
883266063655370752;2
883266063097622528;2
883266050305007616;2
883266036732227584;2
883266035859763201;2
883266034219798529;2
883266033972387840;2
883266030151155712;2
883266026774839297;2
883266013416108032;2
883266009553096704;2
883266005241344000;1
883266004867928064;2
883265993006399488;2
883265967576543233;2
883265965856890881;2
883265955153006592;2
883265945397059584;2
883265941366202368;2
883265939252297732;2
883265937322979329;2
883265930427600896;2
883265924173836288;2
883265914220691457;2
883265898936774657;2
883265897410035712;2
883265890653003776;2
883265883178770432;2
883265880548921344;2
883265874265751552;2
883265872881737728;2
883265871036243970;2
883265865629741056;2
883265864321060864;2
883265861506670592;2
883265853093023745;2
883265846084284416;2
883265845706838017;2
883265845367107585;2
883265844255629314;2
883265843882332160;2
883265836517126145;2
883265835120435200;2
883265819676995584;2
883265808394330112;2
883265802484449280;2
883265800634761216;2
883265797820473344;2
883265791243714560;2
883265784780345344;1
883265776496463872;2
883265763271946240;2
883265762533621760;2
883265756183633920;3
883265756091342848;2
883265743667724288;2
883265741453230080;1
883265739125387264;2
883265739012141056;2
883265731210641408;2
883265718887866369;1
883265701867159552;2
883265695244460033;2
883265683059916800;2
883265680509894656;2
883265661476241408;2
883265643595870208;2
883265643394551808;2
883265638868844544;2
883265638613082112;2
883265638600511488;2
883265636151033856;2
883265633592504321;2
883265618962788352;2
883265616693645312;2
883265600591728640;2
883265598955941890;2
883265598448336896;2
883265595759788032;2
883265595143327745;2
883265593775972352;1
883265593763393536;2
883265590785445888;2
883265576826621952;2
883265573576159232;2
883265558053093376;2
883265541263306752;2
883265541225549828;2
883265532795002881;3
883265528093192193;2
883265516973862913;2
883265513257709568;2
883265484346535936;2
883265483902005248;2
883265475697811458;2
883265469804933120;2
883265469280661504;2
883265462808850432;2
883265462649458694;2
883265461001089024;2
883265452906082304;2
883265447164084224;2
883265444940890112;2
883265441337966592;2
883265436099502081;3
883265430965682176;1
883265430512705540;2
883265422476414976;2
883265412250693632;2
883265402574442496;2
883265395964227585;2
883265395653828609;1
883265395427352576;2
883265392818483201;1
883265391908200448;2
883265387328143360;2
883265384522162176;3
883265382685048832;2
883265373197488128;2
883265368302772224;2
883265359473590272;2
883265352544735232;2
883265341228449792;2
883265314317795328;2
883265311293587456;2
883265309813219332;2
883265307501920256;2
883265282093064196;2
883265268218298369;2
883265196684439552;2
883265140577009667;2
883265136466825217;2
883265091201675264;2
883264999422136320;2
883264968430239745;2
883264911308206081;2
883264531799171072;2
883264484172746753;2
883264382641229825;2
883264173479776257;2
883264027387940864;2
883263879752679429;2
883263390923333632;2
883263132541616128;2
883263068033228800;2
883262873195229185;2
883262833101860864;2
883262792270270465;2
883262604461957120;2
883262487327625220;2
883262403663847425;2
883262177779613697;2
883261880860631041;2
883261826523213824;2
883261622516678656;2
883261569324527618;2
883261030494765056;2
883261025625231360;2
883260863377006592;2
883259562303815680;2
883259562249383936;2
883259333819105284;2
883256900674088960;2
883255532211056645;2
883254290118213634;2
883254097285046273;2
883253174970105857;1
883253021953720320;2
883252315913940994;2
883252248465338373;2
883252050229964801;2
883251782264246273;1
883251761158475777;2
883251754418278401;2
883251515191906304;2
883251349583835137;2
883244285541457920;2
883243497201037312;2
883242924728655872;2
883241176215814145;2
883240486898630656;2
883231964098068481;2
883231419396489216;2
883226074800435201;2
883221270971781120;2
883216733598830592;2
883207339590823936;1
883202683229921280;1
883188324156014593;2
883187472867381248;2
883177416700477440;2
883173392266006528;2
883173193812500482;2
883172678001016832;2
883159849202274305;2
883141250270023681;2
883135612718641152;2
883125720913981440;2
883121218072825856;2
883113517104209921;2
883105190878040064;2
883102884090568704;1
883099808134819842;2
883098988542443522;1
883085436633047040;2
883074040637919233;2
883070419942727682;2
883069240651251713;2
883065322735112193;2
883064532389707776;2
883058275423588352;2
883057842256621569;2
883055135785492480;2
883046160830779392;2
883042412150521856;2
883041421309206528;2
883040849151623168;2
883020099464122370;2
883011299524923392;2
883010450664935424;2
883004659832684544;2
882979946548699136;2
882974432020619264;2
882974284867448832;2
882974279490580480;2
882974274415472640;1
882974269340299271;2
882974261585031168;2
882974249916534784;2
882974243998269441;2
882974237211979776;2
882974233638449152;2
882974231088246786;2
882974224767307776;1
882974218744463361;2
882974209219190784;2
882974208384393216;2
882974201442947072;1
882974197554610177;2
882974194081943555;2
882974189765836800;2
882974183440998400;2
882974176830775296;2
882974171210403841;2
882974161248845824;2
882974148951236608;2
882974148460466177;2
882974147198013440;1
882974143188090881;2
882974127786733568;2
882974124175446016;2
882974123831570433;2
882974120706691076;2
882974116793524224;2
882974116780945408;2
882974113324834818;2
882974112779337728;2
882974100871884800;2
882974087953477632;2
882974081720565760;2
882974078801412097;2
882974076138029056;2
882974070794596353;1
882974066331832321;2
882974051479805953;2
882974040637485056;2
882974037818748928;2
882974037223378945;2
882974036489232384;2
882974012644536320;2
882974007523409920;2
882974005908647937;2
882973988816908290;1
882973988191952896;2
882973985553739777;2
882973967165861888;2
882973965160984576;2
882973962501795840;2
882973939600957440;1
882973934093774848;2
882973930151129088;1
882973923410931712;1
882973922257326081;2
882973917245263877;2
882973915110293504;2
882973906897956866;2
882973904658157568;1
882973900958773248;2
882973898563833856;2
882973891001495553;2
882973888237510661;2
882973887478337537;2
882973887415427073;2
882973885578305536;2
882973884877819905;2
882973884206772224;2
882973883263070208;2
882973882969358336;2
882973877588160512;2
882973876258557952;2
882973871552565248;2
882973870575292418;1
882973867605708802;2
882973855987490816;2
882973853986807808;1
882973841143812096;2
882973840304996353;2
882973836446224385;2
882973829642977285;2
882973822739075072;2
882973822336487424;2
882973813939609600;2
882973810458316801;2
882973809820672005;2
882973805475282944;1
882973804439494656;1
882973799603462144;2
882973795656585216;2
882973793647505408;2
882973792225677313;2
882973792045326338;2
882973791932076036;2
882973784411586569;2
882973781651726336;2
882973780791918593;2
882973780578119680;2
882973780167053312;2
882973780133519362;2
882973779525349376;2
882973775939162117;2
882973771174486016;2
882973771069566976;2
882973769823694848;2
882973767911256064;2
882973767806447617;2
882973767256997888;2
882973766531383296;2
882973762383212544;2
882973762336956416;2
882973758352273414;2
882973737007669250;2
882973732146487296;2
882973729231425536;2
882973722893791235;2
882973721182392320;2
882973718120738817;2
882973717294219264;2
882973712517140480;2
882973710063472647;2
882973708184408065;2
882973703570694144;2
882973694087368704;2
882973688550887424;2
882973686403407877;2
882973685832970240;2
882973685707034625;2
882973681458262016;2
882973670280482820;2
882973669844242432;2
882973666367217667;1
882973665008246784;1
882973663615750145;2
882973660012662789;2
882973657718509568;2
882973654090481665;2
882973644762210304;2
882973642765869057;2
882973641851289600;2
882973634268205056;2
882973629666832384;2
882973628974977024;2
882973628928806917;2
882973621869608960;2
882973618019356672;2
882973612013232128;2
882973610947825664;2
882973605205864448;2
882973599845560320;2
882973594858524672;2
882973562176323585;2
882973554941341697;2
882973553498497025;1
882973544208101377;2
882973543696392192;1
882973543537016833;2
882973542010236928;2
882973535093886976;2
882973535043497984;2
882973534213091328;2
882973528152264705;3
882973528084971520;2
882973520074092546;1
882973515821043712;2
882973507113684992;1
882973496439181313;2
882973490919477249;2
882973490466480133;2
882973488180375552;2
882973483403288576;2
882973481507459072;2
882973481003962369;2
882973476772081665;2
882973473848610816;2
882973473362120704;2
882973471118118913;2
882973468677079040;2
882973464226709505;2
882973454621745152;2
882973447910957057;2
882973447596511232;2
882973435697262596;2
882973432396337152;2
882973432123543552;1
882973424439701504;2
882973420065095680;2
882973419993804800;2
882973412196573184;2
882973410724204544;2
882973400288948224;2
882973399479230469;2
882973397558321153;2
882973395499057152;3
882973382022746118;3
882973380898639873;2
882973374615613442;2
882973354042544129;1
882973351764910082;2
882973350418690049;2
882973175503441920;2
882973066321592322;2
882972999288094722;2
882972737484054528;2
882972730496364545;2
882972714176327680;2
882972632538374145;2
882972470709440512;2
882972300341121025;2
882971966721978369;1
882971916910436353;2
882971714124214272;2
882971537179123712;2
882971486029479936;2
882971326197227521;1
882970904464109568;1
882970575018352641;2
882970435154960385;1
882970413927727104;1
882970173761781760;2
882969924989222912;2
882969609774784513;1
882969401078595584;2
882968760877019136;1
882968489388105728;2
882968169920569344;2
882967635599740928;1
882967431991488513;2
882967320985047040;2
882967298621001731;2
882966972937502720;2
882966934639300608;2
882966140456140800;2
882965749479944193;2
882965060485885952;2
882963318817861633;2
882962982011011072;2
882962422683893761;2
882962416014737408;2
882962347085750272;1
882962345034743809;2
882962233592086528;1
882961496552214528;2
882960879469428737;2
882958565455089664;1
882956210638598144;2
882954617688129536;2
882954139873026048;2
882952857561034757;2
882951988413169664;2
882951656588984320;2
882950816000335873;2
882950477452722176;2
882949077209673729;2
882948327880437760;2
882948010400985088;2
882944612675063808;1
882942959640956928;1
882941882770354176;2
882941366602526720;2
882939736469508097;2
882939184553627648;2
882938491696549888;2
882938264318902273;2
882937634263146497;2
882937555578220544;2
882935089138675712;2
882932497532825600;2
882928541406572544;2
882923735895994368;2
882919003571843072;2
882918407297011712;2
882917626812530688;2
882914873797222402;2
882908780576608256;2
882903180849418240;1
882891881356681216;2
882882870783733762;2
882864492715139076;2
882860851685969925;1
882857732600188928;2
882848671586557953;2
882843864641531905;2
882840601489805312;2
882838292189728769;2
882837126915731456;2
882836241485639680;1
882834950042595328;2
882833545080844288;2
882833085871640578;2
882830163733622784;2
882821429259010048;2
882807577414971392;2
882805439599083520;2
882803577466609664;2
882799448665071616;2
882796749525581824;1
882785161301065730;2
882745161503191041;1
882743536268922883;2
882739776083722241;1
882736510797176833;2
882735533549654018;2
882732546794168320;2
882725959903854595;2
882713892127858688;2
882712771988668416;2
882706017104019456;2
882703350285955072;2
882681250074550274;3
882677939191652353;2
882673503723331584;2
882670752327229440;2
882628222571118593;2
882620127765770241;2
882606194577244160;2
882600881845350402;2
882596134107074561;2
882594582831271937;2
882593039398703104;2
882545704425721857;2
882522956471185408;1
882450995938304000;2
882443991106469889;2
882439669232926720;2
882438507322650624;2
882376488682627072;2
882358846165004288;2
882340564083060737;2
882291761665658880;2
882270093152968710;2
882220390893748224;2
882169225162489857;2
882155761182408704;2
882155167075844096;2
882151393884160001;2
882149660306972673;2
882106837469757440;2
882102405432848385;2
882069010485055488;2
881965957937328130;2
881952707682197507;2
881952417033711617;2
881891126478725122;2
881890464378572804;2
881813262182043649;2
881707303208144897;3
881435055029198848;2
881405368169058304;2
881380200554020865;2
881258460733734914;2
880680481188188160;2
880617515788910592;2
880588799834828801;2
880526295292985344;2
880517596151336960;2
880466174617673729;1
880432957319786496;2
880282617622315008;2
880193944776302592;2
880053095572660224;2
880052761248714752;2
880049704620494848;2
879988148469727232;2
879988146653548544;2
879988135886761985;2
879988121311617025;2
879988117574475776;2
879988110431576064;2
879988085479682052;2
879988079167234049;2
879988077111934980;2
879988069230837760;2
879988066382782465;2
879988060326428672;2
879988056102760448;2
879988036204994560;2
879988035575848960;2
879988021155684352;2
879988020870598657;2
879988013236932608;2
879988011819294721;1
879988008421777408;2
879988005494239233;2
879988004521222144;2
879987986993229824;2
879987981867769856;2
879987961340801025;2
879987960980144128;2
879987949399666688;2
879987947528896512;2
879987936309125120;2
879987929111818240;2
879987923583684608;1
879987920211517440;2
879987918064029696;1
879987911902601216;1
879987911403479040;2
879987910044508160;1
879987905279733760;2
879987898694717440;2
879987897033687040;2
879987895456718849;2
879987893393076224;1
879987892902404096;2
879987890817818624;2
879987889043640320;2
879987868210536449;2
879987859901566976;2
879987856462290944;2
879987855963156481;2
879987851504607232;1
879987851211026432;2
879987847712866304;2
879987847427760128;1
879987842390339584;2
879987839626338304;1
879987839420821504;2
879987837344653312;2
879987835842969601;2
879987832869326849;2
879987826527490048;2
879987825403457537;2
879987822173794304;1
879987821993439232;2
879987819619508224;2
879987811603972096;2
879987811197345792;2
879987811155357696;2
879987809817427969;2
879987805870575616;1
879987804142481409;2
879987803467243520;2
879987801311387648;2
879987790628487168;2
879987783942713344;2
879987781249978372;2
879987778326495234;1
879987778154573824;2
879987777017962496;2
879987776703299584;2
879987775898103808;2
879987770667573248;2
879987770357301248;2
879987770076282880;2
879987769141059585;2
879987766804828160;2
879987765647167489;2
879987760404344834;2
879987758781149184;2
879987750707105792;2
879987750308630530;2
879987749364924417;1
879987748215468033;2
879987745732644864;2
879987744411463683;2
879987744373694464;2
879987739755765760;2
879987739118247941;2
879987735750221824;2
879987710521245696;2
879987696302788608;2
879987648592576512;2
879987629634310144;2
879987625762967553;2
879987616640356354;1
879987568766537728;2
879987559887233024;2
879987558230478848;2
879987537577738241;2
879987532812828672;2
879987528098566145;2
879987511770185728;1
879987506640564224;2
879987506393079809;2
879987506158092288;2
879987503956074497;2
879987462126399488;2
879987440655581184;2
879987429809238016;1
879987402751848449;2
879987383009202176;2
879987377401364484;2
879987374876479488;2
879987349970710530;2
879987342668423171;2
879987328126779392;2
879987317884071936;2
879987302637772800;2
879987293213380609;2
879987283415498752;2
879987283386040320;1
879987249122754560;2
879987242411806720;2
879987228528832512;2
879987227924848641;2
879987183620370433;2
879987181389008896;2
879987139580227584;1
879987125189582848;2
879987108298973184;2
879987106231324672;2
879987097070972929;2
879987091005898752;2
879987079781818368;2
879987078934614016;2
879987075197657088;2
879987072907571200;1
879987065244577793;2
879987048073113600;2
879987031782432769;2
879987027902554112;2
879987020185063425;2
879987019077738496;2
879987018490552320;2
879987008902508544;2
879986998219550720;1
879986997103820801;1
879986957987831808;2
879986949502758912;2
879986947581767680;1
879986941436936192;2
879986935124688897;2
879986926010458113;2
879986910315266048;2
879986893592637440;2
879986893395558400;2
879986893173248001;2
879986878795010048;2
879986871593574401;2
879986870641451008;2
879986867617144832;1
879986859547312128;1
879986855504224256;2
879986836013277184;2
879986831680557056;2
879986819588386816;2
879986813531807747;2
879986803750707200;2
879986794909052929;2
879986793512288258;2
879986785631252480;2
879986784267927552;2
879986781709627393;2
879986778643603457;2
879986774944104448;2
879986762084302848;2
879986758737420288;2
879986757231575044;2
879986752781516800;2
879986744539656196;2
879986743675559937;2
879986737140903936;1
879986736079790080;2
879986729758928897;1
879986725761818624;2
879986725627478016;2
879986720699105280;2
879986719138951168;1
879986717087944704;2
879986709324324865;2
879986701896122368;2
879986695852011520;2
879986686159011840;2
879986665187573760;2
879986652118175745;2
879986624414625792;2
879986622632050688;2
879986606689705984;2
879986600113045504;2
879986571243438081;2
879986564004278272;2
879986545234657281;2
879986544551108608;2
879986543221510144;2
879986536435068928;2
879986504466083840;2
879986499563003904;2
879986442604347392;2
879985976629747712;2
879985854516559872;2
879985814763077632;2
879985732340686848;2
879985353150656512;2
879985241011761152;2
879985224016433152;2
879984993564577792;2
879984712655286272;2
879984267924787201;2
879984244864540673;2
879984023912710144;2
879983376379334656;2
879983087433768960;1
879982906868998144;2
879982384631881728;2
879981896108617728;2
879981336450158592;2
879981075518427143;2
879980214293549056;2
879980173206204416;2
879979182633209856;2
879978725739298816;2
879978326835683328;2
879976636241911809;2
879975631534137345;2
879975110874206208;2
879975000996012032;2
879974535235350529;2
879974267554852865;2
879973926767603712;1
879973334137569280;2
879972386912829441;2
879971094958141440;2
879971042344808448;1
879970501933793281;2
879969903658360832;2
879969382255935488;1
879968264629219328;2
879966094810791937;1
879965914359361536;2
879965205077348354;2
879962627946029056;2
879957687089471489;2
879953402544967680;2
879951117718650880;2
879942660185772032;2
879937076552019969;2
879934567083376640;2
879926637164449796;2
879910322940858372;1
879908810676207616;2
879906503427325953;2
879906210228703232;2
879904498982019072;1
879903978728951808;2
879898712763400192;2
879891359401902080;2
879885641240256514;2
879883745611984896;2
879878382883708928;2
879847272661610496;2
879835898308853760;2
879829296419876865;1
879824775803219968;2
879819346989678592;2
879817468180549633;2
879815935112216577;2
879814074913234944;2
879811633467596802;1
879810506999156736;2
879801846964953088;1
879800341021282305;2
879795250276990976;2
879790844634595328;2
879790799805849600;2
879782846910672897;2
879781883810283521;1
879762278966493185;2
879754904121860096;2
879747840980901889;2
879703862839566336;2
879698463973412866;2
879696821811073028;1
879677727242145792;2
879674452941910016;2
879670922822680577;2
879660297916698624;2
879655543102746625;2
879642892196655105;2
879594985384968192;2
879591537209901057;2
879576091337170944;2
879576088229232641;2
879576077995319297;2
879576073490530305;2
879576070525202432;2
879576045980012544;2
879576032042471426;2
879576028770783233;2
879576023708381188;2
879576018339717121;2
879575993307938816;2
879575985569513472;2
879575968280485888;2
879575959527141377;2
879575958566576128;2
879575952149426177;2
879575943240716289;2
879575926467637250;2
879575918661914624;2
879575890379685888;2
879575889155166208;2
879575885132832768;2
879575882893062146;2
879575871388102656;2
879575852664721408;2
879575852542853120;2
879575850357633025;2
879575839150571520;2
879575828639645696;2
879575819395358720;2
879575817189081088;2
879575804899995648;2
879575788382601216;2
879575778928861184;2
879575745827418112;2
879575733495939073;2
879575723966476288;2
879575721412247552;2
879575716899168256;2
879575694015070208;2
879575687274741760;2
879575686549262336;2
879575666353745920;1
879575645457723392;2
879575627162157058;2
879575623013851137;2
879575614793154561;2
879575603049107456;2
879575594559832065;2
879575582903853057;2
879575581167419392;2
879575574846615552;2
879575571939905537;2
879575561038962688;2
879575556790116352;2
879575548082651137;2
879575534505607168;2
879575534308556800;2
879575533519896576;2
879575531926302720;2
879575529380118529;2
879575528432390145;2
879575526452719616;1
879575526209445888;2
879575520798662656;2
879575520702218240;2
879575505179213828;2
879575500284407808;2
879575479153512448;2
879575468483203072;2
879575459360591872;2
879575448119685120;2
879575443816316928;2
879575441723543552;2
879575437948719104;2
879575432114327552;2
879575428981194752;2
879575422677266433;2
879575416616304640;2
879575415312011264;2
879575408823468032;2
879575396227928065;2
879575382122520577;2
879575357451620352;2
879575356948176896;2
879575344407355394;2
879575341853020160;2
879575341748162560;2
879575336437948416;2
879575326845698048;2
879575318356312064;2
879575318293512193;2
879575315705737216;2
879575313323261952;2
879575307094597632;2
879575306339729408;2
879575304179724292;2
879575303659573248;1
879575294578802689;2
879575286118887424;2
879575284193914880;2
879575282423824384;2
879575272244350976;1
879575253365661696;2
879575229814554624;2
879575217512873984;2
879575216502038529;2
879575214987780098;2
879575210449674240;1
879575187540201472;2
879575184050487296;2
879575179999027200;2
879575177587306496;2
879575175284629504;2
879575175259451392;2
879575161418248193;2
879575152857690112;2
879575134008422400;2
879575119705903104;1
879575111925456896;2
879575104593723392;2
879575097916485634;2
879575093881430017;2
879575088487514114;1
879575086663172101;2
879575082829574144;2
879575069189656576;2
879575067776004096;1
879575055960649728;2
879575046725021697;2
879575042006425600;2
879575039711956993;2
879575037552058372;2
879575035412918272;1
879575028618100736;2
879575028093800448;2
879574992123551744;1
879574991523676160;2
879574975950270464;2
879574963820285953;2
879574963463892992;2
879574954659856384;2
879574922770690048;2
879574919197200384;2
879574914457645058;2
879574893972475904;2
879574878843793408;1
879574873978187776;2
879574860598562816;1
879574847973707776;2
879574845461319680;1
879574839144710144;2
879574834929324032;2
879574833465483264;2
879574832995852288;2
879574831485812737;2
879574831137792001;2
879574825680994304;2
879574816591925248;2
879574814016630784;2
879574808555606016;2
879574791480643584;2
879574790608007170;2
879574783079436288;2
879574776645386240;2
879574767514394625;1
879574761898102784;2
879574755300392960;2
879574739919949825;2
879574715047714816;2
879574698216095744;2
879574697783906304;2
879574678397911045;2
879574672114937856;2
879574665890603008;2
879574660668678145;2
879574658114347008;2
879574653269929984;2
879574628867473409;2
879574623742025728;2
879574621552603136;2
879574615949021184;2
879574611448528896;1
879574609749737472;1
879574608449548288;2
879574608416034816;1
879574607782608896;2
879574602762014720;2
879574600065089537;2
879574595396931584;2
879574581236953088;2
879574577986273280;2
879574577256439808;2
879574570948214784;2
879574553080549376;2
879574547909021696;1
879574541931954176;2
879574536844214272;1
879574531798650880;2
879574531546898432;2
879574530674393089;2
879574529982349312;2
879574528866738176;2
879574526924685312;1
879574524609482752;2
879574521178730496;2
879574504879599617;2
879574496516165636;2
879574492783288321;2
879574491000471552;2
879574479361499136;2
879574475217534976;2
879574471203598336;2
879574458893082624;1
879574455227478016;2
879574447035953152;2
879574435992408064;2
879574433018597378;2
879574427826089984;2
879574420569944064;2
879574420158685184;2
879574415461146624;1
879574412604977152;2
879574359903322112;2
879574203434803202;2
879574117338554368;2
879574107171508226;2
879574068189593600;2
879574060052688896;2
879573842351595521;2
879573815965212673;2
879573326275981312;2
879573060042588161;2
879572569422258176;2
879571250590490624;2
879571026690023424;2
879571011477295104;2
879571000920289280;2
879570436815597570;2
879570259891544064;2
879570044417593344;2
879570039040507909;2
879569733015797761;2
879569521039855616;2
879568970998702080;2
879568773459693568;2
879568543674662912;2
879568474414080000;2
879567793401810945;2
879567201035984897;2
879566508166447104;2
879566487517790209;2
879566217962561537;2
879565964509163521;2
879564731476037632;2
879564221922529282;1
879564169883910144;2
879564073473630208;1
879563797882646528;2
879563704882343936;2
879563481682522112;2
879562445257416704;2
879561835216871424;2
879560150788562944;2
879557149348708352;2
879556422765359104;2
879555767900282880;1
879550282962698240;2
879550160451325952;1
879549894154997760;2
879549854237814789;2
879544620056694785;2
879540951307345921;2
879539115087110144;1
879535765767716865;2
879535325512556544;1
879534339935133696;2
879533018842529792;2
879530732112281601;2
879530465580859393;2
879528764723548160;2
879528572003602432;2
879525703615729667;2
879515636011073536;2
879510406925963264;2
879509160383188996;2
879508135781728257;2
879505776296968192;2
879499961410269184;2
879496720664731649;2
879474387052892162;2
879468810524213248;1
879468746611376128;2
879463606923911168;2
879459870939807744;2
879459319166717952;2
879452976380825600;2
879441941066375168;2
879439386311507968;2
879433824660213760;2
879431083959345152;2
879429289938231297;2
879427568520224772;2
879419133858918401;2
879418170171326464;1
879416490654666752;2
879410662136463360;2
879408514745208834;1
879407715285585920;2
879406693754429441;2
879402281996779520;2
879398900507058177;2
879395153286483973;2
879389061844054017;2
879380005637300224;2
879379105724215299;2
879370551331913728;2
879369932290523136;2
879369045111324672;2
879365757401837568;2
879365299023355904;1
879363495711485953;2
879363379906859009;2
879352822751412224;2
879347090861826052;2
879343047594713089;2
879337537986318337;2
879334560332492800;2
879316189851377665;1
879315544318586880;2
879314572720648192;2
879304515337543681;2
879273591698632704;2
879268683595395073;2
879264370110283776;1
879253636835966976;2
879251393248456704;2
879245790274867201;2
879245790002073600;2
879245772876767233;2
879245770133786626;2
879245764823830529;2
879245754241437696;2
879245753780228096;2
879245751716651008;2
879245735753109505;2
879245729453056000;2
879245728375123969;2
879245727779741696;2
879245720804405249;2
879245717276983296;2
879245695492009985;1
879245694846062592;2
879245687648526337;2
879245686658797568;2
879245686226792448;2
879245683693305856;2
879245681185128448;2
879245678861570048;2
879245678576316416;2
879245675522924545;2
879245671852847104;2
879245669105635329;2
879245652437467136;2
879245649748922368;2
879245627581800448;2
879245576172437505;2
879245558782754816;2
879245554047492096;1
879245553564921856;1
879245540684443648;2
879245536276164608;2
879245532064960512;2
879245523852472320;2
879245523189891072;1
879245513245302785;2
879245497801768960;1
879245491858534401;1
879245490088546304;2
879245488607965184;2
879245457918242816;2
879245445696036865;2
879245435084439552;1
879245427786252289;2
879245426238640128;2
879245420551077888;2
879245412875603968;2
879245404944166913;2
879245402188460033;2
879245401383067648;2
879245392424128512;2
879245387575345152;2
879245378784296960;2
879245378750742530;2
879245375902818304;2
879245374988328960;2
879245371796594689;2
879245370731229184;2
879245366150955008;1
879245359863746560;1
879245356856422402;2
879245355027767296;1
879245351420657664;2
879245347503067136;2
879245346769182722;2
879245327965888513;2
879245314074562560;2
879245264279584768;2
879245260538478592;2
879245251067686912;2
879245191047237632;2
879245177499525120;1
879245165889691649;2
879245154217066496;1
879245151087939586;2
879245131559436290;2
879245130464624640;2
879245124752035840;2
879245116824670212;1
879245097598103552;2
879245097228840960;2
879245094770974720;1
879245093512908800;1
879245056846184448;2
879245007378685952;2
879245007127031809;2
879245006032310272;2
879245001703788544;2
879244994120384512;2
879244992807612416;2
879244990723092480;2
879244981831073792;2
879244969742974977;2
879244955398545408;2
879244953574100992;2
879244946808721408;2
879244942278832128;2
879244938835374081;1
879244931776339968;2
879244919357014020;2
879244914877493248;2
879244886532390912;2
879244882346471424;2
879244869881016320;2
879244864591773701;2
879244842118729728;2
879244835399622656;2
879244826021068800;2
879244798971924481;2
879244718701334529;1
879244711755698177;2
879244692197695488;2
879244686782844928;2
879244654100848640;2
879244648853712896;2
879244644541923328;2
879244638934237184;2
879244636769988608;2
879244626627932160;2
879244604322660353;2
879244594722086913;2
879244576703336448;2
879244556444749824;2
879244553823412226;2
879244547888259072;2
879244543882919936;2
879244541714325504;2
879244538296102913;2
879244531408883712;2
879244525599838208;2
879244517353947140;2
879244514476601344;2
879244482373406720;2
879244476841066497;2
879244475834531840;2
879244463511490560;2
879244458734215169;2
879244428740874240;2
879244415147032576;2
879244413838516224;2
879244407102468097;2
879244406456549376;2
879244386445479936;2
879244376932745216;1
879244347530780672;2
879244342472396800;2
879244339846811649;2
879244320754290689;2
879244306501861376;2
879244274193371136;2
879244271798206464;2
879244262185082880;2
879244259450376196;2
879244247593082880;2
879244245508534272;2
879244244145274882;2
879244239259004929;2
879244227242323968;1
879244225459748865;2
879244216785874944;2
879244214785032192;1
879244205192749056;2
879244199647956992;2
879244181557968897;2
879244177791492096;2
879244176738713600;2
879244174519926789;2
879244166022262784;2
879244160737447940;2
879244155238711297;2
879244152113942528;2
879244147441496066;2
879244140814446592;2
879244127325507584;2
879244127111720960;2
879244123462676480;2
879244117989109760;2
879244117443829762;2
879244114117709824;2
879244113354338304;2
879244112637169664;2
879244110552592384;2
879244103329959937;1
879244101392244736;1
879244099475447808;2
879244099429249025;2
879244095583080448;2
879244094370975749;2
879244083587424256;2
879244059444822017;2
879244040801181696;2
879244028201635841;1
879244025236262912;2
879244001492316161;2
879243973671387145;2
879243971163078660;2
879243950149824512;2
879243948052684800;2
879243937365585920;2
879243933754281985;2
879243910077403136;2
879243906529075200;2
879243899931430913;2
879243865450061825;2
879243864434892801;2
879243862803447808;1
879243853248724992;2
879243849952088069;2
879243848035074048;2
879243842221989890;2
879243839550214145;2
879243798869532673;2
879243781714792448;2
879243766892310528;2
879243764488970240;2
879243763176091648;2
879243751427719169;2
879243746143064064;2
879243729726455808;2
879243721715351553;2
879243705567199233;2
879243694796296192;1
879243688483971073;2
879243685967396864;2
879243685296128004;2
879243670268116993;2
879243658238799872;2
879243655357251584;2
879243651083272193;2
879243640622788609;2
879243637699350528;2
879243635811909632;2
879243633798631425;1
879243629386248192;2
879243628736020480;2
879243624457748480;1
879243619135356928;2
879243611929546752;2
879243539166760961;2
879243395616649216;2
879242409053474816;2
879242372323954688;2
879242075572768768;2
879241997550182400;2
879241888297082880;2
879241337501102081;2
879240401026265088;2
879239827417427968;2
879239611486281729;2
879239023000080385;1
879238863943860226;2
879238313932201989;2
879237934997581824;2
879236646771806208;2
879236561610706944;2
879236543478726656;1
879236353598386176;2
879235981563613185;2
879235665916903424;2
879235336072593409;2
879232813576339457;2
879232127463718912;2
879230560199168000;2
879230531858255872;2
879229290273009669;2
879228054073159680;2
879225529471127552;2
879223714952486913;2
879222445894488064;2
879222064128942080;1
879219587803381760;2
879216212390977536;2
879211790302883842;2
879208523913203712;2
879206338894610435;2
879206077434404864;2
879202586078969856;2
879188146373750784;2
879183854233309185;2
879174947662417920;2
879173116018122752;2
879172081992314880;2
879171618190368768;2
879169812869632006;2
879168600170528769;2
879166495929937920;2
879166084292780032;2
879164983715778561;2
879160211696623616;2
879157811556610048;1
879155196592566272;2
879145951339970560;1
879142513570963457;2
879134112250044416;2
879126355031592961;2
879120104969183232;2
879117251537981445;2
879116644349607936;2
879103232122945536;1
879103168461844480;2
879101133733679105;2
879093951529201664;2
879083287972634624;2
879081850362372097;2
879075795054059520;2
879073803430617088;2
879070687461339138;2
879066952207093760;1
879061912792838145;2
879060737372467200;2
879058232639188992;2
879057385448460289;2
879050718740713472;1
879043835099312129;2
879043346689294338;2
879033838613168128;2
879030804940238848;2
879030194312491008;2
879029999713603584;2
879028924940005376;2
879025950331195392;1
879018114746331138;2
879013592930111488;1
879005053163536386;2
879003474318381056;2
878999033943138305;1
878997731284594691;2
878977558666133504;2
878975944689692672;2
878968582335586306;2
878946473483882496;2
878926773001572352;2
878923017081856000;2
878922268742758404;2
878917076278280193;2
878902122619826176;2
878900463244070913;2
878895763270627328;2
878895280111923200;2
878883108623450112;2
878879841474367488;2
878869453928378368;2
878861966202339328;2
878842139626663936;2
878842019212349440;2
878825163797803009;2
878790263837274112;2
878781553517645824;2
878778535355310081;2
878753635567579140;2
878721379075477505;2
878698705683075072;1
878690376684630018;2
878690080436531200;2
878689778346098688;2
878657091237322752;2
878656650353098753;2
878640737780473856;2
878620258801602560;2
878616123373178881;2
878611600583913473;2
878606212828364801;1
878604137256153088;2
878594838811353088;2
878593484223021057;2
878567227225722881;2
878495422880382980;2
878385391266537472;2
878318224802066437;2
878312748408492032;2
878309910139867142;2
878297249389748225;2
878293509370859520;2
878282377251897344;2
878272274796761089;1
878193044297621505;2
878193024735395840;2
878193023154352133;2
878193021006860288;1
878192987934572544;2
878192985309011968;2
878192973724491780;2
878192952128000000;2
878192950303444992;2
878192946348146688;2
878192942762008576;2
878192941310681088;2
878192933752590337;2
878192912093257728;1
878192911460040704;2
878192892317241344;2
878192864462860288;2
878192837485047808;2
878192814508482560;2
878192813061656578;2
878192808179277824;1
878192800877223936;2
878192799522226176;1
878192793125924866;1
878192790663962624;2
878192790051606534;2
878192778928410625;2
878192763178688512;1
878192760955613184;2
878192733973643264;2
878192733197750272;2
878192732455481344;2
878192730123497472;2
878192729737617409;1
878192717355929600;3
878192714268856320;2
878192710573797376;2
878192709902774274;2
878192689165910016;2
878192674380984320;2
878192671579283457;1
878192667255078912;2
878192664629321728;2
878192662796423168;2
878192649500577792;2
878192644727250944;2
878192632236830721;2
878192630856732673;2
878192620094103552;2
878192614696079360;2
878192608563961856;1
878192602113122304;1
878192599827460096;2
878192588594880513;2
878192585789100033;2
878192577937371136;2
878192539693600768;2
878192533129580544;2
878192529098788864;2
878192509297451008;1
878192501474996224;2
878192483842347008;2
878192472647544833;2
878192471674687488;1
878192470600937472;2
878192466389868544;2
878192465022300160;2
878192458970148865;2
878192456738652160;2
878192454637416449;2
878192446210940928;2
878192435721056256;2
878192432545968128;1
878192423456743425;2
878192420747321345;2
878192420151623681;2
878192419157692417;2
878192417769373700;2
878192411717115904;2
878192407279304704;2
878192374047965184;1
878192366418612224;2
878192366355599360;2
878192358403133440;2
878192341131173888;2
878192333203922944;2
878192323770933249;2
878192323674243072;2
878192320738463744;2
878192312123219968;2
878192307492724736;2
878192301268385792;2
878192293190156288;2
878192290665185280;2
878192286105952256;2
878192279982231552;2
878192276169670656;2
878192275431542785;2
878192270209449984;2
878192254149697537;2
878192251888836608;2
878192245341540353;2
878192231919890433;2
878192228253835265;1
878192224684593152;2
878192216769830912;2
878192216375672832;2
878192211577516036;2
878192200659591168;2
878192197442686977;2
878192195043418114;2
878192191360847872;2
878192191222534144;2
878192181160198144;1
878192173262307329;2
878192162545950720;2
878192162432663552;2
878192154069184512;2
878192142312656897;2
878192125795483649;2
878192125141106688;2
878192116110770176;1
878192104719081472;2
878192082686320640;2
878192078085279744;2
878192076529303553;2
878192070518652928;2
878192069730156544;2
878192065498275841;2
878192050113531904;2
878192022288551936;2
878192019730030592;1
878191993121234944;2
878191992580308993;1
878191973076799489;2
878191972934135808;2
878191971390570500;2
878191968060420097;2
878191966248353793;1
878191965090660352;2
878191960749522944;1
878191960045105152;2
878191955884290052;2
878191955875733504;2
878191949391380480;2
878191937165041664;2
878191931645448192;1
878191927354634240;2
878191916495495168;2
878191912603312128;2
878191910866870272;2
878191907750514688;2
878191897868591104;2
878191893753978880;2
878191886120361985;2
878191882471452672;2
878191877941481473;2
878191877148823554;2
878191868197994496;2
878191858324619264;2
878191848073838596;2
878191840721227777;2
878191839655870464;2
878191835083972608;2
878191819263102977;2
878191818336350208;2
878191814716657665;2
878191814271877120;2
878191807523205120;2
878191799885455360;2
878191785805328385;2
878191755006361601;2
878191748505149440;2
878191736354357248;2
878191736144646144;2
878191726187261952;2
878191722714365952;2
878191717463334912;2
878191714426654721;2
878191709527715841;2
878191708143575040;2
878191706146983936;1
878191705207459840;2
878191704129536000;2
878191701432582147;2
878191686144466948;1
878191662538686465;2
878191660215259136;2
878191652178984960;2
878191649150517248;2
878191625754730496;2
878191621690449921;2
878191619274547200;2
878191618016382976;2
878191604015579136;2
878191603604738048;2
878191595635462145;2
878191578883293184;2
878191575205007360;2
878191572571041793;2
878191564387786753;2
878191561640521731;2
878191557379145728;2
878191537263304706;2
878191536185384960;2
878191534838996992;2
878191528828485632;2
878191528102854657;2
878191525884284928;2
878191518397472768;2
878191515939463169;2
878191502354075649;2
878191492128542721;2
878191439435399168;2
878191408829616128;2
878191397421150208;2
878191363812057089;2
878191241124601857;2
878191134127923200;2
878191081896136706;2
878191008256860160;2
878190943836536832;2
878190902870552576;2
878190778312413184;1
878190756514721792;2
878190723924770816;2
878190324920791040;2
878190115759292420;2
878189969038221312;2
878189652028645376;2
878189419441774592;2
878188664509083648;2
878188587748999168;2
878188188577271808;2
878188089193017345;2
878188066061647872;2
878187892115255296;1
878187374315831297;2
878187179565907968;2
878186061129588736;2
878185849195646976;2
878185424425959424;1
878184914805563396;2
878184659615498241;2
878184623867654144;2
878183909305053184;2
878183666379243520;1
878183559445348353;1
878183160021884928;2
878182752625061889;1
878180951230005251;2
878180086393982976;2
878179321478733825;1
878178148785033216;2
878178002701611009;2
878176677364367360;3
878175257281953792;2
878174101143134210;2
878171322140033024;2
878168273946333184;2
878167806239363072;2
878165540451131392;2
878165502513758208;2
878164495717335040;2
878163295655481344;2
878161419744808960;2
878159856330584064;2
878157033337270272;2
878156669624229888;2
878152237058367488;2
878151901589590018;2
878150434971676672;2
878147522828652545;1
878144551243968514;1
878141133615906817;2
878140450506366976;2
878139186913701888;2
878136154087763968;2
878124287567253504;2
878119347046068224;1
878111383786672128;2
878083438288547840;2
878083140274847745;2
878082884619259904;2
878082361153515520;2
878071435079569409;2
878062568799174656;2
878055597199020032;2
878052910646444032;2
878048271771586561;2
878039446423076865;2
878037340706361345;2
878033784263688192;1
878029332526051329;1
878025823269380097;2
878022604258410496;2
878022267766136832;2
878017918226673664;2
878015482573471744;2
878011833726193664;2
878003466786000900;1
877996353925902337;2
877984234677325829;2
877983795642683393;2
877966740382244865;2
877966679757672448;2
877965495789527040;2
877964894229934080;2
877957002517000193;2
877956757561135104;2
877953106864111617;2
877950927902134272;2
877949695888310272;2
877948408077701120;2
877930550480318464;2
877921841557389312;2
877920732176502784;2
877907896909971456;2
877897949358862336;2
877895285288050692;2
877880935978369024;2
877871362177552388;2
877860817345011712;2
877858105379307520;2
877852186641747969;2
877841382282539008;2
877836083655921664;2
877809023629787136;2
877799491251916800;2
877770929375334401;2
877766253884067841;2
877765924979261440;2
877765651946815488;2
877761183398281216;2
877758352566124544;2
877725354261004288;2
877722511693144064;2
877697771612102656;1
877687885968793600;2
877632900736335872;2
877604773507104768;2
877576304966717441;2
877565231827787776;2
877523373508702208;2
877509791228284928;2
877503284659015680;2
877455995475120129;2
877453675341402112;2
877404522662039552;2
877390738840993792;2
877364513749827584;2
877354266498711556;2
877347441611112448;1
877282887573291010;2
877241827170103296;2
877224167887831041;2
877207081362874369;2
877201931508338688;2
877194103766777856;2
877189422395121664;2
877173031684239360;2
876932058840539136;2
876877155677814784;2
876760225155436545;2
876726040118386688;2
876517520882233345;2
876492122047868928;2
876146825706692608;1
876054839167524864;2
875920667396325376;2
875766503190257667;2
875762045718732801;2
875759083491663876;2
875758438344790016;2
875729972979281920;2
875659346331533314;2
875652498110898177;2
875639590769410049;2
875539999097331712;2
875134216450830336;2
875047979962519554;2
874755687783575553;2
874597228639170560;2
874560985335332864;2
874427972157100033;2
874273717945225217;2
873989896435892224;2
873955321168904193;2
873458759762198533;2
873277815516483584;2
873238859487866880;2
873176906916483072;2
872838377380302849;2
872576544325210113;2
871822073089413120;2
871819326751375360;2
871406933454061569;2
870633870244315136;2
870611635727208448;2
870230193155096577;2
869832538855952384;2
869123537491111937;2
867812745873248257;2
867400183176462337;2
867120760279769093;2
867020426261794819;2
866981609295269888;2
866981094490603521;2
866733268888162304;1
865579705679962112;2
865573982929428480;2
865348013371396096;2
864648625023893504;2
864643760495493120;2
864500559428149250;2
864202908941918209;2
863764234471182336;2
863759605893144579;2
863272025208573952;2
862470602938101762;2
861999720100757508;2
860915546988175360;2
860201710895079425;1
858978843218063361;2
857481034794901504;2
857164484493930497;2
857071102383796224;2
856732565696258048;2
856594166457016321;2
855497934150017024;2
855298261795561472;2
854815244740329473;2
854730303000252416;2
854537163807043584;2
854462164861636608;2
853801216605859840;2
852398601762471936;2
850261335933722624;2
848474746983391232;2
847190375848710145;2
846392409118298112;2
846390992366284800;2
843181569028239365;2
839776099475329024;2
835792321585242113;2
835531151955673088;2
834017061550616576;2
829563562146172928;2
829479069469245441;2
828694737259409408;2
827969211427323908;2
826331947316162560;2
824788210551291904;2
823232207561093120;2
814197590317109248;2
812174263578927105;3
809947114138693632;2
809840284662202368;2
809400511405367296;2
805464784992894976;2
803728925415325699;2
801511038378196993;2
801507166758772736;2
801505142084341764;2
797812441593892865;2
793054746797936642;2
789804358552530944;2
789245215949328385;2
782397165612199936;2
780911618125365248;2
778061065980567554;2
755855906638667777;2
753242677131354113;2
749963828713185280;2
747788120217755648;2
737562386580705283;2
710841147057315841;2
709122408406511616;2
687709944926306305;2
686495587466907648;2
671970707702681600;2
671861670822580228;2
669597974658424832;2
623826292107005952;2
406518864546000896;2
