;label
862289559253594112;2
860799360078139392;2
860781194962665472;2
862286866170744832;2
860806365119483904;2
860782722712707072;2
869141070201987072;2
860816524550045696;2
869139557446545408;2
862290028483006469;2
860807062099505152;2
860811571932651520;2
860791347019644930;2
869131509449596928;2
866719091217887232;2
860791389767991296;2
869134127504670720;2
860812616872194048;2
862287914230788098;2
862292559418327040;2
862288818438844417;2
869132459287265280;2
860813005801623553;2
860801333808553984;2
864716925380722688;2
869100562918158337;2
860796339340312578;2
860812734497161216;2
862291015591485442;2
860790432011341824;2
860812007129395200;2
869137380766253056;2
860811375970570240;2
860813111841959936;2
860810854316605440;2
860774905708773377;2
868756337672552448;2
860810586396950528;2
860813167911464960;2
860804069174239232;2
869125332229599232;2
860810513411973120;2
860811017445658624;2
860810244712263680;2
860793327289061376;2
868841378922479617;2
860812938764013568;2
862291588516651009;2
860812884816822273;2
869136337793953792;2
849130516087541760;2
860805097705570304;2
862292116520697857;2
860800132866035712;2
866207117740568578;2
869135487692361728;2
862292579366432769;2
860784257391874049;2
867786808838508545;2
869127500026318848;2
869010675103748096;2
860811037960007684;2
862287426298970112;2
862290364815863809;2
860809975790219264;2
860784748305797120;2
860800608537907205;2
862290750717005825;1
860789347364294656;2
862291593612623874;2
860787485332385792;2
860810060158705665;2
869119818888171520;2
862290456478195712;2
869130846577577984;2
860811396837146624;2
869068909416251392;2
862290614586667010;2
869135838705266688;2
860791173929152512;2
862286885124685824;2
862290149698174977;2
850070364050923520;2
862286803285549056;2
868895507975983106;2
861519747296276480;2
860808242305400833;2
862289383201701891;1
862286878640394242;2
860779995924508672;2
869139522273116160;2
862288533733621760;2
862286957598187521;2
860774975162261504;2
862291136169132037;2
860777767708839936;2
862291875700457473;2
860805135387283456;2
864394406689943553;2
860810232787849217;2
869139833712766977;2
862289418870284289;2
860786689920430081;2
862288479987871744;2
862289684562460672;2
862287688891678722;2
862288491325083648;2
862288490645647361;2
862288571197046786;2
862291870080090112;2
860786902311612417;2
860786620361998336;2
860789636372758528;2
862292586559447040;2
862291279811493890;2
860783125961375746;2
860782963713122305;2
869130079040925697;2
860776158945824768;2
869136995917979648;2
869127544271982592;2
862289064170471424;2
860784363797086209;2
860784446185910273;2
862287439846682624;2
860783010672717824;2
862291607080415232;1
860816430148747264;2
862291717302734850;2
869137554049818624;2
862291625560514560;1
860778998393131009;2
860782391006183425;2
860786243528994817;2
860789889486528515;2
862293147132579841;2
860811342814392320;2
869140271090544640;2
860796997057601536;2
860784727330107392;2
860788499578052609;2
860796853528514561;2
869133013283725312;2
860801923712241664;2
860798840814829568;2
860814965179133952;2
862287989149446145;2
869128590390169604;2
860781242119225345;2
860789366632964096;2
860812244862545920;2
861518661764476928;2
860779005359869953;2
860794390691893249;2
860808538297335808;2
860801712931713024;2
860803659738828800;2
860789305740021765;2
860811626676662273;2
862289954856214528;2
860801718279434243;2
860788062867030016;2
860803675501076480;2
860815951608119296;2
860787924341796869;2
860780453997010944;2
860788512265826304;2
869133008518995969;2
860796869592715264;2
861517186057338882;2
860802103127797760;2
860795566913081344;2
869139565344370690;2
869128093105090560;2
869128859614142464;2
860811854406459393;2
869127270698536960;2
869127260170747904;2
869137659914006529;2
861518654445412352;2
860803861312937985;2
862292801614094337;2
860807656453353472;2
860803252736208896;2
869141027713581056;2
860813681294180352;2
860810900529451008;2
869138590818852864;2
868963242370052096;2
860794584976306176;2
860805363947450368;2
860792297797058560;2
860792658951884800;2
860816257985257472;2
862290258741866497;2
860776169389543426;2
860784184092176384;2
869130184447770624;2
862291695416729601;2
862289362922254338;2
862289991795318786;2
860803703892316162;2
860779237267169280;1
869139313623273472;2
862291398221058048;2
862289121565433857;1
860780786164932608;2
862292300558454784;2
862292448655159296;1
862287666624200704;1
862287887701860352;1
862288441404534785;2
860797097385361412;2
862291987109748736;2
862289991627546624;1
862288056446984193;1
862287260506505216;1
862291873150492673;1
860784649408204800;1
860776612077473792;1
862287387405299712;1
862286977349042178;1
862288255198273536;1
862290089325494272;1
862287165098569728;2
862292084799176704;1
862288760083546112;2
862288112881291264;1
860806369603076096;1
860806084008841216;1
862289412687671297;1
862288048695910400;1
862287730776125441;1
862291282655420416;1
862286910634553345;2
862290242673553408;1
862290154525827072;2
862291946059866112;2
862287412516532224;1
862289931464560642;1
862291295217356801;2
862291691067252736;1
862290629883289605;1
862287231716872192;1
862292034006114306;2
862292565437161473;1
862288340263030785;1
860811174547382272;1
862293201595576320;1
862292445144416261;1
862288423192862720;2
862291438922592256;2
862289975328374785;2
862288700692021249;2
860810505610506242;1
862290534064242688;2
862290687638867969;2
862291792879910912;1
865940430516563968;1
862291668460023809;2
860813217622315009;1
860796581628567552;2
862288684665626625;1
862289853727334405;1
862290716780875776;1
862289392139780096;1
860781336440840192;1
862290619384909825;2
862289060550778881;2
860814537758560256;1
862286998983331840;2
860781362424541186;1
860785258123468800;1
862293213188681728;2
862288523625472004;2
860785294085431297;1
866630898715947009;1
862291422640308227;1
862290602486091776;1
860807312075882497;1
862291828569235456;1
862291658561511425;1
862288123669225473;1
862291656254652417;1
860794695164801025;1
862288610925703168;1
862291529343397888;2
862292853002842112;2
860783692670787584;1
860788901681778688;1
860784967957200896;1
862288155235426305;1
862291716023488512;2
862290987913064448;1
860783497388183552;1
862291746490916865;1
862291298820272128;1
862288128014393347;1
860787139142852608;1
862288505472471040;1
862288076659347456;2
860781493789925376;2
862292254571937793;1
860816702350675968;2
860797078141779968;1
860777325360709633;1
862289369046142976;1
862287153174376448;1
862289193782968320;1
860789705301950464;1
862289191895543813;1
862287089211146240;1
860781291368828928;1
862291807647842308;1
860810270414974977;1
860805608328413186;1
862288808238297089;1
860813933527130112;1
869063130235719680;1
862289748118966272;1
862292955054440449;1
862288208838758400;2
862288741863497728;1
862289041168924678;1
860815121320464384;1
862292402425389058;1
869140351193411588;2
862290559926493184;1
862285836187979777;1
862286811711799296;2
862287407667740673;1
862292680650313728;1
862290215670616064;2
862292642226458624;1
862289818503585792;1
860783489343344644;2
860797411048001536;2
862292401444048896;1
862287147658878978;1
862288551152672768;1
862287333831454721;2
860775791386394624;2
860775767013294080;1
862291341321089025;2
857560553115594752;1
860809333306781697;2
869140350333591552;2
862291684822044673;2
860815353215102977;2
860808611848753156;2
862291415618998273;2
860797411475824641;2
860797976859553792;2
860799280180850688;2
860798883286405120;2
862286782078922752;2
862287608570839041;2
860806765998477313;2
860815353550655490;2
862287443046711296;1
862288262194507776;1
862288540704669696;1
860815945983504385;1
862289180520534016;1
860788990588354560;1
862287172229099520;1
862291956512239618;1
862288624196386816;1
862291599526510592;1
860794661010636800;2
862291661585489920;2
862291262019391488;1
862287385979043840;1
862291016459722752;1
860797042834190336;2
862290860087619584;2
869133983262662656;1
862292345420754949;2
862287939845238784;2
862292239136858113;1
860800395244974080;1
862287555374440449;2
869128714218602496;2
869137126687883265;2
860807693413613568;2
869131628584595458;2
860782742149189633;2
860806669118431233;2
869127437346627584;2
869133737598095361;2
860782565052915713;2
860814288537124864;2
862288623915368448;2
860810130425876480;2
860793777593757696;2
860813910919843840;2
869131218666835970;2
860782266443747328;2
862291177516740608;2
868908593696956417;2
868919839049609218;2
869054444884738048;2
868995343177965568;2
869025525175635968;2
869010433667215361;2
869024245963120640;2
862287368023408640;2
868821410302578688;2
869084895363997696;2
869112339953594368;2
868903706623954947;2
869003106649948160;2
860804673036595200;2
860782828065128449;2
868965137494966272;2
868980242135883776;2
860808862848270336;2
860810147165294592;2
860805100285161472;2
860798867100532737;2
862290723948855297;2
862288905139363840;2
854395806979424258;2
862290370331389952;2
860785409462341632;2
862292839362953216;2
860782841499492352;2
860782981673242624;2
860782730799333377;2
860811399047639040;2
869140023425343488;2
862287812854501377;2
862292931360804864;2
869107445968363520;2
860802217720393728;2
862290546479333376;2
860781658517250049;2
860779756714950656;2
869062536511008770;2
869085657808986113;2
869132275459526656;1
868484466620211201;2
860775385767841793;2
869136324477014016;1
862291131824033792;2
862292353138253824;2
862291733610201089;2
862287668817821696;2
862287514509475841;2
860788833801187329;2
862292562224140289;2
860793576707563521;2
868776135051681792;2
860785226544492544;2
862287599058247680;2
860780132419555328;2
869140598988701696;2
869140878622961664;2
862287400147574784;2
860777442939551744;2
869134526877843456;2
869134127869468672;2
864400660195942400;2
860802309118414848;2
862292008764923904;2
862293086285770753;2
862288024822063106;2
860805495522807808;2
860806131643334656;2
860781635243036672;2
864400664109105152;2
862288526985003008;2
862290704906813440;2
869138833203449856;2
860793557086380032;2
860800342887284736;2
860776629643038720;2
860783242265337857;2
862291206776262656;2
862292816457867266;2
862290041187336193;2
862289877332746240;1
860805388903624706;2
860800091698872320;2
869134914653794304;2
867523659165872130;2
860801479497658368;2
862288318096179203;2
860803823492845568;2
860811268613132288;2
865951915653214208;1
862291180071071745;2
860800210145955840;2
869134285839622146;2
860800338063876096;2
869132967431426051;2
869133618781736960;2
860799612881297409;2
860800201249792002;2
860800005178744832;2
862291429472833536;2
869134441116979200;2
860808486741004292;2
869133367060480000;2
860800087361855488;2
869133380184440833;2
862292203246366721;2
862291334928969729;2
860792504400007168;2
868412517760086016;2
860793753505861632;2
860793702335348736;2
860793601571393536;2
860793559485755392;2
860793509258899456;2
860807900507320320;2
860793459623546881;2
860793404942405632;2
860793345559453699;2
860805961849724932;2
860810451348848640;2
860805852218916864;2
860805804416540672;2
860805756437884928;2
860805711328161792;2
860805663768883202;2
860805614817202176;2
860810059726696448;2
860811426079944704;2
860793810808434688;2
860804067790127104;2
860807851907985408;2
860806283544363009;2
860807417847848961;2
860806010101010433;2
860805157763854337;2
860807652233838592;2
868478445516410880;2
866206686440292352;2
866212750850183168;2
862291163855958016;2
860792659589419008;2
862287935621738496;2
860816101420277761;2
862293210877624322;2
860812453382426625;2
862290696312631297;2
869005317723627521;2
860802903564570624;2
860787730531397632;2
860791009260777472;2
862288911489523713;2
860814199441805312;2
862292924234584064;2
860806123477061633;2
868647171821674496;2
869127552991940608;2
862291404193579008;2
869134274456199168;2
869138756636430340;2
860804852301127680;2
860794519113142272;2
860790235721891840;2
862292411942223873;2
869140621310689280;2
862290906933850112;2
860782486309277696;2
862288089162670082;2
860787200522297344;2
860775146855964672;2
869139114934886400;1
869135503332958208;2
869134803265871872;2
862289369314369537;2
860775180020326400;2
862291068515110912;1
862290187820421122;2
862291937956683776;2
862288215788720128;2
862288468415741952;2
860814444749885440;2
869135492792668161;2
860816297604648960;2
860776702007328769;2
860808836399149056;2
860808634296668160;2
860781126083911680;2
860808836252393472;2
860807418456027137;2
860808634212777984;2
869130935303843840;2
860815763350970370;2
868434936168157184;2
860801652747624449;2
860802195998085120;2
860783238851293187;2
860796390053740544;2
860808836072001536;2
860808636909727746;2
860808634392956928;2
860794295783231488;2
860798792903397377;2
860802080512102400;2
860792708511780865;2
860793000896720896;2
860807414374952960;2
869138829499912193;2
860777102974517256;2
860799454366109697;2
860810332935262208;2
860776136439148547;2
862293234617380865;2
860794463366643712;2
862288048012308486;2
862291342524915712;2
868723705735561217;2
860808836290158601;2
860807419491962880;2
860808634267308034;2
860808835979718656;2
860807419265503232;2
860808634271498240;2
862290308976881664;2
860813172990717952;2
860804506455597056;2
866195240289525761;2
862291463606030337;2
862287779119738880;2
860792940909690882;2
860808110453252096;2
860803371514691585;2
868881923636166657;2
860786762653814784;2
868902041330094082;2
860801968117362688;2
869135099446657025;2
860786055984930819;2
862288989436264448;2
868479835726725120;2
860781218819964929;2
862291302834216960;2
862290149387849729;2
869133094275690496;1
860789115972972544;2
860776653336825857;2
869133655062577152;2
862293245623234565;2
869138572493893632;2
860782043625644037;2
860808836336242688;2
869135010959208448;2
860813914480799745;2
862292368921423872;2
860800379092701184;2
869133276614541312;2
862290414870593536;2
862292686707077121;2
869139092562432002;2
866818171759722498;2
862292070190415872;2
860788565566992384;2
860814780596076545;2
869138892208963584;2
862291530702303233;1
869131347998244864;2
860796859257901056;2
860775352356003840;2
860794245795504128;2
860799101440475136;2
860801420223811584;2
860780953282662400;2
862288230779019266;2
869130414639554560;2
869021125078114306;2
860803981471121409;2
862288871563939841;2
862288074889465856;2
869126929454161920;2
860798344058335232;2
860799295280357376;2
860788217666166784;2
860803318439829506;2
836257169133690888;2
869129731295367168;2
862288325708795906;2
860794875524067328;2
860803426841710592;2
869136491699687424;2
862288642961702912;2
869136225969594371;2
868808780812886017;2
860796653145473025;2
869133500582068224;2
860800276642635776;2
860801370533875712;2
860801544601653248;2
862290675626196993;1
860810869327802368;2
862291142498410496;2
862287868227670016;2
860805602158804992;2
860794416612741120;2
869132766658650112;1
862288081759735812;2
862288257115070465;2
869136535454666752;2
869128230363701248;1
869132052117016576;1
860799737783623681;2
860795769971908608;2
869134435194740736;2
869137313829462016;2
869138311373258752;2
862286726361784320;2
862289990394499072;2
869134199839760384;2
862291854062125056;2
869135215574355969;1
862288083223498753;2
860795240885518336;2
869135226907365377;1
869131373596094464;1
860800955599785984;2
869140567275470848;1
869129406891077636;1
862292246976135168;2
860792008553746433;2
869128144221081600;1
860777749065211904;2
860813906461241344;2
869135080752545792;1
860800548781645825;2
860808950303916033;2
860803477441794053;2
860782203114008577;2
860799088807206914;2
868128141331623937;2
868668341115904001;2
860807213958529025;2
869132680255885313;2
860808899057909760;2
866172740818096128;2
862290659197190144;2
862291153550544896;2
862287381222887426;2
862289566593462273;2
860808287868080128;2
869136315698335744;1
869129456585236483;1
860801914908418049;2
860801065603788800;2
869131933887991809;2
862288586506481664;2
862291102891520001;2
862292214734626817;1
869129242327568384;2
869134999823536128;2
860808816618852354;2
862288668492537856;2
860816215207419910;2
862292668902105088;2
862292886251065346;2
869133788562980867;2
860807141715832832;2
860802851601342465;2
862291219904376833;2
869136417758343168;1
862288253986246661;2
869137013395472384;2
860784973158154240;2
861518938802454528;1
868468114626924545;2
862287315468681217;2
869032603466178562;2
862292459648200705;2
869135019041738752;2
862288397800439808;2
862286919824289792;2
860809187244298240;2
860797895427186688;2
869141417855242240;2
862288632148885504;2
862291700684926977;2
869125287556128768;2
860781208816451584;2
860808745336680448;2
869137415520350208;1
869110966394474496;2
860806762638827521;2
860806630140780547;2
860775026110341120;2
860813913956401152;2
869133394352975873;2
862287446612029440;2
860788776909590528;2
862288648557010944;2
869128618638757888;1
865926375089352705;1
862293205584408576;2
860806568258019328;2
860806510791798786;2
860809007736422400;2
861519716384374785;2
862286730950578179;2
862288841285271554;2
869132737315192832;2
866134945160241152;2
860792699984728064;2
860792764241522688;2
869007961825452032;2
862289492941520896;2
862291460447776769;2
860809062342066176;2
860802596814159872;2
869136470447194113;1
869135623365570560;2
862287391993856001;2
860793069272264704;2
860792313773162497;2
862289801835409408;2
862289045455593473;2
862286742333816832;2
860806691910287360;2
860808747358318592;2
868469171897720832;2
860784766261514242;2
862287563503087618;2
860785032113291264;2
860807882152886277;2
860792486918320129;2
869141170181505024;2
862291423873433600;2
860797681685475328;2
860803573956976641;2
860805611956707328;2
860813235422994432;2
862291336615133184;2
860803631611772928;2
860799938984267776;1
862288337377402881;2
862287273446002688;2
868167839408115713;2
862290124750508033;2
860806455691288577;2
860806397784666112;2
860806339722973185;2
869134780402675712;2
860792810613637120;2
860792543394639873;2
862290308297633792;2
862289722084921344;2
860806883938095104;2
860806225407115264;2
867399746989813760;2
862293097870503936;2
862292903871348736;2
862287421966340099;2
860784032044285952;2
862290730231975936;1
862289279602409476;2
860807014049619968;2
860806824861327361;2
869135381685514241;1
862286917278281728;2
860793007527931904;2
860802095217348608;2
868867727452061697;2
862287757422583808;1
869140286223646720;1
860797847947628544;2
860810647701008389;2
862291343925751810;2
862288873900191744;2
860792875306688512;2
860815784280342528;2
860787484984299520;2
869128906711982080;2
862292627089223681;1
862291786466709504;2
860795018201755648;2
860794969635926017;2
860808877402730497;2
869139376139325440;2
869127749767770113;1
860779707855491072;2
868865510389231616;2
860792631533731840;2
869134887969751041;2
869128222373543936;1
869140713128308736;1
862288523206041601;2
860801319975702529;2
860797799851544576;2
860806949889331201;2
860809998414127105;2
869134000568365056;1
862292584412188674;2
868991549622931457;2
862290069935337472;2
862289052204191745;1
862292163589263362;1
860781421450932225;2
860811426943967233;2
862286845442445312;2
862291566744014849;2
828684811996794880;2
860784972415864832;2
860781245592211456;2
860793564426588160;2
860782198873567232;2
860797060198486018;2
860781421249544193;2
862288290933813249;2
862290296188657664;2
862290079775117312;2
860797949420474368;2
860807074955046913;2
860807603168964608;2
862291291043975168;2
868362645417730048;1
860779692999163904;2
860779232074506242;2
860813274367102976;2
860793791011328000;1
860803621029654528;2
860792574642188289;2
860805363100262404;2
869133582480142336;2
860796553056755712;2
860800636853596161;2
857637810051919873;2
869129886178430976;2
860793413897211904;2
862292450731106304;1
867522898583363588;2
869127317012000772;2
869135060267618306;1
860782831856795648;2
869127577427992576;2
860805311573233664;2
860805007138058242;2
869132154021834753;2
860781365188579329;2
862286894088024065;2
862287185323667456;1
860800063395823616;2
860803964555730945;2
860807294816276480;2
869133433011941376;2
869130212398825472;2
860778648177000450;2
869134682918711296;2
860812114314670081;2
860779547310014464;2
860793430741577728;2
860799484955152386;2
860793868853366786;2
860805520252448769;2
860805420050468864;2
860804962237939713;2
860780271989379072;1
860784593439535104;1
868846859770617856;2
860812090751111168;2
857560544261410817;2
860798434013564930;2
860804408434720769;2
860804310040551425;2
860804162073899010;2
860803858913792001;2
860805568688160770;2
860805254597808128;2
860805205511876608;2
860805100729757700;2
860807699113680896;2
862291617885167619;2
860785539007512576;1
862291517662277633;2
860796049278984192;2
869134250448109569;2
860784228266639360;1
862291337382510592;2
860804264985341953;2
860804215983230976;2
860804015642341376;2
860803913016102912;2
860806103906611201;2
860805468830171136;2
860805050716782592;2
860799247389790208;2
861519904700235776;2
862292573469241344;1
862288269119295489;2
860789805386543104;2
862291140044873729;1
860792522360147968;2
869127440450408448;2
801526872182063104;2
862291205404622848;2
860815017209458689;1
862289188502241281;2
860793922393706496;2
860806055881838592;2
860809936493740032;2
869139226092294146;2
860801621634187265;2
860776721003429888;2
869130266933121024;2
862291276183601152;2
860785694817603585;1
860799129886248960;2
860778608251371520;2
860801015494434817;2
860803805281214464;2
860803758036590592;2
860806149448376320;2
860810115733172224;2
860804814334283777;2
860804560373379072;2
860777472404672512;2
862286959246430211;2
860801058255368192;2
862292443898589184;1
869136714333274112;2
862291966683492352;2
862288920591056896;2
860808588914307072;2
862286872936054784;2
862291773510623235;2
860795696173260801;2
860788416572788736;2
860775788358103042;2
860810426514321408;2
862292362780954624;2
868961725818732544;2
860800341343739904;2
860779291998437377;2
860808689338462209;2
860798051811827713;2
860797972593999872;2
869140230221312002;2
854395814495395841;2
860810408030031872;2
860802952000401408;2
860802546700562432;2
860799564072329216;2
862291166666014720;2
862291454768672769;2
860783219137855489;2
860800085877182468;2
860809995826475008;2
862291163696574464;2
860786804429119488;2
860802489037279234;2
860808011169894401;2
860804114053292032;2
860807805737078784;2
860807763869478912;2
860800125916106752;2
862291773736878080;1
860780146583900160;2
869137998713061376;2
862292364760666112;2
862287800472932352;2
862291354377965568;2
862291449814990848;2
862291229542719488;2
860781260641325057;2
869138092766179328;2
860779430330994692;2
862288196780122112;2
869131280662896640;2
862289198669340673;2
860797051856183297;2
869138024545697796;2
860812910016290816;2
860798151309099008;2
860808224588673024;2
860779596840673280;2
868096177811714049;2
862291385139044352;2
869139137617592321;2
862287943272210432;2
869128836134313986;2
862288346768445441;2
862287349266493441;1
860811648680046592;2
857417871906947072;2
860783179099234304;2
862292310524088322;2
860806960219860996;2
860789964510031872;1
860776705388040193;2
868847650426245121;2
869138792480997376;2
860784955164508160;2
862290257537941504;2
860801395502534658;2
860777681566257152;2
860811539082866688;2
862291609219731457;2
862293044392992768;2
862288078332973056;2
860811353514164224;2
862287397798674433;1
860780757840576512;2
860808703712382976;2
860797694473678849;2
869135316501876736;2
862288661165076480;1
862287257188749313;2
862291131781890048;1
860798386617950208;2
860808370667835393;2
860798005645127680;2
860810547222151168;2
860810258612195328;2
860802020541911040;2
865049343488913408;2
869139177954258944;2
868451751556415488;2
869131015473811456;2
860798940282748929;2
860782435918688257;2
869134526051631108;2
869128519598587904;2
860782581696020480;2
860775109463879680;2
869130232971657216;2
860790781669294080;1
869133313922879489;2
862287508289093632;2
860799203819245569;2
860813753054629888;2
860798998088757248;2
860798750008258560;2
862287515083956224;2
868406448828502016;2
860778580674039808;1
869135227263660033;2
860778865110667264;2
860778948010975232;2
860808746557214720;2
860792577666146305;2
862289070835343360;2
867995994025099264;1
862289009938096129;2
869126990405697536;2
860775700436893696;2
869134270698213376;2
860798110380965888;2
862288783508725761;2
860781492888358913;2
860777434316197888;2
862290191389782018;2
862290941314560000;2
860781276604891136;2
860810731054387200;2
862288905357459456;2
860798326198775808;2
860781008450224128;2
869135009457643521;2
862290304807956481;2
857560557125324800;1
860792002337808384;1
862290073777315841;2
869128711408304128;2
861546162452480001;2
860788007661645824;2
862289929342201856;2
860803206506479616;2
860794367660916737;2
860808064135553024;2
860809432359456768;2
860787025737388032;2
862289177529901056;2
862290249111752705;2
860798702549483520;2
869134536457584641;2
860784450640068610;2
862287723985612800;2
869133282943922177;2
860788444901101569;2
860785040770387968;2
869135731943497729;2
869128292711882752;2
860797697581645825;2
860799605646082050;2
860781149165166592;1
862291159665844224;2
860808437193740290;2
860810010309349378;2
860795088569544704;2
860798309149093890;2
860806274354688000;2
862289457197834242;2
869076234382213120;2
869133754471596032;2
860792106385682432;2
862287496440406016;2
862293134792769536;2
862293196033802240;2
868862225653432320;1
862287614593957888;2
861518920259424256;2
861518683960639488;2
861518634119835649;2
862290337410277376;2
869133489571979264;2
862288752734986241;2
860787776635244544;2
860800720865329152;2
860800709628805120;2
860804863772561408;2
869118454170865664;2
862291136689426434;2
862289637804564480;2
860795860392738816;2
860778971021148160;2
860786530134237192;2
862291152279670786;2
862291829076762627;2
868878310171979776;2
860809752946790401;2
869132965778935808;2
869133234961092608;2
857560547100962816;2
862291229513592832;2
869138830200373249;2
862293151419166720;2
860809513418596353;2
860809326532931584;2
862288191595790339;2
860798694630637568;2
862290657943179265;2
869134385236238336;2
860800205418921984;2
860807351171002368;2
860807557123911681;2
867247841139318784;1
862287149533716481;2
860790672894418945;2
862291160655687680;2
860797805161586688;2
860802369650667520;1
862289560952287232;2
869125355658936320;1
868893873464070148;2
860811949956710401;2
862792694980116480;2
860801353588903937;2
860808944415100928;2
860784640969371649;2
860810383765929984;2
860789180024094721;2
860792842083553280;2
860810681825841152;2
860793148368457731;1
862288369312825344;2
869138880322252800;2
860800654637375489;2
860790290394882048;2
862288376879304707;2
869115046198218752;2
862292731066032130;2
869129129773453312;2
860808673974599680;2
860790794139176961;2
860811397155782657;2
862290682479816704;2
862289155174223872;2
862289832072040448;2
860782063066071040;2
860792558779113472;2
860792799716888576;2
862288453853229056;2
860804003638247424;2
860811529909932033;1
860800224767483904;2
860778738149203968;2
860780334929113088;2
862293220549681152;2
860800203950964736;2
860800636685754370;2
860776731430367232;2
868409932512722944;2
862288459393839104;2
860808702160490497;2
862292584970018816;2
862287567143616512;2
860782119206957056;2
862290702176223236;2
860813664768581632;2
860784178639634433;2
860808065179844608;1
860790508322308096;2
862289937886048258;2
869275032811393024;1
869137444670722048;1
865845415131926528;2
860803099199406080;2
862291645127176192;2
860778241220542466;2
869127191791099905;2
862293241936232450;2
868541613529858050;2
862288333417959424;1
860789105688539136;2
860807173340766209;2
868773899147898880;2
869132746567946240;2
860805108392755200;2
860808077049606145;2
860808703729119233;2
860815211778977794;2
869117364020924416;2
867834902590443520;2
862291167668576256;2
862292506238529536;2
860781395559534593;2
862291401475862528;1
860815230284296192;2
864400675131736066;2
862286690420891649;2
860803657478152193;2
860813568203083776;2
860776707980009472;2
862292642180288512;2
862288623827271681;2
862290098238271490;2
862288176097964032;1
860799605134544896;2
862290011126935552;2
860816696965177344;2
869134654313447424;2
860776910552539137;2
869140817130246144;2
860808701623631872;2
869137313099427840;2
869137302731096066;2
862287399673581569;2
862292403385901057;2
869130276391268353;2
862292876369068032;2
862291956017147904;2
860789991013851136;2
862292793854701569;2
864215214727843840;2
869131835170836480;2
868213508298596352;2
862289925814800384;2
862288734036779010;2
869131453556072448;1
862291373998952448;1
869125976722202628;2
862291900556038144;1
862287401795723265;1
862286988291915776;2
862288623391080448;1
869133873854251008;2
860807626094981120;2
869129793194921984;2
858983696958988288;2
869134419990204416;2
868888001689956352;1
862290143608176640;1
860800825110691840;2
862291286438662144;2
862291211008311296;1
869102613631037440;2
862287902801371137;2
868922071698604037;2
860780980147302404;2
862287450865053696;2
869133384458436608;2
862290143394242560;2
869014688473993216;2
868954483996413954;2
869130818693804032;2
869134593269440512;2
860784955080691712;2
860781181901709313;2
869129277643653121;2
862291132667109376;1
869060050148618240;2
860810225334587394;2
862286988388556800;2
869127281167544321;2
862288182003601410;1
792851310747934721;2
860775949087817728;2
860789930812997632;2
862288222801580032;2
862289322833084416;2
860816239769374720;2
869050375382237185;1
862292390543065088;2
862293084662583296;2
862289657916268545;2
862292228500332545;2
860793838260113408;2
862292866386624513;2
869134493197586432;2
862648950851031040;2
869133485600124928;2
862291437089673217;2
867122478082121728;1
863391318478901248;2
869136816359841796;2
866111311092043776;1
860806393728815104;2
860815457221308418;2
860792516962025472;2
869132743732580352;2
862291488289558529;2
862291115826958337;2
860784974911373313;2
869131517821407232;2
869135766844301312;2
862288402120683520;2
862289919640838144;2
862289929187074049;2
860799956558503936;2
867389780979441667;2
860775690576302080;2
868161564230025216;2
869108786337808388;2
869285692786044929;1
868635508091572224;2
862292474903101441;2
869135061790195713;2
862287921667338240;2
860799894394740736;2
860796481837686784;2
860779179670994945;2
862291371129880576;2
869129996060819458;2
860803909476118529;2
868767061203406848;2
862291867790135296;2
862287696651325440;2
860800502166159365;2
869137124552884224;2
865777799532912640;1
860805221173387268;2
869129746864537605;2
860799103831244801;2
860808935800008704;2
869138579074813952;2
862287496742412289;2
862291499475718144;2
866260535662190592;1
860799860366336001;2
862291543847075840;2
862291750035083264;2
862286886018174976;2
869123853796204544;2
862287365435469828;2
862293224781737985;2
869129270320402432;2
869130976735240192;2
862290856027357184;2
862287607140458496;2
869108239367098368;2
860795660337115139;1
868926233811320833;2
860807493328523265;2
860778552311951360;2
860794258177093633;2
860813905345622016;2
862290012779315204;2
869139409274376193;2
869126725363519488;2
860812213426061312;2
844462724897746946;2
868947095071444993;2
861546228965920768;2
860785094453207040;2
861546261358551040;2
860810960772190208;1
862290925627691008;1
862293157039534080;2
862292377326821376;2
860795527440543745;1
860777409553072128;2
869138760549748737;2
862291028145049600;2
862289015650869249;2
862291239206625280;2
862292214252285952;2
862291244348837890;2
868859426891083781;2
862291507193294849;2
862289826892181504;2
869101780981993472;2
860803856627793920;2
860796291432931328;2
862292213631512577;2
862292355940057091;2
862287220979507201;2
869126732414058496;2
869140011400265728;1
868189830995263488;2
860803833894760449;2
862288316787544064;1
860777421779460096;2
869140607616286720;2
862291926921297920;2
869133341966049280;2
862286770792214528;2
862290947169689604;2
862289880436625408;2
860816693307744256;2
862292791333867520;2
862292684148527104;2
862289386628501505;2
862288197577043968;2
857560571364986880;2
860792975860879361;2
862289405691678720;2
862292073319235585;2
862292734375276544;2
869139442400993280;2
860806439450943489;2
860421820603936769;2
869119444257255424;2
862286811191799808;2
860810401876803584;2
862287394451714048;1
862290050108751872;1
869132503541465088;2
860798561725763585;2
860797584603992064;2
860800333311746049;2
860797818604183552;2
860775161787592704;2
869132515356811264;2
860798688913793024;2
860800331512291328;2
869134784802324481;2
860800608931938305;2
869132973353779200;2
860797822278303745;2
860799596372516864;2
869132522986381312;2
869134383772454912;2
860800339422855168;2
860797820491620352;2
869132970967408640;2
860776697557245952;2
869133747249004544;2
869135020740431872;2
860800706399223808;2
860800703001804801;2
860800663705468928;2
869133756354797573;2
860800013978312704;2
860800088624451584;2
869132743120109568;2
869133494596771841;2
869133384122908672;2
860800083750551553;2
869133752554868740;2
869133374127972352;2
860776803555721216;2
860776717912219648;2
860799611081867264;2
869134393129844736;2
860798550870904832;2
860775168976736261;2
869133287955939328;2
860792295175495684;2
860808747148603392;2
862289392752181249;2
862288845873844224;2
862287498449489921;2
860799922127458304;2
860801784977264640;2
862289608670932992;2
862287389649231872;1
862290105012297729;2
862288666827399169;1
862291414805344256;2
862291419880402945;2
862288842866524160;2
862292123554467840;2
860805098141777920;2
862290003673714690;1
862290829364408321;2
860780598796922881;1
862290201120354304;1
862291254058639360;1
862291486410510336;1
860799532485017600;2
860791807512383488;2
869136600600588288;2
860788792323604480;2
862292443487711233;1
862290035730731008;2
862287647032492032;2
862291141722611712;2
860805149593395200;2
860788924532350976;2
862288668442193921;2
862291148584361984;2
784380679559708672;2
862289004422725633;2
862291695995637760;2
862290829188190208;2
862288757776580609;1
860796619104542720;2
860782849724530688;2
862290581434671105;2
860798907143512065;2
860789003095650304;2
862287332010885120;2
862288212902854656;2
860815604554407938;2
860780245632155648;2
862288584518246400;2
860788696592687104;2
860816481965166592;2
860790013025439744;2
860806401915895808;2
860796045420224512;2
862291696695951360;2
860790828972646400;2
860815316863000576;2
860787676634431488;2
860788200138092544;2
860789223174963201;2
860782589212147713;2
860803708275245056;2
860796954476920832;2
860805345454678016;2
860779423196262400;2
860805035352969218;2
860798612464259072;2
860782329874178048;2
860781257139015680;2
860812758606004224;2
860795514899415040;2
860806922772992000;2
862290934091759618;2
862288884100603905;2
860787409188823044;2
860798036691214336;2
860813349088444416;2
860804494010994690;2
862286771316379648;2
860799733660393472;2
869139306446716928;2
869130502799806464;2
869120776829644800;2
860809569181806596;2
860814550425382912;2
862291211972788228;1
860784161325449216;2
866615815411568640;2
862291175579013121;2
862287376651046913;2
862292403406983169;2
860793906946068481;2
867399707236196352;2
869140371594510336;2
860808373658411008;2
860811596255424512;2
869128268804485120;2
860794319321608192;2
860811668250644480;2
860796738583572480;2
860805940513255425;2
862289150178844673;1
862288625060466689;1
860801176454955008;2
868904828373803009;2
860797330165039104;2
860783720625844230;2
868524493806870528;2
865338918043963392;2
862287392748777473;2
862289190406500353;2
862289033883529217;2
862291305719713797;2
862287440115060738;2
862286860265168902;2
862289230910902274;2
869134937194201088;2
860777186684547072;2
860801362644357121;2
869124296714715137;2
862289026899996672;2
862288382310756357;1
860796294972846080;2
869128370440863744;2
860794418290405376;2
860792022973554690;2
860798729107976196;2
860775282130767873;2
860805636879073280;2
869136357603594240;2
860784147949924353;2
868833640930844672;2
860792524264415233;2
860787543121506304;1
869137369877938176;2
860801843605237760;2
860789833513541633;2
860777180577619968;2
862290912814092292;1
862290334092369921;1
862291365744582658;2
869137319319568384;2
869137326693154817;2
869137276915273728;2
869137293629464576;2
869137331135029248;2
869137285811290112;2
869123455068852224;2
869133908532764673;2
860814701667733506;2
862292849001246721;2
862292890126401536;2
862292840734314501;2
862292806890475521;2
862292857540943876;2
862292820798742528;2
862292885005246464;2
860812918467809281;2
860797063705001984;2
860783461338152960;2
869137256090566656;2
860791012825808896;2
860809898950623232;2
869140285338595330;2
860805367856541696;2
869129731119165440;2
860784969190436864;2
860797049742274561;2
860775908160016385;2
860787256747065344;2
860802333789356032;2
860783907767283712;2
869130826176483328;2
860780872110399489;2
869129739889516544;2
869133109853380610;2
860794579523690497;2
861546229825777664;2
862290638112522240;2
860788229355827200;2
862287795074760704;2
869138291525902336;2
869130816277946369;2
862288668442198018;2
860795334187941888;2
860804138145394690;2
860814210271506432;2
860809172102860800;2
860792806876622849;2
862289923109515265;2
860782737300627456;2
869140184373317632;2
860816396372062208;2
860796591300542464;2
860776473489178624;2
860816723330682880;2
860800355420000256;2
860780244353069056;2
862291192276541441;2
869137669758046208;2
862287407915380736;2
869132632851980288;2
860812943759474688;2
869136413454987264;2
869128866312445954;2
860802882559516672;2
869135158611509254;2
860794083840806913;2
869138952418144256;2
860811715038121985;2
869126345938399232;2
860807904366120960;2
860806650428608513;2
860789044057444352;2
860801620204015616;2
860797836572676096;2
862292437619888129;2
869127604581879808;2
860784002613084161;2
869133895048060929;2
860791572908187648;2
860785258014416896;2
860775185531719681;2
869130119595663360;2
860777711161180161;2
860810436115140608;2
860807075466797056;2
860808704165281792;2
860808702571552769;2
860807075483529216;2
869134794122309632;2
862287830831296514;2
862289439833370625;2
862292180811083779;2
862288192283791361;2
862287711859855364;2
862292706109923329;2
862287376651083776;2
862290110620082176;2
862287913459097601;2
860805428279685120;2
869140494642814976;2
860785422372401153;2
860793047071809542;2
869102564725358592;2
862290436886540288;2
860785784558804992;2
860789313751089152;2
860808746959818752;2
860808747144400898;2
860807075441631236;2
860808704261853185;2
860807075399704577;2
860808704379174913;2
860808747064725504;2
860808746779455488;2
860807075500367872;2
860808704274251777;2
860813448317345792;2
860784150554562560;2
869127167728340992;2
869133497943769088;2
860775175427575810;2
869133496429682688;2
869133740508717057;2
860797692699484161;2
860797680741531649;2
860776710035218433;2
860776618230390784;2
860776622495944704;2
860800199878258688;2
860776616921677826;2
869133360886448128;2
869133610577571841;2
860776624408506368;2
860776712774205440;2
869133315625828352;2
869135005036892160;2
860800198364114944;2
869134918189580288;2
860800094680915968;2
869134916520259586;2
860800093112238080;2
860814575733571584;2
862289955829297152;2
862291092942749698;2
860776507764916225;2
862291380038709248;2
860800276223201282;1
862287721825525760;1
862288188500566016;2
862289500302700544;2
865952057450049538;2
860805101862010880;2
860798860154818560;2
869132786380222464;2
860800208313081856;2
860798565873930242;2
860798591014535168;2
860777222449188864;2
869134265241358336;2
869133616445505536;2
860799590324346880;2
860800206727561216;2
869133614675394560;2
869134382526636032;2
860776631312424960;2
869133613136191488;2
860777203818143744;2
860798703900049408;2
869134386448318464;2
860798701219979264;2
860809429922533376;2
860799594694811648;2
860797613548773376;2
860798596794404864;2
869132753584791552;2
860776627919134721;2
869132988247719936;2
860776615579492353;2
860800638946426880;2
869132983768240128;2
860797690677911552;2
860797688777850880;2
860799865068171264;2
860800626539679744;2
869134394367266816;2
860800620130848768;2
860799862337556480;2
860797684315181060;2
869132629311840256;2
860800616268001283;2
860807594155294720;2
860807981507776512;2
860791495120564224;2
860777855248203776;2
869132927220805634;2
860801492973895681;2
860809144353382400;2
861518624263196672;2
869128762042060800;2
862291140762099713;2
860796362782330880;2
869131229211373569;2
862289516043829250;2
862291043118587905;2
862291159158280193;2
860779491785940992;2
868527431291990016;2
860792550537351168;2
860776716062478337;2
860808284403400704;2
860808270411214849;2
860776726585950208;2
860808262094004224;2
860808279978528772;2
860813907937677314;2
869135532386922500;2
869134021602816000;2
862291151591788544;2
862287550605664256;1
862289887784980480;2
862290294359937025;1
860785636067786752;2
862293189574750209;2
862291924367138816;2
862291566907490305;2
862292906845122560;2
866905814597902336;2
857639493922422784;2
860778732520439811;2
862288524439113729;1
869403015999913984;2
586148530785353728;2
860779054324211712;2
862292839954345984;2
860805650502340608;2
860797717202817024;2
866596875440463872;2
860796303449759744;2
869139580527804421;2
869135726071476224;2
862288799405137923;1
862292824104079360;2
869132968450809856;2
862291364859588608;2
860814147516346368;2
869123801702948865;2
862289594481508352;2
869128193688559616;2
869138783672963072;2
862288271015116800;2
862291596502544384;2
869133766819708931;2
862291405099741184;2
860786775962386432;2
862287410251673601;2
862289482892152832;2
862291564210651136;2
868196068600799236;2
862291062773227520;2
862290978161426433;2
868464812602392576;2
860786667463909376;2
862287383256891393;2
860797755182264321;2
862292441751224321;2
868477939779817476;2
868823016477741056;2
862291570481143809;2
862287682550083587;2
860803847375212544;2
862290587726340096;2
862290761353711617;2
869134761620418560;2
869134234857857024;2
862288535826702336;2
869133408458244096;2
862288239679348736;2
862288564012302336;2
860801566319706112;2
869133510619013120;2
867399712047058944;2
860775746884833280;2
869133361352134656;2
869133254703562753;2
869134101193793536;2
860814360310165504;2
862289082638114816;2
862288436123906048;2
869069894297411586;1
862287826758520833;2
862289625062277125;2
862288836696522752;2
862289373232066560;2
862289114019766272;2
862288804165672960;2
862289190213623808;2
862292146094821378;2
862291007580192770;2
860804573891629056;2
862289889030811648;2
860776657493282816;2
862289212107882497;2
862290480993718273;2
862291003012558849;2
862288387075588098;2
862293077733539840;2
860775694011293696;2
862290566507352064;2
862291658846617602;2
860791374140014593;2
862287554845982728;2
862291133476597762;2
862287532289118210;2
869134055052238849;2
869134390479142913;2
862291733417267201;2
862290087274397698;2
869134300184100864;2
862292023402840064;2
860799068238471168;2
869134005743964161;2
860790149348814848;2
860779160142262272;2
869133878488735744;2
860780284442267648;2
862292336029573121;2
860810735160635392;1
862289508607381504;2
862289620725313538;2
860803005800603649;2
862287168538120192;2
860781797986127872;2
862293178367561728;2
862291272610062337;2
862293090127753216;2
862289342617849857;2
862288641913217024;2
860803327134707712;2
860810691581808648;2
862292374722150401;2
862289007383891969;2
862291565724684289;2
862289012492353536;2
869133333837398016;2
869133141029535744;2
862292246481293312;2
862286958902616064;2
860776671053479936;2
860810725740171264;2
860816468761427970;2
860816661024194561;2
860796211279917056;2
869134562055540736;2
862288508723101697;2
860806561811136512;2
862291102832803842;2
869136839462055936;2
869133308042530816;2
869133950215520256;2
862287608763822080;2
869133486451417089;2
860785758667493376;2
862291901965246465;2
862292758895120385;2
862289885889044480;2
860796560250109952;2
862287690560978944;2
862287991141670912;2
860800507522273280;2
869133283522564096;2
862289905069826048;2
862290211253964800;2
862288287301500928;2
862292218425425920;2
862287489091985408;2
862288617938472960;2
862289408849985537;2
862289986351136768;2
862288726633918464;2
862290833168629760;2
862290723940577280;2
869140567212601344;2
862289450516320260;2
862287606482182149;2
862292030923227138;2
869131021719154688;2
862292959705935873;2
862287597749579777;2
860782560393256960;2
862292138608009217;2
869133563953795073;2
862290801199591424;2
869133432919478274;2
862288606639128576;2
860793372704858112;2
862292871327756289;2
862291916737662976;2
862292413292961792;2
862291422225059840;2
862292171969486848;2
860778837373616129;2
860780770704715776;2
862289291648483329;2
862293137900924928;2
862291422715817984;2
862287970883313664;2
862292594872774656;2
860782587173896192;2
862291581067505664;2
862292315162918912;2
862288148897968128;2
869133161648619520;2
862290993030340608;2
862292035092578305;1
862293087191613440;2
860809045099384832;2
860815436044263424;2
869140578029711360;2
860776506745860097;2
860813074919567360;2
860798045562318849;2
869133459645538304;2
862289202574053376;2
862289086236766209;2
862293257409232897;2
869133206410350592;2
869134165454618626;2
862292087420723200;2
869134215207469057;2
869133180439109632;2
862290330049286144;2
869134630531735553;2
869138019948781568;2
869136020016640000;2
860801821916495873;2
862288499315224579;2
860796316045254657;2
862288429425491969;2
862288516394496003;2
862290717347020802;2
869134330672496641;2
857560548526960642;2
862287840364965888;2
862289754355777536;2
862293185036304384;2
860800982887813120;2
860778111436181504;2
869134367880171520;2
869141275500347392;2
860786143121616900;2
862290689102680064;2
862289666489417729;2
860777753452216320;2
862291268751302656;2
860777014453829632;2
862291575375900674;2
862289513627832321;2
860802723092066304;2
869133909442740225;2
860801885019807745;2
860812849718931456;2
860808373310287877;2
869134462168080384;2
862292067279556609;2
862288492214329344;2
862291749716107264;2
860816547069272064;2
860779575864942592;2
862291846600339458;2
862289335483334656;2
869133927184687104;2
862292099487719424;2
862291939131105280;2
862291184273719296;2
862289909289299968;2
860793825920417793;2
862290880677412864;2
869139062644518912;2
862291892804796416;2
862288534115241985;2
862291015608172549;2
862287609183318016;2
860784691183595521;2
862292207704973313;2
862290543992160256;2
869136253421326336;2
862288011685482496;2
860807920027488256;2
869133545582743553;2
860780423634354176;2
862286290670280704;2
860808470269964289;2
860786021662937088;2
869134678342590464;2
862291515846127620;2
862287166453542912;2
869134076577325056;2
869134277950058496;2
862292530788016128;2
862287885914955776;2
862290391097159682;2
862292658277949440;2
869134030716887044;2
860779010468577280;2
862292901564383234;2
862287223521251329;2
862291061397364739;2
862288602193113088;2
869133837472677888;2
860791945848901632;2
862288512548319232;2
862287991271825409;2
862286719210496002;2
860810760473149444;2
862289510813532162;2
860778019367116800;2
862291116892336128;2
862289942315016192;2
862291324237565952;2
860814905041178625;2
860792678820102144;2
860776832794320896;2
860774826864234496;2
860784532764729344;2
862292947173228545;2
862292513897316354;2
862292408184086529;2
862292892483809280;2
862292899505078272;2
862289390248222720;2
869128040789487618;2
862288927092297730;2
862288360844513280;2
860811575879507969;1
860497247917789184;2
862291248987746305;2
862292678758871040;2
862292477142806528;2
860811443112947712;2
860788939996647424;2
862291252938715137;2
860784291101454336;2
862288882574000130;2
869082577327591425;2
860786108996571136;2
860786031548702720;2
869128290862321664;2
860784355685277696;2
860784281555095552;2
862288403257114624;2
869139698391842816;2
862289512709341184;2
862290186369208325;2
860807165136715776;2
860791803938734080;2
860797883683020800;2
860797881644531712;2
860797864426983424;2
869133200077062144;2
869131813410582528;2
868616301991927809;2
860782190937767936;2
869132601927315458;2
862289634377822209;2
862287931704315904;2
860775127566372864;2
862291360761741312;2
865957548586938370;2
860783242797924352;2
860781934837874688;2
869138143693484032;2
868754031958781952;2
869136231925522432;2
862287301753176065;2
860781662023680000;2
869131210945155073;1
862288004102193154;2
860785082784722944;2
860793010115796992;2
869127355536740352;2
860800093754150912;2
869135053028196352;2
860782247678541824;2
869131466751578112;2
869136342441218048;2
860796958360956928;2
860786712104054784;2
860794299528749057;2
860794056233951232;2
860815221581021184;2
868890828030300166;2
869135160687591424;2
860777720820764672;2
869060355116462080;2
860784194267500545;2
862292615361957888;2
869351801610526720;2
860809678070140928;2
860790121922277377;2
860816704997253121;2
868767659172777984;2
860794285205180420;2
869138834608533504;2
862292698547580928;2
868808854271913985;2
862292516141400066;2
860807230354075648;2
862287725063540738;2
860782760872607744;2
862292689215205376;2
862291116833607682;2
860801554944622592;2
862287384305692674;2
860802464139931648;2
862292883583508480;1
801505142084341764;2
868844583366656002;2
860802558302072832;2
862287112758054912;1
862290179003830273;1
862292842714198016;2
869123655460167680;1
860803433124769792;2
869135256493981696;2
860783722358083584;2
862289424830406657;2
862287165316710401;2
862289095917096961;2
868990124952104960;2
860815325675311106;2
862286897330225152;2
869078309237346304;2
862291413953851392;2
869137522135322624;2
860808439609655296;2
862286804719812609;2
862288198378106880;2
862288058712031234;2
869129605084581889;2
860778085964279808;2
862287299945668609;2
862288217231548417;2
862292113639264257;2
862289468698525697;2
862292997521760257;2
862292110795472897;2
860797419004477440;2
860784159270330369;2
862292300768129025;2
862288309875351553;2
862291466990866432;2
868499454487216128;2
862292655790751749;2
860783964520419328;1
862291631755735040;1
860815447578595330;1
860776694269046784;1
862293124718227457;2
869134670251909121;2
860776132303630336;2
869139611318198272;2
860775084360945665;2
869136223805349888;2
869134929069826050;2
860775356541882368;2
860776655496851458;2
860775091923296256;2
860781276235694080;2
862291223243083777;2
867399734373175297;1
866029831791759360;1
862293169588903937;1
862291227118620673;2
862293075791687680;2
862290144568778753;2
868916034941616129;1
865976866099916800;1
862291180524122115;1
860804907091275776;2
860794320609267712;2
860801223355707392;2
860800471400886273;2
860807678624493568;2
869130245802049539;2
869130262327640065;2
860812429671809024;2
869132031887908864;2
869030114373361664;2
869025842722201601;2
869071134859251712;2
860794370043203586;2
860785264842739712;2
860783545094201345;2
862289151739150336;1
869126416205463553;2
862291599119831040;1
869134179530944512;2
862291324028026882;2
862290206451486721;1
862291135154335745;1
860808262718898176;2
862287828151152640;2
860805335820509188;2
862292060946046976;2
860792515129204737;2
862293194771501056;2
860802522885246978;2
860799480463077376;2
860787767210586112;2
862288032103378947;2
862290822397517824;2
860793771843141632;1
862289126900584448;2
869125223114833920;1
869129538017652736;2
869134140259667968;2
862292168471433217;2
865764105730347008;1
862292545128321026;2
865979200091684865;1
862291654597914624;1
866301305651957760;1
862288636880056321;1
868819418163425280;1
860805067191885824;2
862290130161344512;2
862292407265763328;2
862293240636203009;2
862291386820853760;2
862290644244549632;2
867968943746465792;1
868438147180507137;1
860778993246777344;2
869129190041432064;1
860798184918069248;1
869131644996730881;1
860815063673917440;1
860808124445458432;1
862291039410958336;1
862290924608638976;1
862289752187432961;1
869129443738038272;2
869138202946228224;2
862292640640802816;2
860804556766281728;1
862288236168626177;1
860807119498620928;1
862289622205857792;1
860798412580687872;2
862290659301965824;1
862292070286970880;1
862291903148175360;1
862291308739784705;2
869139741911859200;1
869132867800006656;1
862290465944735744;2
862287344371740672;1
862291374363856897;1
869140040739422208;2
862288688759414786;2
865756204953358336;1
860807569107030016;1
860807629144240129;1
860788677441728512;1
862289954570895360;2
862289961277698049;2
869026784691531776;2
862291143240929280;1
869139806327930880;2
862291542052098048;2
862288014545965056;1
862292207180578817;2
862287751806201857;2
860775668245831680;2
860786301242679296;1
860809688052641792;1
862291605272764416;1
862290928706490368;1
862286915193585665;2
862287586915737600;1
862292796694306818;2
860811669055963136;2
860813896545964033;2
862290442687176704;2
869128194556706816;2
862288190694191104;1
862289994068750336;1
862291915168993281;1
868884898806976513;2
860812385895890945;1
868839557915189249;2
868764609926369282;2
868980787189776384;2
869064015951036416;2
860785168600059904;1
860797391804526593;1
862287511841890305;1
860786253561819136;1
862291859292528641;1
862291609119059968;2
860789714273542144;1
862292671053926401;1
862291564793614338;1
862291147321954304;1
862292079019536384;1
862291223729635328;2
862290156665004032;2
869134313241153536;2
862291840325881856;2
862290168287436801;2
860797250582315008;1
869130503504502784;2
868576977376169985;1
849685951223930880;1
862287363141009408;1
862290858565095424;2
860792568434618368;1
862291694917529600;1
862292512056233985;1
869140894540210176;2
860804061632888832;2
862292674589605888;1
860784975305748483;2
868912696447688707;1
862288011148570625;1
869446116999286786;2
860777671340511232;1
862288956251131904;1
868475413361766400;1
862286911771160576;2
869140152777662468;2
866149931836485632;2
860799654086266880;2
860795630603698177;2
869132649583042560;2
860806620753928192;2
868474472633958400;2
862289984778383360;2
860800061164466176;2
869074071706841088;2
868918519320035328;2
867879620972032001;2
860807742377738240;1
860807875186372608;1
860808614847623172;1
860799326691479552;2
860807183700721664;2
862291283192287233;2
862289800719683584;1
862292117468569600;2
866660165541613568;2
860788801781870592;2
862289914544742400;2
862287883998068737;2
860795747456790530;2
869139789341220864;2
865620650484002816;1
860781517328588801;2
862289333541363715;2
862290468725567490;1
862288603086565376;2
860816377166221314;2
862289188212928512;1
860808418562637824;2
862287370456113157;2
862288015087083522;1
862287178184876032;1
862292183784837123;2
862291670213120001;2
862291500251701249;2
860780219363463168;2
868893410526195712;2
861546050863202304;2
862287884539375616;2
869128910083993600;2
862290151569051649;2
862287817296269313;2
869135389541453824;2
860778620993798144;2
869138833362890752;2
868939983733886976;2
868587451983572992;2
869140754211516416;2
862288689216581632;2
867471770244272132;2
869138900945694721;2
860811770050617345;2
860783311089750016;2
869129997989978112;1
835094878967246848;2
862291050278334464;2
869133627136786432;2
862290902189985792;2
862289087482404868;2
862291142028800000;2
869133900726980608;2
862291929274474497;2
862287454849683457;2
868569158778277889;2
860792651435692033;2
860802045447733249;2
869127608503488512;2
862288165096243202;1
862288839108423681;2
862288180426543105;1
868205971813933057;2
868860543075057664;2
862290482499641345;2
862291140032086016;2
862288985850347520;1
862291143542714372;2
860784943785529344;2
869038283581341696;2
860800369282228226;2
860781161835933697;2
862290134535884800;2
862291887444635648;2
862291888061243393;2
862286884923461632;2
867380434098950145;2
862291693797769217;2
860796125799993344;2
860803936873263104;1
862287413284130817;2
869131209892384768;2
860776028591054849;2
865969573245353986;1
860805447279820800;1
862288354754383872;1
862292733620215809;2
862292839631212544;2
862292569857810432;2
862291360522436608;2
862292402857312257;2
862292711453237248;2
862291009840979969;2
862287125240311809;1
862292654154973184;2
862292690787901440;1
868453067972325376;2
860806761489608704;2
862292750842044416;2
860803994792472576;2
860792522674778113;2
862287661326893058;2
869128879826391040;2
860800144932876288;2
862291467938680833;2
862290370943758336;2
862290334629470209;2
862290410584113152;2
869130425297362944;2
860782631402823680;2
862287645187223552;2
862292357101887488;2
869141079081275393;2
862291457457127425;2
869128023286714368;2
862290822443806721;2
862290926730924032;2
862291348354936832;2
862287464697925633;2
865755388355854336;2
862291038362370052;2
862288610875322368;2
860795638107086848;2
862289826955046912;2
862286808729747456;2
862288426376278016;2
862289104788127748;2
862287973597028352;2
860792565695741953;2
862289644284784640;2
862290452376154115;2
869127252658860033;2
869137325749567490;2
860813716660649984;2
860816491624751104;2
860806185284497412;2
860785779899080704;2
862288433657647104;2
862287358527324160;1
868956430682001410;2
860813909263081472;1
862291126967046144;2
860800825534406659;2
858274844206616578;2
867399717566562304;2
862290546190168064;2
862289989996040192;2
862292693677993984;2
860788724745084933;2
862288582391803904;2
862289902268018688;1
862292807553253377;2
862291208902762497;2
862291264875704320;2
860778737348091904;2
869133177109053440;2
860782594128064512;2
860776457714454528;2
869112455661633537;2
862289576643231748;2
835554491307069440;2
869103589981126656;2
862291336011145217;2
862289914301427712;2
869141155379789824;2
860808789032919040;2
862292992715096064;2
862292852541411329;2
862291183837605888;2
862291655101214720;2
862287385903722497;2
860794784641941504;2
860794817214808068;2
860801202639912960;2
862291044620132352;2
862289793077661697;1
869132055006691328;2
862291239475007488;2
860796339210387456;2
869134514689372160;2
868037709188780033;2
862287409379233792;2
862290591333441536;2
862290590997913602;2
860778681559592961;2
862292441222836225;2
862291251609178114;2
869131205765156866;2
861546040410996736;2
862290576795979776;2
862291794498908162;2
862291142884286464;2
860784752374276096;2
862287852373192704;2
868603484341510144;1
860813065813598209;2
869127240373518336;2
862286712491327489;2
860800931994058752;2
869127418539196416;2
860813036168204290;2
869126738436947968;2
862291207933771776;2
860799230595579906;2
860800896854249473;2
862288465454440448;2
860797572016775168;2
869128087035723776;2
862286925864075264;2
860794745702023168;2
862292443269607426;2
860801955727384576;1
860788903548157953;2
862292844081532928;2
862288299125288960;1
869134665055162370;2
860804329472765952;1
862290163954663424;2
862292649402826753;2
863077105067855873;2
862288135388090368;2
862290555795107841;2
868436629207236612;1
862288699454873600;2
861519744201052161;2
862292890210492419;2
862289736261619714;2
862289412847054849;2
860803644442202112;2
869138116405231617;1
800239473225179136;2
869116108996919296;2
869079864019746816;2
860809905720238080;2
867399736164331522;1
860812104948776960;2
862291218134429696;2
862291941861588992;1
862289484959944704;2
862286862731419649;2
861930734151507969;2
869129960996429824;2
860603166915780611;2
862288443933679617;2
862290581497810946;2
862291753533140994;2
869131200161513472;2
860777615912824832;1
860796452074921984;2
862290867008229376;1
868827418219483136;2
862291216418967554;2
862291234903261184;2
860811614282555392;2
869133522660982786;2
860815940266733570;2
868875897146941441;2
860792170462183424;2
865869730753597440;1
860788780608999424;2
860781296439758848;2
860807853703135232;1
860811387903332352;1
862288692290957312;2
862286272542494722;2
862286279094001664;2
869138768808333312;2
862288214408790016;2
862291135712112642;2
869131452029386752;2
869126350996721664;2
860793350999351296;2
862291937822486529;2
860781030525083649;2
860793056823476225;2
860775092367654912;1
860775651531300864;2
860809435572076544;2
862289217266765824;2
860799964623937537;2
862289942428471296;2
862288138970030081;2
862292643618975744;2
869133639031943168;2
866226740192051200;2
869140016156598273;2
862287438869389312;2
868384765916975104;2
862286711438561281;2
869140911829250049;2
862292248641249281;2
862291140548190214;2
862292503944470528;2
862288108951351296;2
862287556804739072;2
860782287910088704;2
860801072494813184;2
860800062577823744;2
862291467435429888;2
862291469184503808;2
869135024859357184;1
862290727518089216;2
869135822812921857;2
862289381754904576;2
860782453929246720;2
862289278620975105;2
860785608351899649;2
860788593345806336;2
862291349952921602;2
860806114404950016;2
860781798183378944;1
862289103957766145;2
862290673839550466;2
862290456280956931;2
862287449363501056;2
865959570266619906;1
862292146057031680;2
862291417137168384;2
860798281928101888;2
862287997345181697;2
862289640631521280;2
862290126864560131;2
862290123571871745;2
860812129611509762;2
860813172214824963;2
867479066756165632;2
862292470821998593;2
860807719795785728;2
869094855691186177;2
862289862195544064;2
862290324504358912;1
860201710895079425;1
862291433704837120;2
862291251151818754;2
869132007653216259;2
862290863455707136;2
862288618337034240;2
862292032106020865;2
869006757032587264;2
860794879932157953;2
862287836497592323;2
862288902849265665;2
862289214217441280;2
860816420069834754;2
869127747712561152;2
860809421143801856;2
869140809203023872;2
857560554898165760;2
869125223005769728;2
860805379055382528;2
860777180879564800;2
861545272983400448;2
860797832550379520;2
860793301758353408;2
862291905647968260;2
869140313360793600;2
860811174530736128;2
860789557062754304;2
860801629523783680;2
869125230773587968;2
860796349188644864;2
862289556074373120;2
862287025944375296;2
860811530941714432;2
862290315121709056;2
860798363561807872;1
860792505620627456;1
862288201108656129;2
860785188409712641;2
857560539966451713;2
866285903202979841;1
862292583443312640;2
862287391335350272;2
860784104958197760;2
862288631632932865;2
869138092686442496;2
869134790943019008;2
865950974267056128;1
868411289005158401;1
862290608593006592;2
867394674918440960;1
862290501038485505;2
854395812306092032;2
869207521378144260;1
860800233407688704;2
862287433639088128;2
869361402418515969;2
862289653793038336;2
860781241343369222;2
869137609989206018;2
854990656107839488;2
860780132918800384;2
860810547821821954;2
862288610606723072;2
860814767182815232;2
860809288670998528;2
869138529653104640;2
869132311371161600;2
869129943682355201;2
868854439561580545;2
869133034167177216;2
868486977389309954;2
860792355837812736;2
860775796369182720;2
860788717522386944;2
860782119550898176;2
860798674779217920;2
860775320512860160;2
860793200063262720;2
860814735649931264;2
860816290109210626;2
860788478723977216;2
860812399850528768;2
860786539449765888;2
862287549334777856;2
860784975276265472;2
860796382692728832;2
869140503912120320;2
862290344502755328;2
860813461026111490;2
862291108012867584;2
862290978673090560;2
862289230470430726;1
860808894897164288;1
860811272526417920;2
862287508788305921;1
862288114487873536;1
862287534348521472;1
862293114781880320;1
868482270394560513;1
860802591676125184;1
862291985943736320;2
860800120350285824;2
869119650319159296;2
860798558324367362;1
869131209712046081;2
862292472503861249;2
869139329628688384;2
862288229093003264;2
860777788999073792;2
862292598194663424;2
869131405044969473;2
862290702885150721;2
862291663099535360;2
862289144256450560;2
860799855198961664;2
860811425773760513;2
869131241265786880;2
862290008320987136;2
860804886346248192;2
862289907443695617;2
862291372086362112;2
860814419151826945;2
860781026343137280;2
862287677533675520;2
862288596417470464;2
862290681070596097;1
860776960032690177;2
862290470600364032;2
860806146160046080;2
862292054696534016;2
869139658126446592;2
868896789260189696;2
862287753823870976;2
866172013005635584;2
869141221847031809;2
862290163619078144;2
860791167490772992;2
862289606158540801;2
862287346934333440;2
868461538297827328;1
869130965465014272;2
862900999446552576;2
860794398329712640;2
862290725278437378;2
862287916516638722;2
862288738575056897;2
861519917786574848;2
861519918952574976;2
861519917258088448;2
861519721384083456;2
869125954215587840;2
862289086840791040;2
862291814073589763;2
856036730364985344;2
869128458219249664;2
860802793346617344;2
860803001665114112;2
860803256578179072;2
869128017729159168;2
860802645635870721;2
860801757181612032;2
860800701747929088;2
860798292317409282;2
860801601996566528;2
860800908392792065;2
860798558655709184;2
860798613131337732;2
860800013282234368;2
860800172896419840;2
860801865738571777;2
860798944758071296;2
860802743023349761;2
860799424863272961;2
860801810034020353;2
860794769097846785;2
860799528877912064;2
860798194598457344;2
860799195351052289;2
860804718733537280;2
860804664958365696;2
860804765063802880;2
860798479345602560;2
860803124231098368;2
860811131501383680;2
860800597976633345;2
860802242928148480;2
860800759268601857;2
860801702785634305;2
860793233856753665;2
860803697621782528;2
860802367205277697;2
860799604060827651;2
860800432742035456;2
860792895330234368;2
860799148773306368;2
860799830536400896;2
860801490558095361;2
860803322814631936;2
860799684775989248;2
860804616186990592;2
861517212057825280;2
860794924312272896;2
860803529518178304;2
860794825326678016;2
860798659323101184;2
860798254438641664;2
860800810598494208;2
860794518655860736;2
860802145012076544;2
860799044507062272;2
861519915601276929;2
860798854274457600;2
860801161191981058;2
860801109866229761;2
860801258587906049;2
860801207195115520;2
860800859927662592;2
860802436432371712;2
860794706787258368;2
860794580161232897;2
860800652548726784;2
860802694591782914;2
869132714829631488;2
862290735294541825;2
860801917018144768;2
860816371814354944;2
869139981549264898;2
869113198947041280;2
869128097651544064;2
860791351851581440;2
860776153950429185;2
860786917050396672;2
860782218557267968;2
863791606784290816;2
869126624729497600;2
860789253026041857;2
860816602568294400;2
862292628490133505;2
860795174766747648;2
869132214973411332;2
860788525243011072;2
869126772893163520;2
860790505776480257;2
869132187005833216;2
860797697678290944;2
860782175926460416;2
860782509285625857;2
860796131713744897;2
860796122918297604;2
860797888510676992;2
860790745438994432;2
868545467990376449;2
862287583774167041;2
869133948458323968;2
866491217143504896;2
860798744475742211;2
869126580454522880;2
869139365431316484;1
862291858055204864;2
860807215275548673;2
860813118993305600;1
860807797784559619;2
867399720833921025;2
869127993590927360;2
869135078315741186;2
862287585611096064;2
860809319226454016;2
860790569987166210;2
860788132379332608;2
869138846801416192;2
860805369630785536;2
860791486195126272;2
869135029414264832;2
866235379187204096;2
862288469514526720;2
860795699033767936;2
860794503027994624;2
869137839690309632;2
862290150226874368;2
860782223070384128;2
860794528042815488;2
869134692838244352;2
869133392419450882;2
862289062719348736;2
860775476859736065;2
860793256845524994;2
869139097306238977;2
862288745420029952;2
860811656972075008;2
869134145116659712;2
860786485531901952;2
860784471100071936;2
860780118964350976;2
860778385752150016;2
860805023332265984;2
860781088737828864;2
860790979196014592;2
860778674676797440;2
860778857208610816;2
860778765563154432;2
860780036361768960;2
860786527890272256;2
867875893531652096;2
860788298444414978;2
862287151337177089;2
866307968412856320;2
862287206312030208;2
868606130603388928;2
862293020867260416;2
862292725730877440;2
862289648235753472;2
869127373568057344;2
868402922576588801;1
868809084350455808;1
862292748543684608;2
862288210944290816;2
862291289454383105;2
862291306768453634;2
862286921569120257;2
860778936778862596;2
862287357487304704;2
860789928422064128;2
869107803130134528;2
869272393864413184;1
860792411215335424;2
862292974658613254;2
862287933004537856;2
860808735589113856;1
868465803951308800;2
862291433595842560;2
862291330982187008;2
869109634895839233;2
862286838219784192;2
860781740167770112;2
860815459070955521;2
862292459287654400;2
860813769559166977;2
869132560261099521;2
862289863617507328;2
868982628053127168;2
862286910219198464;2
862287468711759872;2
860778560969199616;2
862291131509293060;1
862288474652770304;2
862291621634854914;2
860782709278474240;1
865975434164490240;1
862291327798661120;2
860812039123587072;2
860782291957710849;2
868786326157524993;2
862290533158354950;2
869138999742529536;2
860782725183098882;1
862289352797245441;2
869139087722254336;2
862291613590183936;1
860791591505735680;2
869140133475471360;2
862289793102860288;2
860807476614094848;2
860812284058370048;2
862287938503225344;2
862289373705973760;2
862293107446099969;2
855497934150017024;2
860809404731588612;2
868875822781825028;2
862289852582174720;2
869103377652862981;2
866149169316196356;2
869133528851787776;2
860777957068947456;2
862292494540734464;2
860788429570924545;2
860812258724675585;2
862288637479841793;2
862291026005852160;2
862291424842309633;2
862292398671527936;2
862291949356597248;2
862288170808946688;2
862286946135101442;2
860805755401674752;2
869125782182014976;2
869131110726414336;1
860806149439987712;2
862287499510632449;2
868503851040681984;2
862293245614858240;2
862293010377322496;2
860775420127576064;2
862292940261138433;2
862287339598606336;2
862291491095539712;2
862288045168631809;2
860776914805510144;2
869131286299979776;2
862288871203254273;2
862289627897634817;2
860776672554999808;2
869131662113865728;2
862291789188878341;2
862287376898543617;2
862288663979446272;2
860797719585083394;2
866219288578969601;2
866168089716588544;2
862291225272958976;2
862291311914696704;2
862291389022846977;2
860805558206480384;2
860788318539218944;2
869064323183779840;2
860815243626328064;2
862290062565924864;2
862290302496894976;2
862287236666056704;2
862290874314764289;2
862290189238063104;2
869136290016620544;2
862288137875107840;2
860783871335550977;2
860807723914547200;2
862291161851064320;2
862290623436439552;2
862289888921755648;2
857413535919259649;2
862291439027355648;2
869133398782169088;2
860789645935874048;2
862292714334957568;1
860799508766113792;2
869138816048799744;2
867694314226196481;2
869140599156465664;2
862287096358346757;2
862291146201907200;2
869133821765185536;1
860806707986878464;2
862293025547894784;2
862291324946567168;2
862291356986822656;2
862291406857089025;2
860795545002037248;2
862291610788220928;2
862292613218549761;2
860794485915176960;2
860792246987366400;2
860779192706670592;2
862287339254685697;2
868791213205454848;2
862289502336950272;2
862289885595672579;2
862292774065905664;2
862288076567179264;2
860800611096436736;2
862291399797915649;2
862291379510050816;2
869132678351794177;2
862287878008832001;2
860800311115608065;1
862292248297451521;2
862288810343899138;2
815531773937348608;2
868768103345393664;2
862291023728263168;2
860784181164617732;2
869139816318984196;2
864795184894181376;2
862290676494499841;2
862287588635402240;2
860799960916393984;2
868942809092567043;2
869068802515886081;2
869125164998549504;2
862291179693637633;2
869135044895539203;2
860783381419896832;2
869134766557233152;2
869139294656630784;2
862291575073677312;2
869123652872093696;2
860792694955802625;2
862291527804047360;2
862290534320267264;2
869139356103168000;2
869139232358531073;2
869134606016143360;2
862290706588516353;2
860782941487738880;2
860811550453624832;2
860814570549645312;2
860807680864268289;2
869134392807043072;2
860812826541268992;2
862292031250604033;2
861518912286011393;2
862293093688770560;1
869135445078269952;2
862288440787861507;2
860792521177399296;2
860804086693756928;2
862290820405350402;2
862292839304232960;2
860812772363448320;1
860804075952197632;2
862292859617030144;2
860788865983971329;2
867989275953868801;2
860808107068403712;2
868973386977988608;2
862289506539634688;2
869127076191891456;2
869137469396135937;2
862291388926447616;2
862289386389385216;1
862291108965044224;2
862291489170354178;2
862288953579155460;2
862288892120248320;1
862292041048481792;2
860805889934192640;2
868662494457249795;2
862290401553600513;2
862291234743779334;2
862290905990012928;2
860775436284043265;2
860804344404246528;2
862291249725919233;2
862293211234136066;1
868895538783059968;2
862288326178504704;2
862287242177503232;2
860795413607182336;2
862292232610754560;2
869127009133371392;2
868480430382731264;1
862287435471781890;2
862292983877599232;2
860791302119706625;2
860788129363615744;2
826100519924092928;2
869330132162547712;2
869135000301707266;2
860775850970669057;2
859735156260777986;2
862289077059465217;2
862287654595039232;2
862289023351611393;2
860810330087186432;2
869133297829400576;2
862289526596616192;2
865884970446880768;2
861728865756090370;2
860785543914807296;2
869135361246511104;2
862289977513836546;2
865930136826167297;2
860814224100118528;2
860800622051942401;2
860781145277050880;2
860799590466977792;2
868978956304830464;2
869135062524145664;2
862290232800161792;2
860799889873276930;2
868457010941046784;2
868873505970032644;1
860778564576215040;2
860777906657792000;2
862287188901453824;2
869139783443984384;2
862291516672397312;2
862290647830728704;2
869139604884135936;2
862291479737315328;1
869137268862210050;2
862289914007834625;2
860795170413039621;2
867610513764564992;2
860778634566664193;2
862288687220109312;2
869135446802124800;2
869127589612453888;2
862293245505699840;2
869132250524205056;2
862289437526380544;2
869138316205182977;2
866100153098305536;2
862288238907621378;2
860787263734767616;2
862287809717182465;2
869130219956740096;2
869138531074965505;2
862287504744919041;2
862287044042674177;2
862287274112802816;2
862289330420580353;2
862287427238371328;2
869136023774777344;2
860793087551000576;2
862291514164002816;2
860784638045769728;2
860786484038598656;2
869129711984795648;2
869136801226792961;2
860793230140424192;2
864400648883798016;2
869126937657999360;2
862288748733583362;2
862290446906789888;2
862291346152976385;2
860781291201064960;2
862290223375503360;2
869125219767771136;1
860800946825252864;1
869135020341944321;2
860812512987537408;2
862293229173186560;2
860806929165295616;2
860790966164217856;2
862290589861195776;2
860794427069145088;2
862289931565191171;2
860807381059588096;2
860807524802494464;2
860806747837145094;2
860807439473684480;2
860807028603801600;2
860807111609126913;2
860807224100347904;2
860807306082234368;2
860806291341574145;2
860781366262325248;2
869131387944808448;2
860781906933063680;2
862292920170315776;1
862292643589619716;1
869136372774260736;2
869135187778646016;2
862286268121665536;2
860805412907560960;2
869134660068159493;2
860806410765873152;2
860808034137894912;2
869127508687540224;1
860811434057486336;2
860812003350269953;2
869133473751023616;2
860813890363375616;2
869037855405998080;2
868633428060667904;2
868568654958428161;2
869137502568943616;2
869131817399586817;1
869128247484837888;2
860794287688220673;2
868109280544792576;2
869136083539288065;2
860811813469827072;2
860813117772546048;2
869127631186182144;2
860796302308802560;2
862286936274292736;2
862291046012682241;2
862291488465600513;2
862291273117511680;2
869133182544875520;2
862291090598178816;2
862291948740149248;2
862293201876660224;2
860807349078028292;2
862289502156595200;2
869091773884354560;2
862287865572708352;2
862287885327896577;2
860810952236814339;2
860791645557719040;2
862291295737446400;2
854395813891641344;2
862286840145096704;2
862292489025323008;2
862289436121460737;2
862289303732408320;1
860813947041198080;2
862292226977779712;2
862291956285808640;2
865952886232154113;1
835752828404641792;2
862287108253208577;2
869139870031196160;2
868859451352264705;2
862290303692279808;1
862291947234500608;2
869207972265832448;2
869131904733335552;2
862292042772353027;2
862291296655990784;2
862289546901426176;2
862287738644594688;2
869101607220379649;2
862291290985304064;1
869126339265089536;2
869126804451205120;2
869136968159866880;2
862293064500613121;2
860789497721634817;2
860800631107235840;2
862290922129678336;2
862289933431705600;2
862290956388880384;2
860784558853292033;2
869132759452745729;2
869131206281113602;1
862291004468191233;2
860785832323678208;2
862289359147606016;2
860799299650818048;2
868923651764219906;2
862290471753842688;2
869134227048206336;2
862291860588343296;2
860798203200983040;2
865920366140571648;2
869109327885422592;2
860783998536167424;2
860805097999216640;2
869129032172019713;2
860807288352894977;2
862288921140580352;2
862287335953649664;2
862292903275712512;2
862293129478770689;2
862289977186635778;2
869135326035533824;2
862292893486247936;2
868668811507052544;2
866237495230382081;2
866277607763058689;1
860782648490430466;1
862291133140946944;2
860807302361886723;2
857560576326848512;2
852348183690792960;2
860805105792163840;2
860798885052022786;2
869138761204076544;2
862290080794386433;2
862290133814579201;2
862290182753722369;2
860778270714810368;2
862292042717769728;2
860815629057708032;2
860807370481561600;2
860797464349167616;2
869134911948689410;2
869130334767505408;2
866217257508253696;2
868786538523611136;2
862287193041186816;2
869127343318736896;2
862291244575281152;2
869137893662392321;1
860801482324672512;2
869136276578070528;2
860788629253353473;2
860798383904235520;2
862292021951811584;2
860809154612482053;2
860802315825106945;2
860781044064292864;2
860803899070066688;2
860781563830833156;2
862291507323207680;2
862290028998918144;2
860797082239549442;2
860785497278427136;2
862291148202815489;1
860810835127451648;2
860788338155896833;2
869136420237189120;2
862290483619430402;2
862289137646407681;2
862292291360362500;2
862292392975765508;2
860816260191453184;2
865790696804016128;1
860799269107838976;2
869139551268331521;2
869139504560566272;2
860813663401365504;2
869050602277425152;1
860792612437053441;2
860791258939219968;2
862292415172030466;2
860785980219039749;2
860776412004929536;2
860784391311826944;2
868619796312715264;2
862292232438779904;2
868702509019402241;2
860815494433185792;1
862287511246090240;2
862291940196220929;2
860805141804593153;2
862291852468277249;1
868683014204776452;2
862289704703729664;2
862292220543684612;1
862293163024797696;2
860806896424554496;2
860792540768997380;2
869115167757533184;2
865974411748196352;1
868468553351147520;1
868801673736704000;2
860789360693825536;2
862290334515994624;2
866257021300916224;2
868497053793398784;2
869135012876234752;1
868316477287391233;2
821708914303635457;2
866247346170077185;1
861992685200080896;2
869131435474636800;1
862291506866122753;2
862291504387301376;2
860791262370254849;2
862290645196648448;1
868714719942778880;2
869140837145489409;2
860807810728251392;2
860786215150379008;2
868740225136242688;1
862290031666278400;2
862290126315044867;2
862290201233817600;2
860814070538264576;2
862289500378062849;2
860812682890555392;2
862287902692212736;1
862290717225492481;2
862290385737011200;2
862291174207479809;2
862291151633756162;2
860806096398811136;2
869128239003742208;2
869131891286450176;2
860816294702178305;2
862290829100163072;2
862291268206026752;2
862289423001628672;2
862288886051065856;2
860816461224448001;2
862291255312736258;2
860791353323728897;2
860804345507581952;2
862287758840270848;2
869128811283173376;1
869127691592753152;1
860811757048279040;2
869131527728357376;2
860807175731654657;2
869129295188213760;2
862290281701543936;1
862286938128097281;2
862288391286771712;2
869141353749413888;2
862289143631671296;2
862290014645899264;2
869136080565452800;2
869127422364585984;2
860815709437403137;2
860813230108807169;2
860815459255558145;2
860802118806122496;2
862287615575429123;2
869122653935763456;2
862289977111085057;1
860781249392246789;1
862291314636992512;1
862289870290649088;2
862293165721747456;2
869130341923119104;2
869106146224820224;2
862292465721716736;2
862292439624814592;2
860815724713054208;2
862288623466631168;2
868827711619420161;2
867399715473813504;2
868969315374174214;2
862288687945711617;2
860781600807809024;2
862289377166340097;2
869123690797166592;2
862291759639998464;2
862292127551803392;2
862291379451555841;2
862292303016275968;2
860803349976952833;2
868937425388752896;2
862291145728176128;2
862291322589372416;2
869186002086223873;1
868431391377301506;2
862287177983684608;2
862288925678764032;2
869129562499805184;2
862291467364167680;1
860809200628150272;2
869079736772853760;2
862290684144963585;2
869091573669167104;2
868829327667888128;2
862292932807843841;2
862289775709093888;2
862290375179853824;2
860809680385388544;2
862287932815814657;2
862292312046673920;2
860816494783074304;2
860783147981602816;2
860803829125726208;2
860807591793963008;2
865903801659772928;1
860796297703432192;1
860803821412507648;2
869124272731676672;1
862291142292799491;2
869116112478375936;2
869128234276925440;2
862292106513133569;2
862290620332871681;2
869138525404385280;2
861518920649510913;2
868813492614295554;2
860776276075872258;2
869140656039632900;2
861546141153931265;2
860797457713831936;2
862292556817862656;2
862291223465390080;2
862291646502842370;2
862286740874186752;2
860810546358046723;2
869141007207505920;2
860791143730106368;2
862290958074880000;2
860795115190747137;2
862291901327720450;2
862292240391036928;2
869129582779146242;2
869078406914113537;2
860800645271564290;2
860798372499902465;2
860807027739820032;2
860787223599480832;2
860780923582730240;2
860778649049600000;2
860778305338974208;2
860803447679045633;2
860808845358235648;2
860807120945631233;2
862287149856673793;2
860804471680577540;1
862292305155194880;2
862292786225217536;2
862287066155147264;2
860788672924454912;2
861517197528756225;2
862291043462647808;2
860809179199672321;2
860805475952189441;2
860813333523554305;2
862287216231329792;2
860801334215413760;2
868750454934601729;2
862290640045875200;2
866147770729508864;2
839057029817761792;2
862292698950008832;1
864400684661297152;2
860788104881426432;2
869260392702390272;2
860797555273281536;2
869102768958656514;2
862292400168812545;2
862289313324838914;2
860790696541802496;2
860788633460244480;1
867800703355539456;2
869134723578077184;2
862291794675085313;2