;time_stamp;Name;Kernel;gamma;C;Train_News;Train_Spam;Test_News;Test_Spam;True_News;True_Spam;False_News;False_Spam;Accuracy;Kappa;News_TPR;News_FPR;News_Prec;News_Recall;News_F1;Spam_TPR;Spam_FPR;Spam_Prec;Spam_Recall;Spam_F1
0;2017_08_04_19:23:38;SVC;linear;1.0;1000.0;950.0;993.0;441.0;392.0;345.0;313.0;79.0;96.0;78.99;57.94;0.78;0.2;0.81;0.78;0.79;0.8;0.22;0.77;0.8;0.78
1;2017_08_04_19:23:38;SVC;poly;1.0;1000.0;950.0;993.0;441.0;392.0;144.0;371.0;21.0;297.0;61.82;26.27;0.33;0.05;0.87;0.33;0.48;0.95;0.67;0.56;0.95;0.7
2;2017_08_04_19:23:38;SVC;rbf;1.0;1000.0;950.0;993.0;441.0;392.0;92.0;388.0;4.0;349.0;57.62;18.92;0.21;0.01;0.96;0.21;0.34;0.99;0.79;0.53;0.99;0.69
3;2017_08_04_19:23:38;SVC;sigmoid;1.0;1000.0;950.0;993.0;441.0;392.0;92.0;388.0;4.0;349.0;57.62;18.92;0.21;0.01;0.96;0.21;0.34;0.99;0.79;0.53;0.99;0.69
4;2017_08_04_09:14:36;SVC;linear;10000.0;1000.0;946.0;997.0;445.0;388.0;322.0;337.0;51.0;123.0;79.11;58.52;0.72;0.13;0.86;0.72;0.78;0.87;0.28;0.73;0.87;0.79
5;2017_08_04_09:14:36;SVC;poly;10000.0;1000.0;946.0;997.0;445.0;388.0;130.0;372.0;16.0;315.0;60.26;23.91;0.29;0.04;0.89;0.29;0.44;0.96;0.71;0.54;0.96;0.69
6;2017_08_04_09:14:36;SVC;rbf;10000.0;1000.0;946.0;997.0;445.0;388.0;9.0;388.0;0.0;436.0;47.66;1.89;0.02;0.0;1.0;0.02;0.04;1.0;0.98;0.47;1.0;0.64
7;2017_08_04_09:14:36;SVC;sigmoid;10000.0;1000.0;946.0;997.0;445.0;388.0;9.0;388.0;0.0;436.0;47.66;1.89;0.02;0.0;1.0;0.02;0.04;1.0;0.98;0.47;1.0;0.64
8;2017_08_04_09:11:53;SVC;linear;1000.0;1000.0;977.0;966.0;414.0;419.0;328.0;352.0;67.0;86.0;81.63;63.25;0.79;0.16;0.83;0.79;0.81;0.84;0.21;0.8;0.84;0.82
9;2017_08_04_09:11:53;SVC;poly;1000.0;1000.0;977.0;966.0;414.0;419.0;145.0;404.0;15.0;269.0;65.91;31.56;0.35;0.04;0.91;0.35;0.51;0.96;0.65;0.6;0.96;0.74
10;2017_08_04_09:11:53;SVC;rbf;1000.0;1000.0;977.0;966.0;414.0;419.0;414.0;11.0;408.0;0.0;51.02;2.61;1.0;0.97;0.5;1.0;0.67;0.03;0.0;1.0;0.03;0.06
11;2017_08_04_09:11:53;SVC;sigmoid;1000.0;1000.0;977.0;966.0;414.0;419.0;414.0;11.0;408.0;0.0;51.02;2.61;1.0;0.97;0.5;1.0;0.67;0.03;0.0;1.0;0.03;0.06
12;2017_08_04_09:09:18;SVC;linear;100.0;1000.0;991.0;952.0;400.0;433.0;302.0;365.0;68.0;98.0;80.07;59.97;0.76;0.16;0.82;0.76;0.79;0.84;0.24;0.79;0.84;0.81
13;2017_08_04_09:09:18;SVC;poly;100.0;1000.0;991.0;952.0;400.0;433.0;147.0;409.0;24.0;253.0;66.75;31.9;0.37;0.06;0.86;0.37;0.52;0.94;0.63;0.62;0.94;0.75
14;2017_08_04_09:09:18;SVC;rbf;100.0;1000.0;991.0;952.0;400.0;433.0;400.0;11.0;422.0;0.0;49.34;2.44;1.0;0.97;0.49;1.0;0.66;0.03;0.0;1.0;0.03;0.06
15;2017_08_04_09:09:18;SVC;sigmoid;100.0;1000.0;991.0;952.0;400.0;433.0;400.0;11.0;422.0;0.0;49.34;2.44;1.0;0.97;0.49;1.0;0.66;0.03;0.0;1.0;0.03;0.06
16;2017_08_04_09:06:30;SVC;linear;10.0;1000.0;979.0;964.0;412.0;421.0;307.0;346.0;75.0;105.0;78.39;56.74;0.75;0.18;0.8;0.75;0.77;0.82;0.25;0.77;0.82;0.79
17;2017_08_04_09:06:30;SVC;poly;10.0;1000.0;979.0;964.0;412.0;421.0;136.0;402.0;19.0;276.0;64.59;28.69;0.33;0.05;0.88;0.33;0.48;0.95;0.67;0.59;0.95;0.73
18;2017_08_04_09:06:30;SVC;rbf;10.0;1000.0;979.0;964.0;412.0;421.0;412.0;10.0;411.0;0.0;50.66;2.35;1.0;0.98;0.5;1.0;0.67;0.02;0.0;1.0;0.02;0.04
19;2017_08_04_09:06:30;SVC;sigmoid;10.0;1000.0;979.0;964.0;412.0;421.0;412.0;10.0;411.0;0.0;50.66;2.35;1.0;0.98;0.5;1.0;0.67;0.02;0.0;1.0;0.02;0.04
20;2017_08_04_09:03:06;SVC;linear;1.0;1000.0;959.0;984.0;432.0;401.0;342.0;335.0;66.0;90.0;81.27;62.57;0.79;0.16;0.84;0.79;0.81;0.84;0.21;0.79;0.84;0.81
21;2017_08_04_09:03:06;SVC;poly;1.0;1000.0;959.0;984.0;432.0;401.0;120.0;392.0;9.0;312.0;61.46;24.86;0.28;0.02;0.93;0.28;0.43;0.98;0.72;0.56;0.98;0.71
22;2017_08_04_09:03:06;SVC;rbf;1.0;1000.0;959.0;984.0;432.0;401.0;136.0;395.0;6.0;296.0;63.75;29.23;0.31;0.01;0.96;0.31;0.47;0.99;0.69;0.57;0.99;0.72
23;2017_08_04_09:03:06;SVC;sigmoid;1.0;1000.0;959.0;984.0;432.0;401.0;136.0;395.0;6.0;296.0;63.75;29.23;0.31;0.01;0.96;0.31;0.47;0.99;0.69;0.57;0.99;0.72
24;2017_08_04_09:00:13;SVC;linear;10000.0;1000.0;976.0;967.0;415.0;418.0;303.0;358.0;60.0;112.0;79.35;58.68;0.73;0.14;0.83;0.73;0.78;0.86;0.27;0.76;0.86;0.81
25;2017_08_04_09:00:13;SVC;poly;10000.0;1000.0;976.0;967.0;415.0;418.0;118.0;408.0;10.0;297.0;63.15;26.11;0.28;0.02;0.92;0.28;0.43;0.98;0.72;0.58;0.98;0.73
26;2017_08_04_09:00:13;SVC;rbf;10000.0;1000.0;976.0;967.0;415.0;418.0;415.0;10.0;408.0;0.0;51.02;2.38;1.0;0.98;0.5;1.0;0.67;0.02;0.0;1.0;0.02;0.04
27;2017_08_04_09:00:13;SVC;sigmoid;10000.0;1000.0;976.0;967.0;415.0;418.0;415.0;10.0;408.0;0.0;51.02;2.38;1.0;0.98;0.5;1.0;0.67;0.02;0.0;1.0;0.02;0.04
28;2017_08_04_08:57:28;SVC;linear;1000.0;1000.0;983.0;960.0;408.0;425.0;306.0;365.0;60.0;102.0;80.55;61.01;0.75;0.14;0.84;0.75;0.79;0.86;0.25;0.78;0.86;0.82
29;2017_08_04_08:57:28;SVC;poly;1000.0;1000.0;983.0;960.0;408.0;425.0;115.0;413.0;12.0;293.0;63.39;25.72;0.28;0.03;0.91;0.28;0.43;0.97;0.72;0.58;0.97;0.73
30;2017_08_04_08:57:28;SVC;rbf;1000.0;1000.0;983.0;960.0;408.0;425.0;407.0;10.0;415.0;1.0;50.06;2.07;1.0;0.98;0.5;1.0;0.67;0.02;0.0;0.91;0.02;0.04
31;2017_08_04_08:57:28;SVC;sigmoid;1000.0;1000.0;983.0;960.0;408.0;425.0;407.0;10.0;415.0;1.0;50.06;2.07;1.0;0.98;0.5;1.0;0.67;0.02;0.0;0.91;0.02;0.04
32;2017_08_04_08:54:46;SVC;linear;100.0;1000.0;966.0;977.0;425.0;408.0;314.0;340.0;68.0;111.0;78.51;57.1;0.74;0.17;0.82;0.74;0.78;0.83;0.26;0.75;0.83;0.79
33;2017_08_04_08:54:46;SVC;poly;100.0;1000.0;966.0;977.0;425.0;408.0;131.0;384.0;24.0;294.0;61.82;24.62;0.31;0.06;0.85;0.31;0.45;0.94;0.69;0.57;0.94;0.71
34;2017_08_04_08:54:46;SVC;rbf;100.0;1000.0;966.0;977.0;425.0;408.0;13.0;407.0;1.0;412.0;50.42;2.76;0.03;0.0;0.93;0.03;0.06;1.0;0.97;0.5;1.0;0.67
35;2017_08_04_08:54:46;SVC;sigmoid;100.0;1000.0;966.0;977.0;425.0;408.0;13.0;407.0;1.0;412.0;50.42;2.76;0.03;0.0;0.93;0.03;0.06;1.0;0.97;0.5;1.0;0.67
36;2017_08_04_08:52:00;SVC;linear;10.0;1000.0;963.0;980.0;428.0;405.0;314.0;343.0;62.0;114.0;78.87;57.86;0.73;0.15;0.84;0.73;0.78;0.85;0.27;0.75;0.85;0.8
37;2017_08_04_08:52:00;SVC;poly;10.0;1000.0;963.0;980.0;428.0;405.0;130.0;390.0;15.0;298.0;62.42;26.18;0.3;0.04;0.9;0.3;0.45;0.96;0.7;0.57;0.96;0.72
38;2017_08_04_08:52:00;SVC;rbf;10.0;1000.0;963.0;980.0;428.0;405.0;15.0;405.0;0.0;413.0;50.42;3.41;0.04;0.0;1.0;0.04;0.08;1.0;0.96;0.5;1.0;0.67
39;2017_08_04_08:52:00;SVC;sigmoid;10.0;1000.0;963.0;980.0;428.0;405.0;15.0;405.0;0.0;413.0;50.42;3.41;0.04;0.0;1.0;0.04;0.08;1.0;0.96;0.5;1.0;0.67
40;2017_08_04_08:49:17;SVC;linear;1.0;1000.0;949.0;994.0;442.0;391.0;327.0;330.0;61.0;115.0;78.87;57.92;0.74;0.16;0.84;0.74;0.79;0.84;0.26;0.74;0.84;0.79
41;2017_08_04_08:49:17;SVC;poly;1.0;1000.0;949.0;994.0;442.0;391.0;153.0;374.0;17.0;289.0;63.27;29.1;0.35;0.04;0.9;0.35;0.5;0.96;0.65;0.56;0.96;0.71
42;2017_08_04_08:49:17;SVC;rbf;1.0;1000.0;949.0;994.0;442.0;391.0;70.0;387.0;4.0;372.0;54.86;14.05;0.16;0.01;0.95;0.16;0.27;0.99;0.84;0.51;0.99;0.67
43;2017_08_04_08:49:17;SVC;sigmoid;1.0;1000.0;949.0;994.0;442.0;391.0;70.0;387.0;4.0;372.0;54.86;14.05;0.16;0.01;0.95;0.16;0.27;0.99;0.84;0.51;0.99;0.67
44;2017_08_03_14:08:39;SVC;linear;10000.0;1000.0;963.0;980.0;428.0;405.0;345.0;340.0;65.0;83.0;82.23;64.48;0.81;0.16;0.84;0.81;0.82;0.84;0.19;0.8;0.84;0.82
45;2017_08_03_14:08:39;SVC;poly;10000.0;1000.0;963.0;980.0;428.0;405.0;127.0;386.0;19.0;301.0;61.58;24.52;0.3;0.05;0.87;0.3;0.45;0.95;0.7;0.56;0.95;0.7
46;2017_08_03_14:08:39;SVC;rbf;10000.0;1000.0;963.0;980.0;428.0;405.0;12.0;405.0;0.0;416.0;50.06;2.73;0.03;0.0;1.0;0.03;0.06;1.0;0.97;0.49;1.0;0.66
47;2017_08_03_14:08:39;SVC;sigmoid;10000.0;1000.0;963.0;980.0;428.0;405.0;12.0;405.0;0.0;416.0;50.06;2.73;0.03;0.0;1.0;0.03;0.06;1.0;0.97;0.49;1.0;0.66
48;2017_08_03_14:06:10;SVC;linear;1000.0;1000.0;975.0;968.0;416.0;417.0;307.0;354.0;63.0;109.0;79.35;58.7;0.74;0.15;0.83;0.74;0.78;0.85;0.26;0.76;0.85;0.8
49;2017_08_03_14:06:10;SVC;poly;1000.0;1000.0;975.0;968.0;416.0;417.0;128.0;399.0;18.0;288.0;63.27;26.47;0.31;0.04;0.88;0.31;0.46;0.96;0.69;0.58;0.96;0.72
50;2017_08_03_14:06:10;SVC;rbf;1000.0;1000.0;975.0;968.0;416.0;417.0;415.0;7.0;410.0;1.0;50.66;1.44;1.0;0.98;0.5;1.0;0.67;0.02;0.0;0.88;0.02;0.04
51;2017_08_03_14:06:10;SVC;sigmoid;1000.0;1000.0;975.0;968.0;416.0;417.0;415.0;7.0;410.0;1.0;50.66;1.44;1.0;0.98;0.5;1.0;0.67;0.02;0.0;0.88;0.02;0.04
52;2017_08_03_14:03:36;SVC;linear;100.0;1000.0;964.0;979.0;427.0;406.0;328.0;357.0;49.0;99.0;82.23;64.55;0.77;0.12;0.87;0.77;0.82;0.88;0.23;0.78;0.88;0.83
53;2017_08_03_14:03:36;SVC;poly;100.0;1000.0;964.0;979.0;427.0;406.0;151.0;387.0;19.0;276.0;64.59;30.21;0.35;0.05;0.89;0.35;0.5;0.95;0.65;0.58;0.95;0.72
54;2017_08_03_14:03:36;SVC;rbf;100.0;1000.0;964.0;979.0;427.0;406.0;17.0;406.0;0.0;410.0;50.78;3.88;0.04;0.0;1.0;0.04;0.08;1.0;0.96;0.5;1.0;0.67
55;2017_08_03_14:03:36;SVC;sigmoid;100.0;1000.0;964.0;979.0;427.0;406.0;17.0;406.0;0.0;410.0;50.78;3.88;0.04;0.0;1.0;0.04;0.08;1.0;0.96;0.5;1.0;0.67
56;2017_08_03_14:00:53;SVC;linear;10.0;1000.0;975.0;968.0;416.0;417.0;321.0;343.0;74.0;95.0;79.71;59.42;0.77;0.18;0.81;0.77;0.79;0.82;0.23;0.78;0.82;0.8
57;2017_08_03_14:00:53;SVC;poly;10.0;1000.0;975.0;968.0;416.0;417.0;139.0;398.0;19.0;277.0;64.47;28.88;0.33;0.05;0.88;0.33;0.48;0.95;0.67;0.59;0.95;0.73
58;2017_08_03_14:00:53;SVC;rbf;10.0;1000.0;975.0;968.0;416.0;417.0;416.0;11.0;406.0;0.0;51.26;2.63;1.0;0.97;0.51;1.0;0.68;0.03;0.0;1.0;0.03;0.06
59;2017_08_03_14:00:53;SVC;sigmoid;10.0;1000.0;975.0;968.0;416.0;417.0;416.0;11.0;406.0;0.0;51.26;2.63;1.0;0.97;0.51;1.0;0.68;0.03;0.0;1.0;0.03;0.06
60;2017_08_03_13:58:24;SVC;linear;1.0;1000.0;973.0;970.0;418.0;415.0;310.0;357.0;58.0;108.0;80.07;60.16;0.74;0.14;0.84;0.74;0.79;0.86;0.26;0.77;0.86;0.81
61;2017_08_03_13:58:24;SVC;poly;1.0;1000.0;973.0;970.0;418.0;415.0;124.0;404.0;11.0;294.0;63.39;26.95;0.3;0.03;0.92;0.3;0.45;0.97;0.7;0.58;0.97;0.73
62;2017_08_03_13:58:24;SVC;rbf;1.0;1000.0;973.0;970.0;418.0;415.0;350.0;143.0;272.0;68.0;59.18;18.22;0.84;0.66;0.56;0.84;0.67;0.34;0.16;0.68;0.34;0.45
63;2017_08_03_13:58:24;SVC;sigmoid;1.0;1000.0;973.0;970.0;418.0;415.0;350.0;143.0;272.0;68.0;59.18;18.22;0.84;0.66;0.56;0.84;0.67;0.34;0.16;0.68;0.34;0.45
64;2017_08_03_12:43:22;SVC;linear;10000.0;1000.0;968.0;975.0;423.0;410.0;310.0;358.0;52.0;113.0;80.19;60.46;0.73;0.13;0.86;0.73;0.79;0.87;0.27;0.76;0.87;0.81
65;2017_08_03_12:43:22;SVC;poly;10000.0;1000.0;968.0;975.0;423.0;410.0;131.0;391.0;19.0;292.0;62.67;26.07;0.31;0.05;0.87;0.31;0.46;0.95;0.69;0.57;0.95;0.71
66;2017_08_03_12:43:22;SVC;rbf;10000.0;1000.0;968.0;975.0;423.0;410.0;15.0;409.0;1.0;408.0;50.9;3.25;0.04;0.0;0.94;0.04;0.08;1.0;0.96;0.5;1.0;0.67
67;2017_08_03_12:43:22;SVC;sigmoid;10000.0;1000.0;968.0;975.0;423.0;410.0;15.0;409.0;1.0;408.0;50.9;3.25;0.04;0.0;0.94;0.04;0.08;1.0;0.96;0.5;1.0;0.67
68;2017_08_03_12:40:32;SVC;linear;1000.0;1000.0;984.0;959.0;407.0;426.0;308.0;371.0;55.0;99.0;81.51;62.92;0.76;0.13;0.85;0.76;0.8;0.87;0.24;0.79;0.87;0.83
69;2017_08_03_12:40:32;SVC;poly;1000.0;1000.0;984.0;959.0;407.0;426.0;127.0;409.0;17.0;280.0;64.35;27.61;0.31;0.04;0.88;0.31;0.46;0.96;0.69;0.59;0.96;0.73
70;2017_08_03_12:40:32;SVC;rbf;1000.0;1000.0;984.0;959.0;407.0;426.0;407.0;15.0;411.0;0.0;50.66;3.44;1.0;0.96;0.5;1.0;0.67;0.04;0.0;1.0;0.04;0.08
71;2017_08_03_12:40:32;SVC;sigmoid;1000.0;1000.0;984.0;959.0;407.0;426.0;407.0;15.0;411.0;0.0;50.66;3.44;1.0;0.96;0.5;1.0;0.67;0.04;0.0;1.0;0.04;0.08
72;2017_08_03_12:37:03;SVC;linear;100.0;1000.0;979.0;964.0;412.0;421.0;323.0;357.0;64.0;89.0;81.63;63.24;0.78;0.15;0.83;0.78;0.8;0.85;0.22;0.8;0.85;0.82
73;2017_08_03_12:37:03;SVC;poly;100.0;1000.0;979.0;964.0;412.0;421.0;145.0;401.0;20.0;267.0;65.55;30.64;0.35;0.05;0.88;0.35;0.5;0.95;0.65;0.6;0.95;0.74
74;2017_08_03_12:37:03;SVC;rbf;100.0;1000.0;979.0;964.0;412.0;421.0;412.0;14.0;407.0;0.0;51.14;3.29;1.0;0.97;0.5;1.0;0.67;0.03;0.0;1.0;0.03;0.06
75;2017_08_03_12:37:03;SVC;sigmoid;100.0;1000.0;979.0;964.0;412.0;421.0;412.0;14.0;407.0;0.0;51.14;3.29;1.0;0.97;0.5;1.0;0.67;0.03;0.0;1.0;0.03;0.06
76;2017_08_03_12:33:50;SVC;linear;10.0;1000.0;955.0;988.0;436.0;397.0;315.0;337.0;60.0;121.0;78.27;56.74;0.72;0.15;0.84;0.72;0.78;0.85;0.28;0.74;0.85;0.79
77;2017_08_03_12:33:50;SVC;poly;10.0;1000.0;955.0;988.0;436.0;397.0;133.0;380.0;17.0;303.0;61.58;25.4;0.31;0.04;0.89;0.31;0.46;0.96;0.69;0.56;0.96;0.71
78;2017_08_03_12:33:50;SVC;rbf;10.0;1000.0;955.0;988.0;436.0;397.0;13.0;397.0;0.0;423.0;49.22;2.85;0.03;0.0;1.0;0.03;0.06;1.0;0.97;0.48;1.0;0.65
79;2017_08_03_12:33:50;SVC;sigmoid;10.0;1000.0;955.0;988.0;436.0;397.0;13.0;397.0;0.0;423.0;49.22;2.85;0.03;0.0;1.0;0.03;0.06;1.0;0.97;0.48;1.0;0.65
80;2017_08_03_03:11:25;SVC;linear;1000.0;1000.0;992.0;951.0;399.0;434.0;296.0;379.0;55.0;103.0;81.03;61.81;0.74;0.13;0.84;0.74;0.79;0.87;0.26;0.79;0.87;0.83
81;2017_08_03_03:11:25;SVC;poly;1000.0;1000.0;992.0;951.0;399.0;434.0;116.0;422.0;12.0;283.0;64.59;27.05;0.29;0.03;0.91;0.29;0.44;0.97;0.71;0.6;0.97;0.74
82;2017_08_03_03:11:25;SVC;rbf;1000.0;1000.0;992.0;951.0;399.0;434.0;398.0;15.0;419.0;1.0;49.58;3.08;1.0;0.97;0.49;1.0;0.66;0.03;0.0;0.94;0.03;0.06
83;2017_08_03_03:11:25;SVC;sigmoid;1000.0;1000.0;992.0;951.0;399.0;434.0;398.0;15.0;419.0;1.0;49.58;3.08;1.0;0.97;0.49;1.0;0.66;0.03;0.0;0.94;0.03;0.06
84;2017_08_03_03:09:05;SVC;linear;100.0;1000.0;969.0;974.0;422.0;411.0;296.0;364.0;47.0;126.0;79.23;58.56;0.7;0.11;0.86;0.7;0.77;0.89;0.3;0.74;0.89;0.81
85;2017_08_03_03:09:05;SVC;poly;100.0;1000.0;969.0;974.0;422.0;411.0;110.0;406.0;5.0;312.0;61.94;24.61;0.26;0.01;0.96;0.26;0.41;0.99;0.74;0.57;0.99;0.72
86;2017_08_03_03:09:05;SVC;rbf;100.0;1000.0;969.0;974.0;422.0;411.0;12.0;411.0;0.0;410.0;50.78;2.81;0.03;0.0;1.0;0.03;0.06;1.0;0.97;0.5;1.0;0.67
87;2017_08_03_03:09:05;SVC;sigmoid;100.0;1000.0;969.0;974.0;422.0;411.0;12.0;411.0;0.0;410.0;50.78;2.81;0.03;0.0;1.0;0.03;0.06;1.0;0.97;0.5;1.0;0.67
88;2017_08_03_03:06:48;SVC;linear;10.0;1000.0;994.0;949.0;397.0;436.0;299.0;382.0;54.0;98.0;81.75;63.24;0.75;0.12;0.85;0.75;0.8;0.88;0.25;0.8;0.88;0.84
89;2017_08_03_03:06:48;SVC;poly;10.0;1000.0;994.0;949.0;397.0;436.0;116.0;423.0;13.0;281.0;64.71;27.05;0.29;0.03;0.9;0.29;0.44;0.97;0.71;0.6;0.97;0.74
90;2017_08_03_03:06:48;SVC;rbf;10.0;1000.0;994.0;949.0;397.0;436.0;397.0;12.0;424.0;0.0;49.1;2.63;1.0;0.97;0.48;1.0;0.65;0.03;0.0;1.0;0.03;0.06
91;2017_08_03_03:06:48;SVC;sigmoid;10.0;1000.0;994.0;949.0;397.0;436.0;397.0;12.0;424.0;0.0;49.1;2.63;1.0;0.97;0.48;1.0;0.65;0.03;0.0;1.0;0.03;0.06
92;2017_08_03_03:04:31;SVC;linear;1.0;1000.0;991.0;952.0;400.0;433.0;293.0;382.0;51.0;107.0;81.03;61.8;0.73;0.12;0.85;0.73;0.79;0.88;0.27;0.78;0.88;0.83
93;2017_08_03_03:04:31;SVC;poly;1.0;1000.0;991.0;952.0;400.0;433.0;116.0;426.0;7.0;284.0;65.07;28.13;0.29;0.02;0.94;0.29;0.44;0.98;0.71;0.6;0.98;0.74
94;2017_08_03_03:04:31;SVC;rbf;1.0;1000.0;991.0;952.0;400.0;433.0;376.0;91.0;342.0;24.0;56.06;14.57;0.94;0.79;0.52;0.94;0.67;0.21;0.06;0.79;0.21;0.33
95;2017_08_03_03:04:31;SVC;sigmoid;1.0;1000.0;991.0;952.0;400.0;433.0;376.0;91.0;342.0;24.0;56.06;14.57;0.94;0.79;0.52;0.94;0.67;0.21;0.06;0.79;0.21;0.33
96;2017_08_02_20:25:17;SVC;linear;10000.0;1000.0;985.0;958.0;406.0;427.0;321.0;373.0;54.0;85.0;83.31;66.54;0.79;0.13;0.86;0.79;0.82;0.87;0.21;0.81;0.87;0.84
97;2017_08_02_20:25:17;SVC;poly;10000.0;1000.0;985.0;958.0;406.0;427.0;144.0;411.0;16.0;262.0;66.63;32.2;0.35;0.04;0.9;0.35;0.5;0.96;0.65;0.61;0.96;0.75
98;2017_08_02_20:25:17;SVC;rbf;10000.0;1000.0;985.0;958.0;406.0;427.0;404.0;9.0;418.0;2.0;49.58;1.58;1.0;0.98;0.49;1.0;0.66;0.02;0.0;0.82;0.02;0.04
99;2017_08_02_20:25:17;SVC;sigmoid;10000.0;1000.0;985.0;958.0;406.0;427.0;404.0;9.0;418.0;2.0;49.58;1.58;1.0;0.98;0.49;1.0;0.66;0.02;0.0;0.82;0.02;0.04
100;2017_08_02_20:20:53;SVC;linear;1000.0;1000.0;961.0;982.0;430.0;403.0;328.0;344.0;59.0;102.0;80.67;61.43;0.76;0.15;0.85;0.76;0.8;0.85;0.24;0.77;0.85;0.81
101;2017_08_02_20:20:53;SVC;poly;1000.0;1000.0;961.0;982.0;430.0;403.0;119.0;391.0;12.0;311.0;61.22;24.13;0.28;0.03;0.91;0.28;0.43;0.97;0.72;0.56;0.97;0.71
102;2017_08_02_20:20:53;SVC;rbf;1000.0;1000.0;961.0;982.0;430.0;403.0;10.0;402.0;1.0;420.0;49.46;2.01;0.02;0.0;0.91;0.02;0.04;1.0;0.98;0.49;1.0;0.66
103;2017_08_02_20:20:53;SVC;sigmoid;1000.0;1000.0;961.0;982.0;430.0;403.0;10.0;402.0;1.0;420.0;49.46;2.01;0.02;0.0;0.91;0.02;0.04;1.0;0.98;0.49;1.0;0.66
104;2017_08_02_20:17:04;SVC;linear;100.0;1000.0;966.0;977.0;425.0;408.0;327.0;352.0;56.0;98.0;81.51;63.09;0.77;0.14;0.85;0.77;0.81;0.86;0.23;0.78;0.86;0.82
105;2017_08_02_20:17:04;SVC;poly;100.0;1000.0;966.0;977.0;425.0;408.0;134.0;394.0;14.0;291.0;63.39;27.72;0.32;0.03;0.91;0.32;0.47;0.97;0.68;0.58;0.97;0.73
106;2017_08_02_20:17:04;SVC;rbf;100.0;1000.0;966.0;977.0;425.0;408.0;16.0;408.0;0.0;409.0;50.9;3.69;0.04;0.0;1.0;0.04;0.08;1.0;0.96;0.5;1.0;0.67
107;2017_08_02_20:17:04;SVC;sigmoid;100.0;1000.0;966.0;977.0;425.0;408.0;16.0;408.0;0.0;409.0;50.9;3.69;0.04;0.0;1.0;0.04;0.08;1.0;0.96;0.5;1.0;0.67
108;2017_08_02_20:13:37;SVC;linear;10.0;1000.0;969.0;974.0;422.0;411.0;333.0;350.0;61.0;89.0;81.99;64.01;0.79;0.15;0.85;0.79;0.82;0.85;0.21;0.8;0.85;0.82
109;2017_08_02_20:13:37;SVC;poly;10.0;1000.0;969.0;974.0;422.0;411.0;127.0;395.0;16.0;295.0;62.67;25.97;0.3;0.04;0.89;0.3;0.45;0.96;0.7;0.57;0.96;0.72
110;2017_08_02_20:13:37;SVC;rbf;10.0;1000.0;969.0;974.0;422.0;411.0;12.0;411.0;0.0;410.0;50.78;2.81;0.03;0.0;1.0;0.03;0.06;1.0;0.97;0.5;1.0;0.67
111;2017_08_02_20:13:37;SVC;sigmoid;10.0;1000.0;969.0;974.0;422.0;411.0;12.0;411.0;0.0;410.0;50.78;2.81;0.03;0.0;1.0;0.03;0.06;1.0;0.97;0.5;1.0;0.67
112;2017_08_02_19:28:36;SVC;linear;1.0;100.0;966.0;977.0;425.0;408.0;311.0;358.0;50.0;114.0;80.31;60.73;0.73;0.12;0.86;0.73;0.79;0.88;0.27;0.76;0.88;0.82
113;2017_08_02_19:28:36;SVC;poly;1.0;100.0;966.0;977.0;425.0;408.0;111.0;399.0;9.0;314.0;61.22;23.56;0.26;0.02;0.93;0.26;0.41;0.98;0.74;0.56;0.98;0.71
114;2017_08_02_19:28:36;SVC;rbf;1.0;100.0;966.0;977.0;425.0;408.0;119.0;404.0;4.0;306.0;62.79;26.63;0.28;0.01;0.97;0.28;0.43;0.99;0.72;0.57;0.99;0.72
115;2017_08_02_19:28:36;SVC;sigmoid;1.0;100.0;966.0;977.0;425.0;408.0;119.0;404.0;4.0;306.0;62.79;26.63;0.28;0.01;0.97;0.28;0.43;0.99;0.72;0.57;0.99;0.72
116;2017_08_02_19:25:28;SVC;linear;10000.0;100.0;999.0;944.0;392.0;441.0;293.0;368.0;73.0;99.0;79.35;58.41;0.75;0.17;0.8;0.75;0.77;0.83;0.25;0.79;0.83;0.81
117;2017_08_02_19:25:28;SVC;poly;10000.0;100.0;999.0;944.0;392.0;441.0;135.0;423.0;18.0;257.0;66.99;31.42;0.34;0.04;0.88;0.34;0.49;0.96;0.66;0.62;0.96;0.75
118;2017_08_02_19:25:28;SVC;rbf;10000.0;100.0;999.0;944.0;392.0;441.0;391.0;10.0;431.0;1.0;48.14;1.9;1.0;0.98;0.48;1.0;0.65;0.02;0.0;0.91;0.02;0.04
119;2017_08_02_19:25:28;SVC;sigmoid;10000.0;100.0;999.0;944.0;392.0;441.0;391.0;10.0;431.0;1.0;48.14;1.9;1.0;0.98;0.48;1.0;0.65;0.02;0.0;0.91;0.02;0.04
120;2017_08_02_19:22:17;SVC;linear;1000.0;100.0;981.0;962.0;410.0;423.0;321.0;370.0;53.0;89.0;82.95;65.85;0.78;0.13;0.86;0.78;0.82;0.87;0.22;0.81;0.87;0.84
121;2017_08_02_19:22:17;SVC;poly;1000.0;100.0;981.0;962.0;410.0;423.0;139.0;410.0;13.0;271.0;65.91;31.13;0.34;0.03;0.91;0.34;0.5;0.97;0.66;0.6;0.97;0.74
122;2017_08_02_19:22:17;SVC;rbf;1000.0;100.0;981.0;962.0;410.0;423.0;410.0;11.0;412.0;0.0;50.54;2.56;1.0;0.97;0.5;1.0;0.67;0.03;0.0;1.0;0.03;0.06
123;2017_08_02_19:22:17;SVC;sigmoid;1000.0;100.0;981.0;962.0;410.0;423.0;410.0;11.0;412.0;0.0;50.54;2.56;1.0;0.97;0.5;1.0;0.67;0.03;0.0;1.0;0.03;0.06
124;2017_08_02_19:19:32;SVC;linear;100.0;100.0;981.0;962.0;410.0;423.0;317.0;359.0;64.0;93.0;81.15;62.25;0.77;0.15;0.83;0.77;0.8;0.85;0.23;0.79;0.85;0.82
125;2017_08_02_19:19:32;SVC;poly;100.0;100.0;981.0;962.0;410.0;423.0;138.0;407.0;16.0;272.0;65.43;30.17;0.34;0.04;0.9;0.34;0.49;0.96;0.66;0.6;0.96;0.74
126;2017_08_02_19:19:32;SVC;rbf;100.0;100.0;981.0;962.0;410.0;423.0;410.0;13.0;410.0;0.0;50.78;3.03;1.0;0.97;0.5;1.0;0.67;0.03;0.0;1.0;0.03;0.06
127;2017_08_02_19:19:32;SVC;sigmoid;100.0;100.0;981.0;962.0;410.0;423.0;410.0;13.0;410.0;0.0;50.78;3.03;1.0;0.97;0.5;1.0;0.67;0.03;0.0;1.0;0.03;0.06
128;2017_08_02_19:16:45;SVC;linear;10.0;100.0;967.0;976.0;424.0;409.0;306.0;357.0;52.0;118.0;79.59;59.29;0.72;0.13;0.85;0.72;0.78;0.87;0.28;0.75;0.87;0.81
129;2017_08_02_19:16:45;SVC;poly;10.0;100.0;967.0;976.0;424.0;409.0;114.0;403.0;6.0;310.0;62.06;25.09;0.27;0.01;0.95;0.27;0.42;0.99;0.73;0.57;0.99;0.72
130;2017_08_02_19:16:45;SVC;rbf;10.0;100.0;967.0;976.0;424.0;409.0;9.0;409.0;0.0;415.0;50.18;2.09;0.02;0.0;1.0;0.02;0.04;1.0;0.98;0.5;1.0;0.67
131;2017_08_02_19:16:45;SVC;sigmoid;10.0;100.0;967.0;976.0;424.0;409.0;9.0;409.0;0.0;415.0;50.18;2.09;0.02;0.0;1.0;0.02;0.04;1.0;0.98;0.5;1.0;0.67
132;2017_08_02_19:13:48;SVC;linear;1.0;100.0;993.0;950.0;398.0;435.0;300.0;367.0;68.0;98.0;80.07;59.94;0.75;0.16;0.82;0.75;0.78;0.84;0.25;0.79;0.84;0.81
133;2017_08_02_19:13:48;SVC;poly;1.0;100.0;993.0;950.0;398.0;435.0;115.0;424.0;11.0;283.0;64.71;27.15;0.29;0.03;0.91;0.29;0.44;0.97;0.71;0.6;0.97;0.74
134;2017_08_02_19:13:48;SVC;rbf;1.0;100.0;993.0;950.0;398.0;435.0;374.0;86.0;349.0;24.0;55.22;13.28;0.94;0.8;0.52;0.94;0.67;0.2;0.06;0.78;0.2;0.32
135;2017_08_02_19:13:48;SVC;sigmoid;1.0;100.0;993.0;950.0;398.0;435.0;374.0;86.0;349.0;24.0;55.22;13.28;0.94;0.8;0.52;0.94;0.67;0.2;0.06;0.78;0.2;0.32
136;2017_08_02_19:10:36;SVC;linear;10000.0;100.0;960.0;983.0;431.0;402.0;315.0;362.0;40.0;116.0;81.27;62.74;0.73;0.1;0.89;0.73;0.8;0.9;0.27;0.76;0.9;0.82
137;2017_08_02_19:10:36;SVC;poly;10000.0;100.0;960.0;983.0;431.0;402.0;130.0;390.0;12.0;301.0;62.42;26.54;0.3;0.03;0.92;0.3;0.45;0.97;0.7;0.56;0.97;0.71
138;2017_08_02_19:10:36;SVC;rbf;10000.0;100.0;960.0;983.0;431.0;402.0;19.0;402.0;0.0;412.0;50.54;4.26;0.04;0.0;1.0;0.04;0.08;1.0;0.96;0.49;1.0;0.66
139;2017_08_02_19:10:36;SVC;sigmoid;10000.0;100.0;960.0;983.0;431.0;402.0;19.0;402.0;0.0;412.0;50.54;4.26;0.04;0.0;1.0;0.04;0.08;1.0;0.96;0.49;1.0;0.66
140;2017_08_02_19:07:19;SVC;linear;1000.0;100.0;970.0;973.0;421.0;412.0;307.0;361.0;51.0;114.0;80.19;60.44;0.73;0.12;0.86;0.73;0.79;0.88;0.27;0.76;0.88;0.82
141;2017_08_02_19:07:19;SVC;poly;1000.0;100.0;970.0;973.0;421.0;412.0;135.0;400.0;12.0;286.0;64.23;28.95;0.32;0.03;0.92;0.32;0.47;0.97;0.68;0.58;0.97;0.73
142;2017_08_02_19:07:19;SVC;rbf;1000.0;100.0;970.0;973.0;421.0;412.0;15.0;410.0;2.0;406.0;51.02;3.05;0.04;0.0;0.88;0.04;0.08;1.0;0.96;0.5;1.0;0.67
143;2017_08_02_19:07:19;SVC;sigmoid;1000.0;100.0;970.0;973.0;421.0;412.0;15.0;410.0;2.0;406.0;51.02;3.05;0.04;0.0;0.88;0.04;0.08;1.0;0.96;0.5;1.0;0.67
144;2017_08_02_19:04:30;SVC;linear;100.0;100.0;985.0;958.0;406.0;427.0;299.0;366.0;61.0;107.0;79.83;59.53;0.74;0.14;0.83;0.74;0.78;0.86;0.26;0.77;0.86;0.81
145;2017_08_02_19:04:30;SVC;poly;100.0;100.0;985.0;958.0;406.0;427.0;109.0;418.0;9.0;297.0;63.27;25.18;0.27;0.02;0.92;0.27;0.42;0.98;0.73;0.58;0.98;0.73
146;2017_08_02_19:04:30;SVC;rbf;100.0;100.0;985.0;958.0;406.0;427.0;405.0;12.0;415.0;1.0;50.06;2.5;1.0;0.97;0.49;1.0;0.66;0.03;0.0;0.92;0.03;0.06
147;2017_08_02_19:04:30;SVC;sigmoid;100.0;100.0;985.0;958.0;406.0;427.0;405.0;12.0;415.0;1.0;50.06;2.5;1.0;0.97;0.49;1.0;0.66;0.03;0.0;0.92;0.03;0.06
148;2017_08_02_19:01:46;SVC;linear;10.0;100.0;983.0;960.0;408.0;425.0;308.0;359.0;66.0;100.0;80.07;60.06;0.75;0.16;0.82;0.75;0.78;0.84;0.25;0.78;0.84;0.81
149;2017_08_02_19:01:46;SVC;poly;10.0;100.0;983.0;960.0;408.0;425.0;117.0;414.0;11.0;291.0;63.75;26.45;0.29;0.03;0.91;0.29;0.44;0.97;0.71;0.59;0.97;0.73
150;2017_08_02_19:01:46;SVC;rbf;10.0;100.0;983.0;960.0;408.0;425.0;408.0;7.0;418.0;0.0;49.82;1.61;1.0;0.98;0.49;1.0;0.66;0.02;0.0;1.0;0.02;0.04
151;2017_08_02_19:01:46;SVC;sigmoid;10.0;100.0;983.0;960.0;408.0;425.0;408.0;7.0;418.0;0.0;49.82;1.61;1.0;0.98;0.49;1.0;0.66;0.02;0.0;1.0;0.02;0.04
152;2017_08_02_18:58:44;SVC;linear;1.0;100.0;967.0;976.0;424.0;409.0;324.0;348.0;61.0;100.0;80.67;61.4;0.76;0.15;0.84;0.76;0.8;0.85;0.24;0.78;0.85;0.81
153;2017_08_02_18:58:44;SVC;poly;1.0;100.0;967.0;976.0;424.0;409.0;142.0;394.0;15.0;282.0;64.35;29.48;0.33;0.04;0.9;0.33;0.48;0.96;0.67;0.58;0.96;0.72
154;2017_08_02_18:58:44;SVC;rbf;1.0;100.0;967.0;976.0;424.0;409.0;211.0;387.0;22.0;213.0;71.79;44.02;0.5;0.05;0.91;0.5;0.65;0.95;0.5;0.65;0.95;0.77
155;2017_08_02_18:58:44;SVC;sigmoid;1.0;100.0;967.0;976.0;424.0;409.0;211.0;387.0;22.0;213.0;71.79;44.02;0.5;0.05;0.91;0.5;0.65;0.95;0.5;0.65;0.95;0.77
156;2017_08_02_18:48:27;SVC;linear;10000.0;100.0;957.0;986.0;434.0;399.0;355.0;339.0;60.0;79.0;83.31;66.63;0.82;0.15;0.86;0.82;0.84;0.85;0.18;0.81;0.85;0.83
157;2017_08_02_18:48:27;SVC;poly;10000.0;100.0;957.0;986.0;434.0;399.0;145.0;384.0;15.0;289.0;63.51;28.85;0.33;0.04;0.91;0.33;0.48;0.96;0.67;0.57;0.96;0.72
158;2017_08_02_18:48:27;SVC;rbf;10000.0;100.0;957.0;986.0;434.0;399.0;15.0;399.0;0.0;419.0;49.7;3.32;0.03;0.0;1.0;0.03;0.06;1.0;0.97;0.49;1.0;0.66
159;2017_08_02_18:48:27;SVC;sigmoid;10000.0;100.0;957.0;986.0;434.0;399.0;15.0;399.0;0.0;419.0;49.7;3.32;0.03;0.0;1.0;0.03;0.06;1.0;0.97;0.49;1.0;0.66
160;2017_08_02_18:45:22;SVC;linear;1000.0;100.0;974.0;969.0;417.0;416.0;314.0;348.0;68.0;103.0;79.47;58.95;0.75;0.16;0.82;0.75;0.78;0.84;0.25;0.77;0.84;0.8
161;2017_08_02_18:45:22;SVC;poly;1000.0;100.0;974.0;969.0;417.0;416.0;123.0;398.0;18.0;294.0;62.55;25.15;0.29;0.04;0.87;0.29;0.43;0.96;0.71;0.58;0.96;0.72
162;2017_08_02_18:45:22;SVC;rbf;1000.0;100.0;974.0;969.0;417.0;416.0;12.0;415.0;1.0;405.0;51.26;2.63;0.03;0.0;0.92;0.03;0.06;1.0;0.97;0.51;1.0;0.68
163;2017_08_02_18:45:22;SVC;sigmoid;1000.0;100.0;974.0;969.0;417.0;416.0;12.0;415.0;1.0;405.0;51.26;2.63;0.03;0.0;0.92;0.03;0.06;1.0;0.97;0.51;1.0;0.68
164;2017_08_02_18:42:40;SVC;linear;100.0;100.0;970.0;973.0;421.0;412.0;329.0;354.0;58.0;92.0;81.99;64.01;0.78;0.14;0.85;0.78;0.81;0.86;0.22;0.79;0.86;0.82
165;2017_08_02_18:42:40;SVC;poly;100.0;100.0;970.0;973.0;421.0;412.0;135.0;397.0;15.0;286.0;63.87;28.23;0.32;0.04;0.9;0.32;0.47;0.96;0.68;0.58;0.96;0.72
166;2017_08_02_18:42:40;SVC;rbf;100.0;100.0;970.0;973.0;421.0;412.0;19.0;412.0;0.0;402.0;51.74;4.47;0.05;0.0;1.0;0.05;0.1;1.0;0.95;0.51;1.0;0.68
167;2017_08_02_18:42:40;SVC;sigmoid;100.0;100.0;970.0;973.0;421.0;412.0;19.0;412.0;0.0;402.0;51.74;4.47;0.05;0.0;1.0;0.05;0.1;1.0;0.95;0.51;1.0;0.68
168;2017_08_02_18:39:37;SVC;linear;10.0;100.0;969.0;974.0;422.0;411.0;311.0;365.0;46.0;111.0;81.15;62.38;0.74;0.11;0.87;0.74;0.8;0.89;0.26;0.77;0.89;0.83
169;2017_08_02_18:39:37;SVC;poly;10.0;100.0;969.0;974.0;422.0;411.0;127.0;398.0;13.0;295.0;63.03;26.69;0.3;0.03;0.91;0.3;0.45;0.97;0.7;0.57;0.97;0.72
170;2017_08_02_18:39:37;SVC;rbf;10.0;100.0;969.0;974.0;422.0;411.0;18.0;411.0;0.0;404.0;51.5;4.21;0.04;0.0;1.0;0.04;0.08;1.0;0.96;0.5;1.0;0.67
171;2017_08_02_18:39:37;SVC;sigmoid;10.0;100.0;969.0;974.0;422.0;411.0;18.0;411.0;0.0;404.0;51.5;4.21;0.04;0.0;1.0;0.04;0.08;1.0;0.96;0.5;1.0;0.67
172;2017_08_02_18:36:42;SVC;linear;1.0;100.0;974.0;969.0;417.0;416.0;318.0;346.0;70.0;99.0;79.71;59.43;0.76;0.17;0.82;0.76;0.79;0.83;0.24;0.78;0.83;0.8
173;2017_08_02_18:36:42;SVC;poly;1.0;100.0;974.0;969.0;417.0;416.0;129.0;407.0;9.0;288.0;64.35;28.75;0.31;0.02;0.93;0.31;0.47;0.98;0.69;0.59;0.98;0.74
174;2017_08_02_18:36:42;SVC;rbf;1.0;100.0;974.0;969.0;417.0;416.0;375.0;118.0;298.0;42.0;59.18;18.31;0.9;0.72;0.56;0.9;0.69;0.28;0.1;0.74;0.28;0.41
175;2017_08_02_18:36:42;SVC;sigmoid;1.0;100.0;974.0;969.0;417.0;416.0;375.0;118.0;298.0;42.0;59.18;18.31;0.9;0.72;0.56;0.9;0.69;0.28;0.1;0.74;0.28;0.41
176;2017_08_02_18:27:21;SVC;linear;10000.0;100.0;948.0;995.0;443.0;390.0;335.0;333.0;57.0;108.0;80.19;60.53;0.76;0.15;0.85;0.76;0.8;0.85;0.24;0.76;0.85;0.8
177;2017_08_02_18:27:21;SVC;poly;10000.0;100.0;948.0;995.0;443.0;390.0;137.0;369.0;21.0;306.0;60.74;24.47;0.31;0.05;0.87;0.31;0.46;0.95;0.69;0.55;0.95;0.7
178;2017_08_02_18:27:21;SVC;rbf;10000.0;100.0;948.0;995.0;443.0;390.0;10.0;390.0;0.0;433.0;48.02;2.12;0.02;0.0;1.0;0.02;0.04;1.0;0.98;0.47;1.0;0.64
179;2017_08_02_18:27:21;SVC;sigmoid;10000.0;100.0;948.0;995.0;443.0;390.0;10.0;390.0;0.0;433.0;48.02;2.12;0.02;0.0;1.0;0.02;0.04;1.0;0.98;0.47;1.0;0.64
180;2017_08_02_18:24:35;SVC;linear;1000.0;100.0;997.0;946.0;394.0;439.0;300.0;367.0;72.0;94.0;80.07;59.91;0.76;0.16;0.81;0.76;0.78;0.84;0.24;0.8;0.84;0.82
181;2017_08_02_18:24:35;SVC;poly;1000.0;100.0;997.0;946.0;394.0;439.0;112.0;427.0;12.0;282.0;64.71;26.63;0.28;0.03;0.9;0.28;0.43;0.97;0.72;0.6;0.97;0.74
182;2017_08_02_18:24:35;SVC;rbf;1000.0;100.0;997.0;946.0;394.0;439.0;394.0;14.0;425.0;0.0;48.98;3.02;1.0;0.97;0.48;1.0;0.65;0.03;0.0;1.0;0.03;0.06
183;2017_08_02_18:24:35;SVC;sigmoid;1000.0;100.0;997.0;946.0;394.0;439.0;394.0;14.0;425.0;0.0;48.98;3.02;1.0;0.97;0.48;1.0;0.65;0.03;0.0;1.0;0.03;0.06
184;2017_08_02_18:21:52;SVC;linear;100.0;100.0;976.0;967.0;415.0;418.0;316.0;355.0;63.0;99.0;80.55;61.09;0.76;0.15;0.83;0.76;0.79;0.85;0.24;0.78;0.85;0.81
185;2017_08_02_18:21:52;SVC;poly;100.0;100.0;976.0;967.0;415.0;418.0;124.0;409.0;9.0;291.0;63.99;27.79;0.3;0.02;0.93;0.3;0.45;0.98;0.7;0.58;0.98;0.73
186;2017_08_02_18:21:52;SVC;rbf;100.0;100.0;976.0;967.0;415.0;418.0;415.0;9.0;409.0;0.0;50.9;2.15;1.0;0.98;0.5;1.0;0.67;0.02;0.0;1.0;0.02;0.04
187;2017_08_02_18:21:52;SVC;sigmoid;100.0;100.0;976.0;967.0;415.0;418.0;415.0;9.0;409.0;0.0;50.9;2.15;1.0;0.98;0.5;1.0;0.67;0.02;0.0;1.0;0.02;0.04
188;2017_08_02_18:19:01;SVC;linear;10.0;100.0;963.0;980.0;428.0;405.0;325.0;348.0;57.0;103.0;80.79;61.67;0.76;0.14;0.85;0.76;0.8;0.86;0.24;0.77;0.86;0.81
189;2017_08_02_18:19:01;SVC;poly;10.0;100.0;963.0;980.0;428.0;405.0;137.0;389.0;16.0;291.0;63.15;27.56;0.32;0.04;0.9;0.32;0.47;0.96;0.68;0.57;0.96;0.72
190;2017_08_02_18:19:01;SVC;rbf;10.0;100.0;963.0;980.0;428.0;405.0;15.0;404.0;1.0;413.0;50.3;3.17;0.04;0.0;0.94;0.04;0.08;1.0;0.96;0.49;1.0;0.66
191;2017_08_02_18:19:01;SVC;sigmoid;10.0;100.0;963.0;980.0;428.0;405.0;15.0;404.0;1.0;413.0;50.3;3.17;0.04;0.0;0.94;0.04;0.08;1.0;0.96;0.49;1.0;0.66
192;2017_08_02_17:38:29;SVC;linear;1.0;10.0;979.0;964.0;412.0;421.0;322.0;354.0;67.0;90.0;81.15;62.28;0.78;0.16;0.83;0.78;0.8;0.84;0.22;0.8;0.84;0.82
193;2017_08_02_17:38:29;SVC;poly;1.0;10.0;979.0;964.0;412.0;421.0;116.0;410.0;11.0;296.0;63.15;25.73;0.28;0.03;0.91;0.28;0.43;0.97;0.72;0.58;0.97;0.73
194;2017_08_02_17:38:29;SVC;rbf;1.0;10.0;979.0;964.0;412.0;421.0;378.0;101.0;320.0;34.0;57.5;15.62;0.92;0.76;0.54;0.92;0.68;0.24;0.08;0.75;0.24;0.36
195;2017_08_02_17:38:29;SVC;sigmoid;1.0;10.0;979.0;964.0;412.0;421.0;378.0;101.0;320.0;34.0;57.5;15.62;0.92;0.76;0.54;0.92;0.68;0.24;0.08;0.75;0.24;0.36
196;2017_08_02_17:32:04;SVC;linear;10000.0;10.0;982.0;961.0;409.0;424.0;322.0;349.0;75.0;87.0;80.55;61.07;0.79;0.18;0.81;0.79;0.8;0.82;0.21;0.8;0.82;0.81
197;2017_08_02_17:32:04;SVC;poly;10000.0;10.0;982.0;961.0;409.0;424.0;125.0;416.0;8.0;284.0;64.95;29.02;0.31;0.02;0.94;0.31;0.47;0.98;0.69;0.59;0.98;0.74
198;2017_08_02_17:32:04;SVC;rbf;10000.0;10.0;982.0;961.0;409.0;424.0;409.0;10.0;414.0;0.0;50.3;2.32;1.0;0.98;0.5;1.0;0.67;0.02;0.0;1.0;0.02;0.04
199;2017_08_02_17:32:04;SVC;sigmoid;10000.0;10.0;982.0;961.0;409.0;424.0;409.0;10.0;414.0;0.0;50.3;2.32;1.0;0.98;0.5;1.0;0.67;0.02;0.0;1.0;0.02;0.04
200;2017_08_02_17:29:42;SVC;linear;1000.0;10.0;968.0;975.0;423.0;410.0;319.0;345.0;65.0;104.0;79.71;59.47;0.75;0.16;0.83;0.75;0.79;0.84;0.25;0.77;0.84;0.8
201;2017_08_02_17:29:42;SVC;poly;1000.0;10.0;968.0;975.0;423.0;410.0;112.0;400.0;10.0;311.0;61.46;23.77;0.26;0.02;0.92;0.26;0.41;0.98;0.74;0.56;0.98;0.71
202;2017_08_02_17:29:42;SVC;rbf;1000.0;10.0;968.0;975.0;423.0;410.0;15.0;410.0;0.0;408.0;51.02;3.49;0.04;0.0;1.0;0.04;0.08;1.0;0.96;0.5;1.0;0.67
203;2017_08_02_17:29:42;SVC;sigmoid;1000.0;10.0;968.0;975.0;423.0;410.0;15.0;410.0;0.0;408.0;51.02;3.49;0.04;0.0;1.0;0.04;0.08;1.0;0.96;0.5;1.0;0.67
204;2017_08_02_17:27:21;SVC;linear;100.0;10.0;985.0;958.0;406.0;427.0;316.0;357.0;70.0;90.0;80.79;61.51;0.78;0.16;0.82;0.78;0.8;0.84;0.22;0.8;0.84;0.82
205;2017_08_02_17:27:21;SVC;poly;100.0;10.0;985.0;958.0;406.0;427.0;114.0;422.0;5.0;292.0;64.35;27.38;0.28;0.01;0.96;0.28;0.43;0.99;0.72;0.59;0.99;0.74
206;2017_08_02_17:27:21;SVC;rbf;100.0;10.0;985.0;958.0;406.0;427.0;405.0;10.0;417.0;1.0;49.82;2.04;1.0;0.98;0.49;1.0;0.66;0.02;0.0;0.91;0.02;0.04
207;2017_08_02_17:27:21;SVC;sigmoid;100.0;10.0;985.0;958.0;406.0;427.0;405.0;10.0;417.0;1.0;49.82;2.04;1.0;0.98;0.49;1.0;0.66;0.02;0.0;0.91;0.02;0.04
208;2017_08_02_17:25:01;SVC;linear;10.0;10.0;990.0;953.0;401.0;432.0;320.0;364.0;68.0;81.0;82.11;64.13;0.8;0.16;0.82;0.8;0.81;0.84;0.2;0.82;0.84;0.83
209;2017_08_02_17:25:01;SVC;poly;10.0;10.0;990.0;953.0;401.0;432.0;117.0;424.0;8.0;284.0;64.95;28.02;0.29;0.02;0.94;0.29;0.44;0.98;0.71;0.6;0.98;0.74
210;2017_08_02_17:25:01;SVC;rbf;10.0;10.0;990.0;953.0;401.0;432.0;399.0;8.0;424.0;2.0;48.86;1.3;1.0;0.98;0.48;1.0;0.65;0.02;0.0;0.8;0.02;0.04
211;2017_08_02_17:25:01;SVC;sigmoid;10.0;10.0;990.0;953.0;401.0;432.0;399.0;8.0;424.0;2.0;48.86;1.3;1.0;0.98;0.48;1.0;0.65;0.02;0.0;0.8;0.02;0.04
212;2017_08_02_17:22:41;SVC;linear;1.0;10.0;992.0;951.0;399.0;434.0;319.0;367.0;67.0;80.0;82.35;64.6;0.8;0.15;0.83;0.8;0.81;0.85;0.2;0.82;0.85;0.83
213;2017_08_02_17:22:41;SVC;poly;1.0;10.0;992.0;951.0;399.0;434.0;109.0;424.0;10.0;290.0;63.99;25.74;0.27;0.02;0.92;0.27;0.42;0.98;0.73;0.59;0.98;0.74
214;2017_08_02_17:22:41;SVC;rbf;1.0;10.0;992.0;951.0;399.0;434.0;368.0;95.0;339.0;31.0;55.58;13.69;0.92;0.78;0.52;0.92;0.66;0.22;0.08;0.75;0.22;0.34
215;2017_08_02_17:22:41;SVC;sigmoid;1.0;10.0;992.0;951.0;399.0;434.0;368.0;95.0;339.0;31.0;55.58;13.69;0.92;0.78;0.52;0.92;0.66;0.22;0.08;0.75;0.22;0.34
216;2017_08_02_17:15:36;SVC;linear;10000.0;10.0;977.0;966.0;414.0;419.0;318.0;351.0;68.0;96.0;80.31;60.61;0.77;0.16;0.82;0.77;0.79;0.84;0.23;0.79;0.84;0.81
217;2017_08_02_17:15:36;SVC;poly;10000.0;10.0;977.0;966.0;414.0;419.0;119.0;410.0;9.0;295.0;63.51;26.71;0.29;0.02;0.93;0.29;0.44;0.98;0.71;0.58;0.98;0.73
218;2017_08_02_17:15:36;SVC;rbf;10000.0;10.0;977.0;966.0;414.0;419.0;414.0;8.0;411.0;0.0;50.66;1.9;1.0;0.98;0.5;1.0;0.67;0.02;0.0;1.0;0.02;0.04
219;2017_08_02_17:15:36;SVC;sigmoid;10000.0;10.0;977.0;966.0;414.0;419.0;414.0;8.0;411.0;0.0;50.66;1.9;1.0;0.98;0.5;1.0;0.67;0.02;0.0;1.0;0.02;0.04
220;2017_08_02_17:12:42;SVC;linear;1000.0;10.0;955.0;988.0;436.0;397.0;338.0;339.0;58.0;98.0;81.27;62.63;0.78;0.15;0.85;0.78;0.81;0.85;0.22;0.78;0.85;0.81
221;2017_08_02_17:12:42;SVC;poly;1000.0;10.0;955.0;988.0;436.0;397.0;130.0;392.0;5.0;306.0;62.67;27.62;0.3;0.01;0.96;0.3;0.46;0.99;0.7;0.56;0.99;0.72
222;2017_08_02_17:12:42;SVC;rbf;1000.0;10.0;955.0;988.0;436.0;397.0;11.0;397.0;0.0;425.0;48.98;2.41;0.03;0.0;1.0;0.03;0.06;1.0;0.97;0.48;1.0;0.65
223;2017_08_02_17:12:42;SVC;sigmoid;1000.0;10.0;955.0;988.0;436.0;397.0;11.0;397.0;0.0;425.0;48.98;2.41;0.03;0.0;1.0;0.03;0.06;1.0;0.97;0.48;1.0;0.65
224;2017_08_02_17:10:06;SVC;linear;100.0;10.0;965.0;978.0;426.0;407.0;323.0;347.0;60.0;103.0;80.43;60.94;0.76;0.15;0.84;0.76;0.8;0.85;0.24;0.77;0.85;0.81
225;2017_08_02_17:10:06;SVC;poly;100.0;10.0;965.0;978.0;426.0;407.0;119.0;400.0;7.0;307.0;62.3;25.79;0.28;0.02;0.94;0.28;0.43;0.98;0.72;0.57;0.98;0.72
226;2017_08_02_17:10:06;SVC;rbf;100.0;10.0;965.0;978.0;426.0;407.0;15.0;407.0;0.0;411.0;50.66;3.44;0.04;0.0;1.0;0.04;0.08;1.0;0.96;0.5;1.0;0.67
227;2017_08_02_17:10:06;SVC;sigmoid;100.0;10.0;965.0;978.0;426.0;407.0;15.0;407.0;0.0;411.0;50.66;3.44;0.04;0.0;1.0;0.04;0.08;1.0;0.96;0.5;1.0;0.67
228;2017_08_02_17:07:18;SVC;linear;10.0;10.0;978.0;965.0;413.0;420.0;333.0;353.0;67.0;80.0;82.35;64.69;0.81;0.16;0.83;0.81;0.82;0.84;0.19;0.82;0.84;0.83
229;2017_08_02_17:07:18;SVC;poly;10.0;10.0;978.0;965.0;413.0;420.0;118.0;412.0;8.0;295.0;63.63;26.82;0.29;0.02;0.94;0.29;0.44;0.98;0.71;0.58;0.98;0.73
230;2017_08_02_17:07:18;SVC;rbf;10.0;10.0;978.0;965.0;413.0;420.0;413.0;12.0;408.0;0.0;51.02;2.83;1.0;0.97;0.5;1.0;0.67;0.03;0.0;1.0;0.03;0.06
231;2017_08_02_17:07:18;SVC;sigmoid;10.0;10.0;978.0;965.0;413.0;420.0;413.0;12.0;408.0;0.0;51.02;2.83;1.0;0.97;0.5;1.0;0.67;0.03;0.0;1.0;0.03;0.06
232;2017_08_02_17:04:18;SVC;linear;1.0;10.0;966.0;977.0;425.0;408.0;339.0;342.0;66.0;86.0;81.75;63.53;0.8;0.16;0.84;0.8;0.82;0.84;0.2;0.8;0.84;0.82
233;2017_08_02_17:04:18;SVC;poly;1.0;10.0;966.0;977.0;425.0;408.0;114.0;400.0;8.0;311.0;61.7;24.5;0.27;0.02;0.93;0.27;0.42;0.98;0.73;0.56;0.98;0.71
234;2017_08_02_17:04:18;SVC;rbf;1.0;10.0;966.0;977.0;425.0;408.0;315.0;251.0;157.0;110.0;67.95;35.72;0.74;0.38;0.67;0.74;0.7;0.62;0.26;0.7;0.62;0.66
235;2017_08_02_17:04:18;SVC;sigmoid;1.0;10.0;966.0;977.0;425.0;408.0;315.0;251.0;157.0;110.0;67.95;35.72;0.74;0.38;0.67;0.74;0.7;0.62;0.26;0.7;0.62;0.66
236;2017_08_02_17:01:32;SVC;linear;10000.0;10.0;954.0;989.0;437.0;396.0;333.0;335.0;61.0;104.0;80.19;60.49;0.76;0.15;0.85;0.76;0.8;0.85;0.24;0.76;0.85;0.8
237;2017_08_02_17:01:32;SVC;poly;10000.0;10.0;954.0;989.0;437.0;396.0;124.0;386.0;10.0;313.0;61.22;24.95;0.28;0.03;0.93;0.28;0.43;0.97;0.72;0.55;0.97;0.7
238;2017_08_02_17:01:32;SVC;rbf;10000.0;10.0;954.0;989.0;437.0;396.0;17.0;394.0;2.0;420.0;49.34;3.23;0.04;0.01;0.89;0.04;0.08;0.99;0.96;0.48;0.99;0.65
239;2017_08_02_17:01:32;SVC;sigmoid;10000.0;10.0;954.0;989.0;437.0;396.0;17.0;394.0;2.0;420.0;49.34;3.23;0.04;0.01;0.89;0.04;0.08;0.99;0.96;0.48;0.99;0.65
240;2017_08_02_16:58:31;SVC;linear;1000.0;10.0;984.0;959.0;407.0;426.0;322.0;360.0;66.0;85.0;81.87;63.69;0.79;0.15;0.83;0.79;0.81;0.85;0.21;0.81;0.85;0.83
241;2017_08_02_16:58:31;SVC;poly;1000.0;10.0;984.0;959.0;407.0;426.0;111.0;415.0;11.0;296.0;63.15;25.08;0.27;0.03;0.91;0.27;0.42;0.97;0.73;0.58;0.97;0.73
242;2017_08_02_16:58:31;SVC;rbf;1000.0;10.0;984.0;959.0;407.0;426.0;407.0;11.0;415.0;0.0;50.18;2.52;1.0;0.97;0.5;1.0;0.67;0.03;0.0;1.0;0.03;0.06
243;2017_08_02_16:58:31;SVC;sigmoid;1000.0;10.0;984.0;959.0;407.0;426.0;407.0;11.0;415.0;0.0;50.18;2.52;1.0;0.97;0.5;1.0;0.67;0.03;0.0;1.0;0.03;0.06
244;2017_08_02_16:55:41;SVC;linear;100.0;10.0;973.0;970.0;418.0;415.0;341.0;352.0;63.0;77.0;83.19;66.39;0.82;0.15;0.84;0.82;0.83;0.85;0.18;0.82;0.85;0.83
245;2017_08_02_16:55:41;SVC;poly;100.0;10.0;973.0;970.0;418.0;415.0;129.0;408.0;7.0;289.0;64.47;29.1;0.31;0.02;0.95;0.31;0.47;0.98;0.69;0.59;0.98;0.74
246;2017_08_02_16:55:41;SVC;rbf;100.0;10.0;973.0;970.0;418.0;415.0;13.0;413.0;2.0;405.0;51.14;2.62;0.03;0.0;0.87;0.03;0.06;1.0;0.97;0.5;1.0;0.67
247;2017_08_02_16:55:41;SVC;sigmoid;100.0;10.0;973.0;970.0;418.0;415.0;13.0;413.0;2.0;405.0;51.14;2.62;0.03;0.0;0.87;0.03;0.06;1.0;0.97;0.5;1.0;0.67
248;2017_08_02_16:52:34;SVC;linear;10.0;10.0;963.0;980.0;428.0;405.0;346.0;338.0;67.0;82.0;82.11;64.23;0.81;0.17;0.84;0.81;0.82;0.83;0.19;0.8;0.83;0.81
249;2017_08_02_16:52:34;SVC;poly;10.0;10.0;963.0;980.0;428.0;405.0;110.0;394.0;11.0;318.0;60.5;22.53;0.26;0.03;0.91;0.26;0.4;0.97;0.74;0.55;0.97;0.7
250;2017_08_02_16:52:34;SVC;rbf;10.0;10.0;963.0;980.0;428.0;405.0;14.0;405.0;0.0;414.0;50.3;3.18;0.03;0.0;1.0;0.03;0.06;1.0;0.97;0.49;1.0;0.66
251;2017_08_02_16:52:34;SVC;sigmoid;10.0;10.0;963.0;980.0;428.0;405.0;14.0;405.0;0.0;414.0;50.3;3.18;0.03;0.0;1.0;0.03;0.06;1.0;0.97;0.49;1.0;0.66
252;2017_08_02_16:49:40;SVC;linear;1.0;10.0;972.0;971.0;419.0;414.0;356.0;343.0;71.0;63.0;83.91;67.82;0.85;0.17;0.83;0.85;0.84;0.83;0.15;0.84;0.83;0.83
253;2017_08_02_16:49:40;SVC;poly;1.0;10.0;972.0;971.0;419.0;414.0;129.0;405.0;9.0;290.0;64.11;28.5;0.31;0.02;0.93;0.31;0.47;0.98;0.69;0.58;0.98;0.73
254;2017_08_02_16:49:40;SVC;rbf;1.0;10.0;972.0;971.0;419.0;414.0;385.0;98.0;316.0;34.0;57.98;15.62;0.92;0.76;0.55;0.92;0.69;0.24;0.08;0.74;0.24;0.36
255;2017_08_02_16:49:40;SVC;sigmoid;1.0;10.0;972.0;971.0;419.0;414.0;385.0;98.0;316.0;34.0;57.98;15.62;0.92;0.76;0.55;0.92;0.69;0.24;0.08;0.74;0.24;0.36
256;2017_08_02_16:42:28;SVC;linear;10000.0;10.0;997.0;946.0;394.0;439.0;301.0;377.0;62.0;93.0;81.39;62.53;0.76;0.14;0.83;0.76;0.79;0.86;0.24;0.8;0.86;0.83
257;2017_08_02_16:42:28;SVC;poly;10000.0;10.0;997.0;946.0;394.0;439.0;126.0;428.0;11.0;268.0;66.51;30.49;0.32;0.03;0.92;0.32;0.47;0.97;0.68;0.61;0.97;0.75
258;2017_08_02_16:42:28;SVC;rbf;10000.0;10.0;997.0;946.0;394.0;439.0;394.0;7.0;432.0;0.0;48.14;1.51;1.0;0.98;0.48;1.0;0.65;0.02;0.0;1.0;0.02;0.04
259;2017_08_02_16:42:28;SVC;sigmoid;10000.0;10.0;997.0;946.0;394.0;439.0;394.0;7.0;432.0;0.0;48.14;1.51;1.0;0.98;0.48;1.0;0.65;0.02;0.0;1.0;0.02;0.04
260;2017_08_02_16:39:55;SVC;linear;1000.0;10.0;989.0;954.0;402.0;431.0;317.0;364.0;67.0;85.0;81.75;63.41;0.79;0.16;0.83;0.79;0.81;0.84;0.21;0.81;0.84;0.82
261;2017_08_02_16:39:55;SVC;poly;1000.0;10.0;989.0;954.0;402.0;431.0;109.0;418.0;13.0;293.0;63.27;24.68;0.27;0.03;0.89;0.27;0.41;0.97;0.73;0.59;0.97;0.73
262;2017_08_02_16:39:55;SVC;rbf;1000.0;10.0;989.0;954.0;402.0;431.0;402.0;9.0;422.0;0.0;49.34;2.02;1.0;0.98;0.49;1.0;0.66;0.02;0.0;1.0;0.02;0.04
263;2017_08_02_16:39:55;SVC;sigmoid;1000.0;10.0;989.0;954.0;402.0;431.0;402.0;9.0;422.0;0.0;49.34;2.02;1.0;0.98;0.49;1.0;0.66;0.02;0.0;1.0;0.02;0.04
264;2017_08_02_16:37:23;SVC;linear;100.0;10.0;973.0;970.0;418.0;415.0;318.0;360.0;55.0;100.0;81.39;62.8;0.76;0.13;0.85;0.76;0.8;0.87;0.24;0.78;0.87;0.82
265;2017_08_02_16:37:23;SVC;poly;100.0;10.0;973.0;970.0;418.0;415.0;126.0;410.0;5.0;292.0;64.35;28.87;0.3;0.01;0.96;0.3;0.46;0.99;0.7;0.58;0.99;0.73
266;2017_08_02_16:37:23;SVC;rbf;100.0;10.0;973.0;970.0;418.0;415.0;417.0;8.0;407.0;1.0;51.02;1.69;1.0;0.98;0.51;1.0;0.68;0.02;0.0;0.89;0.02;0.04
267;2017_08_02_16:37:23;SVC;sigmoid;100.0;10.0;973.0;970.0;418.0;415.0;417.0;8.0;407.0;1.0;51.02;1.69;1.0;0.98;0.51;1.0;0.68;0.02;0.0;0.89;0.02;0.04
268;2017_08_02_16:34:52;SVC;linear;10.0;10.0;959.0;984.0;432.0;401.0;334.0;342.0;59.0;98.0;81.15;62.38;0.77;0.15;0.85;0.77;0.81;0.85;0.23;0.78;0.85;0.81
269;2017_08_02_16:34:52;SVC;poly;10.0;10.0;959.0;984.0;432.0;401.0;124.0;394.0;7.0;308.0;62.18;26.25;0.29;0.02;0.95;0.29;0.44;0.98;0.71;0.56;0.98;0.71
270;2017_08_02_16:34:52;SVC;rbf;10.0;10.0;959.0;984.0;432.0;401.0;14.0;401.0;0.0;418.0;49.82;3.12;0.03;0.0;1.0;0.03;0.06;1.0;0.97;0.49;1.0;0.66
271;2017_08_02_16:34:52;SVC;sigmoid;10.0;10.0;959.0;984.0;432.0;401.0;14.0;401.0;0.0;418.0;49.82;3.12;0.03;0.0;1.0;0.03;0.06;1.0;0.97;0.49;1.0;0.66
272;2017_08_02_16:05:51;SVC;linear;1.0;1.0;971.0;972.0;420.0;413.0;343.0;355.0;58.0;77.0;83.79;67.6;0.82;0.14;0.86;0.82;0.84;0.86;0.18;0.82;0.86;0.84
273;2017_08_02_16:05:51;SVC;poly;1.0;1.0;971.0;972.0;420.0;413.0;186.0;402.0;11.0;234.0;70.59;41.44;0.44;0.03;0.94;0.44;0.6;0.97;0.56;0.63;0.97;0.76
274;2017_08_02_16:05:51;SVC;rbf;1.0;1.0;971.0;972.0;420.0;413.0;365.0;147.0;266.0;55.0;61.46;22.59;0.87;0.64;0.58;0.87;0.7;0.36;0.13;0.73;0.36;0.48
275;2017_08_02_16:05:51;SVC;sigmoid;1.0;1.0;971.0;972.0;420.0;413.0;365.0;147.0;266.0;55.0;61.46;22.59;0.87;0.64;0.58;0.87;0.7;0.36;0.13;0.73;0.36;0.48
276;2017_08_02_16:04:53;SVC;linear;auto;1.0;957.0;986.0;434.0;399.0;351.0;326.0;73.0;83.0;81.27;62.52;0.81;0.18;0.83;0.81;0.82;0.82;0.19;0.8;0.82;0.81
277;2017_08_02_16:04:53;SVC;poly;auto;1.0;957.0;986.0;434.0;399.0;0.0;399.0;0.0;434.0;47.9;0.0;0.0;0.0;0.0;0.0;0.0;1.0;1.0;0.48;1.0;0.65
278;2017_08_02_16:04:53;SVC;rbf;auto;1.0;957.0;986.0;434.0;399.0;0.0;399.0;0.0;434.0;47.9;0.0;0.0;0.0;0.0;0.0;0.0;1.0;1.0;0.48;1.0;0.65
279;2017_08_02_16:04:53;SVC;sigmoid;auto;1.0;957.0;986.0;434.0;399.0;0.0;399.0;0.0;434.0;47.9;0.0;0.0;0.0;0.0;0.0;0.0;1.0;1.0;0.48;1.0;0.65
280;2017_08_02_16:01:07;SVC;linear;10000.0;1.0;980.0;963.0;411.0;422.0;343.0;350.0;72.0;68.0;83.19;66.38;0.83;0.17;0.83;0.83;0.83;0.83;0.17;0.84;0.83;0.83
281;2017_08_02_16:01:07;SVC;poly;10000.0;1.0;980.0;963.0;411.0;422.0;151.0;411.0;11.0;260.0;67.47;34.4;0.37;0.03;0.93;0.37;0.53;0.97;0.63;0.61;0.97;0.75
282;2017_08_02_16:01:07;SVC;rbf;10000.0;1.0;980.0;963.0;411.0;422.0;410.0;12.0;410.0;1.0;50.66;2.57;1.0;0.97;0.5;1.0;0.67;0.03;0.0;0.92;0.03;0.06
283;2017_08_02_16:01:07;SVC;sigmoid;10000.0;1.0;980.0;963.0;411.0;422.0;410.0;12.0;410.0;1.0;50.66;2.57;1.0;0.97;0.5;1.0;0.67;0.03;0.0;0.92;0.03;0.06
284;2017_08_02_16:00:35;SVC;linear;auto;10000.0;995.0;948.0;396.0;437.0;315.0;372.0;65.0;81.0;82.47;64.79;0.8;0.15;0.83;0.8;0.81;0.85;0.2;0.82;0.85;0.83
285;2017_08_02_16:00:35;SVC;poly;auto;10000.0;995.0;948.0;396.0;437.0;396.0;0.0;437.0;0.0;47.54;0.0;1.0;1.0;0.48;1.0;0.65;0.0;0.0;0.0;0.0;0.0
286;2017_08_02_16:00:35;SVC;rbf;auto;10000.0;995.0;948.0;396.0;437.0;319.0;360.0;77.0;77.0;81.51;62.94;0.81;0.18;0.81;0.81;0.81;0.82;0.19;0.82;0.82;0.82
287;2017_08_02_16:00:35;SVC;sigmoid;auto;10000.0;995.0;948.0;396.0;437.0;319.0;360.0;77.0;77.0;81.51;62.94;0.81;0.18;0.81;0.81;0.81;0.82;0.19;0.82;0.82;0.82
288;2017_08_02_15:55:28;SVC;linear;1000.0;1.0;984.0;959.0;407.0;426.0;335.0;355.0;71.0;72.0;82.83;65.65;0.82;0.17;0.83;0.82;0.82;0.83;0.18;0.83;0.83;0.83
289;2017_08_02_15:55:28;SVC;poly;1000.0;1.0;984.0;959.0;407.0;426.0;105.0;417.0;9.0;302.0;62.67;24.07;0.26;0.02;0.92;0.26;0.41;0.98;0.74;0.58;0.98;0.73
290;2017_08_02_15:55:28;SVC;rbf;1000.0;1.0;984.0;959.0;407.0;426.0;407.0;10.0;416.0;0.0;50.06;2.3;1.0;0.98;0.49;1.0;0.66;0.02;0.0;1.0;0.02;0.04
291;2017_08_02_15:55:28;SVC;sigmoid;1000.0;1.0;984.0;959.0;407.0;426.0;407.0;10.0;416.0;0.0;50.06;2.3;1.0;0.98;0.49;1.0;0.66;0.02;0.0;1.0;0.02;0.04
292;2017_08_02_15:55:14;SVC;linear;auto;1000.0;981.0;962.0;410.0;423.0;315.0;360.0;63.0;95.0;81.03;62.01;0.77;0.15;0.83;0.77;0.8;0.85;0.23;0.79;0.85;0.82
293;2017_08_02_15:55:14;SVC;poly;auto;1000.0;981.0;962.0;410.0;423.0;410.0;0.0;423.0;0.0;49.22;0.0;1.0;1.0;0.49;1.0;0.66;0.0;0.0;0.0;0.0;0.0
294;2017_08_02_15:55:14;SVC;rbf;auto;1000.0;981.0;962.0;410.0;423.0;340.0;359.0;64.0;70.0;83.91;67.81;0.83;0.15;0.84;0.83;0.83;0.85;0.17;0.84;0.85;0.84
295;2017_08_02_15:55:14;SVC;sigmoid;auto;1000.0;981.0;962.0;410.0;423.0;340.0;359.0;64.0;70.0;83.91;67.81;0.83;0.15;0.84;0.83;0.83;0.85;0.17;0.84;0.85;0.84
296;2017_08_02_15:50:52;SVC;linear;100.0;1.0;949.0;994.0;442.0;391.0;365.0;325.0;66.0;77.0;82.83;65.59;0.83;0.17;0.85;0.83;0.84;0.83;0.17;0.81;0.83;0.82
297;2017_08_02_15:50:52;SVC;poly;100.0;1.0;949.0;994.0;442.0;391.0;135.0;382.0;9.0;307.0;62.06;27.05;0.31;0.02;0.94;0.31;0.47;0.98;0.69;0.55;0.98;0.7
298;2017_08_02_15:50:52;SVC;rbf;100.0;1.0;949.0;994.0;442.0;391.0;7.0;391.0;0.0;435.0;47.78;1.49;0.02;0.0;1.0;0.02;0.04;1.0;0.98;0.47;1.0;0.64
299;2017_08_02_15:50:52;SVC;sigmoid;100.0;1.0;949.0;994.0;442.0;391.0;7.0;391.0;0.0;435.0;47.78;1.49;0.02;0.0;1.0;0.02;0.04;1.0;0.98;0.47;1.0;0.64
300;2017_08_02_15:50:35;SVC;linear;auto;100.0;955.0;988.0;436.0;397.0;348.0;331.0;66.0;88.0;81.51;63.04;0.8;0.17;0.84;0.8;0.82;0.83;0.2;0.79;0.83;0.81
301;2017_08_02_15:50:35;SVC;poly;auto;100.0;955.0;988.0;436.0;397.0;0.0;397.0;0.0;436.0;47.66;0.0;0.0;0.0;0.0;0.0;0.0;1.0;1.0;0.48;1.0;0.65
302;2017_08_02_15:50:35;SVC;rbf;auto;100.0;955.0;988.0;436.0;397.0;328.0;364.0;33.0;108.0;83.07;66.36;0.75;0.08;0.91;0.75;0.82;0.92;0.25;0.77;0.92;0.84
303;2017_08_02_15:50:35;SVC;sigmoid;auto;100.0;955.0;988.0;436.0;397.0;328.0;364.0;33.0;108.0;83.07;66.36;0.75;0.08;0.91;0.75;0.82;0.92;0.25;0.77;0.92;0.84
304;2017_08_02_15:45:55;SVC;linear;10.0;1.0;994.0;949.0;397.0;436.0;322.0;363.0;73.0;75.0;82.23;64.38;0.81;0.17;0.82;0.81;0.81;0.83;0.19;0.83;0.83;0.83
305;2017_08_02_15:45:55;SVC;poly;10.0;1.0;994.0;949.0;397.0;436.0;121.0;425.0;11.0;276.0;65.55;28.82;0.3;0.03;0.92;0.3;0.45;0.97;0.7;0.61;0.97;0.75
306;2017_08_02_15:45:55;SVC;rbf;10.0;1.0;994.0;949.0;397.0;436.0;396.0;6.0;430.0;1.0;48.26;1.07;1.0;0.99;0.48;1.0;0.65;0.01;0.0;0.86;0.01;0.02
307;2017_08_02_15:45:55;SVC;sigmoid;10.0;1.0;994.0;949.0;397.0;436.0;396.0;6.0;430.0;1.0;48.26;1.07;1.0;0.99;0.48;1.0;0.65;0.01;0.0;0.86;0.01;0.02
308;2017_08_02_15:45:18;SVC;linear;auto;10.0;990.0;953.0;401.0;432.0;320.0;363.0;69.0;81.0;81.99;63.9;0.8;0.16;0.82;0.8;0.81;0.84;0.2;0.82;0.84;0.83
309;2017_08_02_15:45:18;SVC;poly;auto;10.0;990.0;953.0;401.0;432.0;401.0;0.0;432.0;0.0;48.14;0.0;1.0;1.0;0.48;1.0;0.65;0.0;0.0;0.0;0.0;0.0
310;2017_08_02_15:45:18;SVC;rbf;auto;10.0;990.0;953.0;401.0;432.0;401.0;3.0;429.0;0.0;48.5;0.67;1.0;0.99;0.48;1.0;0.65;0.01;0.0;1.0;0.01;0.02
311;2017_08_02_15:45:18;SVC;sigmoid;auto;10.0;990.0;953.0;401.0;432.0;401.0;3.0;429.0;0.0;48.5;0.67;1.0;0.99;0.48;1.0;0.65;0.01;0.0;1.0;0.01;0.02
312;2017_08_02_15:41:02;SVC;linear;1.0;1.0;998.0;945.0;393.0;440.0;328.0;375.0;65.0;65.0;84.39;68.69;0.83;0.15;0.83;0.83;0.83;0.85;0.17;0.85;0.85;0.85
313;2017_08_02_15:41:02;SVC;poly;1.0;1.0;998.0;945.0;393.0;440.0;208.0;407.0;33.0;185.0;73.83;46.38;0.53;0.07;0.86;0.53;0.66;0.93;0.47;0.69;0.93;0.79
314;2017_08_02_15:41:02;SVC;rbf;1.0;1.0;998.0;945.0;393.0;440.0;383.0;72.0;368.0;10.0;54.62;13.18;0.97;0.84;0.51;0.97;0.67;0.16;0.03;0.88;0.16;0.27
315;2017_08_02_15:41:02;SVC;sigmoid;1.0;1.0;998.0;945.0;393.0;440.0;383.0;72.0;368.0;10.0;54.62;13.18;0.97;0.84;0.51;0.97;0.67;0.16;0.03;0.88;0.16;0.27
316;2017_08_02_15:39:59;SVC;linear;auto;1.0;959.0;984.0;432.0;401.0;353.0;340.0;61.0;79.0;83.19;66.39;0.82;0.15;0.85;0.82;0.83;0.85;0.18;0.81;0.85;0.83
317;2017_08_02_15:39:59;SVC;poly;auto;1.0;959.0;984.0;432.0;401.0;0.0;401.0;0.0;432.0;48.14;0.0;0.0;0.0;0.0;0.0;0.0;1.0;1.0;0.48;1.0;0.65
318;2017_08_02_15:39:59;SVC;rbf;auto;1.0;959.0;984.0;432.0;401.0;0.0;401.0;0.0;432.0;48.14;0.0;0.0;0.0;0.0;0.0;0.0;1.0;1.0;0.48;1.0;0.65
319;2017_08_02_15:39:59;SVC;sigmoid;auto;1.0;959.0;984.0;432.0;401.0;0.0;401.0;0.0;432.0;48.14;0.0;0.0;0.0;0.0;0.0;0.0;1.0;1.0;0.48;1.0;0.65
320;2017_08_02_15:36:03;SVC;linear;10000.0;1.0;978.0;965.0;413.0;420.0;344.0;342.0;78.0;69.0;82.35;64.71;0.83;0.19;0.82;0.83;0.82;0.81;0.17;0.83;0.81;0.82
321;2017_08_02_15:36:03;SVC;poly;10000.0;1.0;978.0;965.0;413.0;420.0;389.0;74.0;346.0;24.0;55.58;11.73;0.94;0.82;0.53;0.94;0.68;0.18;0.06;0.76;0.18;0.29
322;2017_08_02_15:36:03;SVC;rbf;10000.0;1.0;978.0;965.0;413.0;420.0;412.0;5.0;415.0;1.0;50.06;0.94;1.0;0.99;0.5;1.0;0.67;0.01;0.0;0.83;0.01;0.02
323;2017_08_02_15:36:03;SVC;sigmoid;10000.0;1.0;978.0;965.0;413.0;420.0;412.0;5.0;415.0;1.0;50.06;0.94;1.0;0.99;0.5;1.0;0.67;0.01;0.0;0.83;0.01;0.02
324;2017_08_02_15:35:31;SVC;linear;auto;10000.0;966.0;977.0;425.0;408.0;323.0;347.0;61.0;102.0;80.43;60.93;0.76;0.15;0.84;0.76;0.8;0.85;0.24;0.77;0.85;0.81
325;2017_08_02_15:35:31;SVC;poly;auto;10000.0;966.0;977.0;425.0;408.0;0.0;408.0;0.0;425.0;48.98;0.0;0.0;0.0;0.0;0.0;0.0;1.0;1.0;0.49;1.0;0.66
326;2017_08_02_15:35:31;SVC;rbf;auto;10000.0;966.0;977.0;425.0;408.0;345.0;335.0;73.0;80.0;81.63;63.26;0.81;0.18;0.83;0.81;0.82;0.82;0.19;0.81;0.82;0.81
327;2017_08_02_15:35:31;SVC;sigmoid;auto;10000.0;966.0;977.0;425.0;408.0;345.0;335.0;73.0;80.0;81.63;63.26;0.81;0.18;0.83;0.81;0.82;0.82;0.19;0.81;0.82;0.81
328;2017_08_02_15:31:44;SVC;linear;1000.0;1.0;972.0;971.0;419.0;414.0;347.0;346.0;68.0;72.0;83.19;66.39;0.83;0.16;0.84;0.83;0.83;0.84;0.17;0.83;0.84;0.83
329;2017_08_02_15:31:44;SVC;poly;1000.0;1.0;972.0;971.0;419.0;414.0;131.0;412.0;2.0;288.0;65.19;30.66;0.31;0.0;0.98;0.31;0.47;1.0;0.69;0.59;1.0;0.74
330;2017_08_02_15:31:44;SVC;rbf;1000.0;1.0;972.0;971.0;419.0;414.0;11.0;414.0;0.0;408.0;51.02;2.61;0.03;0.0;1.0;0.03;0.06;1.0;0.97;0.5;1.0;0.67
331;2017_08_02_15:31:44;SVC;sigmoid;1000.0;1.0;972.0;971.0;419.0;414.0;11.0;414.0;0.0;408.0;51.02;2.61;0.03;0.0;1.0;0.03;0.06;1.0;0.97;0.5;1.0;0.67
332;2017_08_02_15:31:29;SVC;linear;auto;1000.0;972.0;971.0;419.0;414.0;317.0;357.0;57.0;102.0;80.91;61.85;0.76;0.14;0.85;0.76;0.8;0.86;0.24;0.78;0.86;0.82
333;2017_08_02_15:31:29;SVC;poly;auto;1000.0;972.0;971.0;419.0;414.0;419.0;0.0;414.0;0.0;50.3;0.0;1.0;1.0;0.5;1.0;0.67;0.0;0.0;0.0;0.0;0.0
334;2017_08_02_15:31:29;SVC;rbf;auto;1000.0;972.0;971.0;419.0;414.0;346.0;354.0;60.0;73.0;84.03;68.07;0.83;0.14;0.85;0.83;0.84;0.86;0.17;0.83;0.86;0.84
335;2017_08_02_15:31:29;SVC;sigmoid;auto;1000.0;972.0;971.0;419.0;414.0;346.0;354.0;60.0;73.0;84.03;68.07;0.83;0.14;0.85;0.83;0.84;0.86;0.17;0.83;0.86;0.84
336;2017_08_02_15:27:07;SVC;linear;100.0;1.0;970.0;973.0;421.0;412.0;349.0;351.0;61.0;72.0;84.03;68.07;0.83;0.15;0.85;0.83;0.84;0.85;0.17;0.83;0.85;0.84
337;2017_08_02_15:27:07;SVC;poly;100.0;1.0;970.0;973.0;421.0;412.0;140.0;403.0;9.0;281.0;65.19;30.85;0.33;0.02;0.94;0.33;0.49;0.98;0.67;0.59;0.98;0.74
338;2017_08_02_15:27:07;SVC;rbf;100.0;1.0;970.0;973.0;421.0;412.0;14.0;412.0;0.0;407.0;51.14;3.29;0.03;0.0;1.0;0.03;0.06;1.0;0.97;0.5;1.0;0.67
339;2017_08_02_15:27:07;SVC;sigmoid;100.0;1.0;970.0;973.0;421.0;412.0;14.0;412.0;0.0;407.0;51.14;3.29;0.03;0.0;1.0;0.03;0.06;1.0;0.97;0.5;1.0;0.67
340;2017_08_02_15:26:45;SVC;linear;auto;100.0;976.0;967.0;415.0;418.0;306.0;357.0;61.0;109.0;79.59;59.17;0.74;0.15;0.83;0.74;0.78;0.85;0.26;0.77;0.85;0.81
341;2017_08_02_15:26:45;SVC;poly;auto;100.0;976.0;967.0;415.0;418.0;415.0;0.0;418.0;0.0;49.82;0.0;1.0;1.0;0.5;1.0;0.67;0.0;0.0;0.0;0.0;0.0
342;2017_08_02_15:26:45;SVC;rbf;auto;100.0;976.0;967.0;415.0;418.0;311.0;380.0;38.0;104.0;82.95;65.89;0.75;0.09;0.89;0.75;0.81;0.91;0.25;0.79;0.91;0.85
343;2017_08_02_15:26:45;SVC;sigmoid;auto;100.0;976.0;967.0;415.0;418.0;311.0;380.0;38.0;104.0;82.95;65.89;0.75;0.09;0.89;0.75;0.81;0.91;0.25;0.79;0.91;0.85
344;2017_08_02_15:22:12;SVC;linear;10.0;1.0;965.0;978.0;426.0;407.0;365.0;336.0;71.0;61.0;84.15;68.27;0.86;0.17;0.84;0.86;0.85;0.83;0.14;0.85;0.83;0.84
345;2017_08_02_15:22:12;SVC;poly;10.0;1.0;965.0;978.0;426.0;407.0;410.0;88.0;319.0;16.0;59.78;18.17;0.96;0.78;0.56;0.96;0.71;0.22;0.04;0.85;0.22;0.35
346;2017_08_02_15:22:12;SVC;rbf;10.0;1.0;965.0;978.0;426.0;407.0;19.0;404.0;3.0;407.0;50.78;3.64;0.04;0.01;0.86;0.04;0.08;0.99;0.96;0.5;0.99;0.66
347;2017_08_02_15:22:12;SVC;sigmoid;10.0;1.0;965.0;978.0;426.0;407.0;19.0;404.0;3.0;407.0;50.78;3.64;0.04;0.01;0.86;0.04;0.08;0.99;0.96;0.5;0.99;0.66
348;2017_08_02_15:21:32;SVC;linear;auto;10.0;972.0;971.0;419.0;414.0;315.0;346.0;68.0;104.0;79.35;58.72;0.75;0.16;0.82;0.75;0.78;0.84;0.25;0.77;0.84;0.8
349;2017_08_02_15:21:32;SVC;poly;auto;10.0;972.0;971.0;419.0;414.0;419.0;0.0;414.0;0.0;50.3;0.0;1.0;1.0;0.5;1.0;0.67;0.0;0.0;0.0;0.0;0.0
350;2017_08_02_15:21:32;SVC;rbf;auto;10.0;972.0;971.0;419.0;414.0;419.0;96.0;318.0;0.0;61.82;23.3;1.0;0.77;0.57;1.0;0.73;0.23;0.0;1.0;0.23;0.37
351;2017_08_02_15:21:32;SVC;sigmoid;auto;10.0;972.0;971.0;419.0;414.0;419.0;96.0;318.0;0.0;61.82;23.3;1.0;0.77;0.57;1.0;0.73;0.23;0.0;1.0;0.23;0.37
352;2017_08_02_15:17:14;SVC;linear;1.0;1.0;968.0;975.0;423.0;410.0;335.0;351.0;59.0;88.0;82.35;64.74;0.79;0.14;0.85;0.79;0.82;0.86;0.21;0.8;0.86;0.83
353;2017_08_02_15:17:14;SVC;poly;1.0;1.0;968.0;975.0;423.0;410.0;204.0;395.0;15.0;219.0;71.91;44.23;0.48;0.04;0.93;0.48;0.63;0.96;0.52;0.64;0.96;0.77
354;2017_08_02_15:17:14;SVC;rbf;1.0;1.0;968.0;975.0;423.0;410.0;101.0;407.0;3.0;322.0;60.98;22.87;0.24;0.01;0.97;0.24;0.38;0.99;0.76;0.56;0.99;0.72
355;2017_08_02_15:17:14;SVC;sigmoid;1.0;1.0;968.0;975.0;423.0;410.0;101.0;407.0;3.0;322.0;60.98;22.87;0.24;0.01;0.97;0.24;0.38;0.99;0.76;0.56;0.99;0.72
356;2017_08_02_15:16:13;SVC;linear;auto;1.0;978.0;965.0;413.0;420.0;337.0;360.0;60.0;76.0;83.67;67.33;0.82;0.14;0.85;0.82;0.83;0.86;0.18;0.83;0.86;0.84
357;2017_08_02_15:16:13;SVC;poly;auto;1.0;978.0;965.0;413.0;420.0;413.0;0.0;420.0;0.0;49.58;0.0;1.0;1.0;0.5;1.0;0.67;0.0;0.0;0.0;0.0;0.0
358;2017_08_02_15:16:13;SVC;rbf;auto;1.0;978.0;965.0;413.0;420.0;413.0;0.0;420.0;0.0;49.58;0.0;1.0;1.0;0.5;1.0;0.67;0.0;0.0;0.0;0.0;0.0
359;2017_08_02_15:16:13;SVC;sigmoid;auto;1.0;978.0;965.0;413.0;420.0;413.0;0.0;420.0;0.0;49.58;0.0;1.0;1.0;0.5;1.0;0.67;0.0;0.0;0.0;0.0;0.0
360;2017_08_02_15:12:38;SVC;linear;10000.0;1.0;967.0;976.0;424.0;409.0;348.0;339.0;70.0;76.0;82.47;64.94;0.82;0.17;0.83;0.82;0.82;0.83;0.18;0.82;0.83;0.82
361;2017_08_02_15:12:38;SVC;poly;10000.0;1.0;967.0;976.0;424.0;409.0;210.0;393.0;16.0;214.0;72.39;45.23;0.5;0.04;0.93;0.5;0.65;0.96;0.5;0.65;0.96;0.78
362;2017_08_02_15:12:38;SVC;rbf;10000.0;1.0;967.0;976.0;424.0;409.0;16.0;409.0;0.0;408.0;51.02;3.71;0.04;0.0;1.0;0.04;0.08;1.0;0.96;0.5;1.0;0.67
363;2017_08_02_15:12:38;SVC;sigmoid;10000.0;1.0;967.0;976.0;424.0;409.0;16.0;409.0;0.0;408.0;51.02;3.71;0.04;0.0;1.0;0.04;0.08;1.0;0.96;0.5;1.0;0.67
364;2017_08_02_15:12:00;SVC;linear;auto;10000.0;972.0;971.0;419.0;414.0;313.0;360.0;54.0;106.0;80.79;61.61;0.75;0.13;0.85;0.75;0.8;0.87;0.25;0.77;0.87;0.82
365;2017_08_02_15:12:00;SVC;poly;auto;10000.0;972.0;971.0;419.0;414.0;419.0;0.0;414.0;0.0;50.3;0.0;1.0;1.0;0.5;1.0;0.67;0.0;0.0;0.0;0.0;0.0
366;2017_08_02_15:12:00;SVC;rbf;auto;10000.0;972.0;971.0;419.0;414.0;336.0;350.0;64.0;83.0;82.35;64.71;0.8;0.15;0.84;0.8;0.82;0.85;0.2;0.81;0.85;0.83
367;2017_08_02_15:12:00;SVC;sigmoid;auto;10000.0;972.0;971.0;419.0;414.0;336.0;350.0;64.0;83.0;82.35;64.71;0.8;0.15;0.84;0.8;0.82;0.85;0.2;0.81;0.85;0.83
368;2017_08_02_15:07:42;SVC;linear;1000.0;1.0;971.0;972.0;420.0;413.0;348.0;343.0;70.0;72.0;82.95;65.91;0.83;0.17;0.83;0.83;0.83;0.83;0.17;0.83;0.83;0.83
369;2017_08_02_15:07:42;SVC;poly;1000.0;1.0;971.0;972.0;420.0;413.0;237.0;394.0;19.0;183.0;75.75;51.66;0.56;0.05;0.93;0.56;0.7;0.95;0.44;0.68;0.95;0.79
370;2017_08_02_15:07:42;SVC;rbf;1000.0;1.0;971.0;972.0;420.0;413.0;13.0;413.0;0.0;407.0;51.14;3.07;0.03;0.0;1.0;0.03;0.06;1.0;0.97;0.5;1.0;0.67
371;2017_08_02_15:07:42;SVC;sigmoid;1000.0;1.0;971.0;972.0;420.0;413.0;13.0;413.0;0.0;407.0;51.14;3.07;0.03;0.0;1.0;0.03;0.06;1.0;0.97;0.5;1.0;0.67
372;2017_08_02_15:07:28;SVC;linear;auto;1000.0;965.0;978.0;426.0;407.0;339.0;344.0;63.0;87.0;81.99;64.01;0.8;0.15;0.84;0.8;0.82;0.85;0.2;0.8;0.85;0.82
373;2017_08_02_15:07:28;SVC;poly;auto;1000.0;965.0;978.0;426.0;407.0;0.0;407.0;0.0;426.0;48.86;0.0;0.0;0.0;0.0;0.0;0.0;1.0;1.0;0.49;1.0;0.66
374;2017_08_02_15:07:28;SVC;rbf;auto;1000.0;965.0;978.0;426.0;407.0;360.0;344.0;63.0;66.0;84.51;69.02;0.85;0.15;0.85;0.85;0.85;0.85;0.15;0.84;0.85;0.84
375;2017_08_02_15:07:28;SVC;sigmoid;auto;1000.0;965.0;978.0;426.0;407.0;360.0;344.0;63.0;66.0;84.51;69.02;0.85;0.15;0.85;0.85;0.85;0.85;0.15;0.84;0.85;0.84
376;2017_08_02_15:03:05;SVC;linear;100.0;1.0;985.0;958.0;406.0;427.0;332.0;361.0;66.0;74.0;83.19;66.35;0.82;0.15;0.83;0.82;0.82;0.85;0.18;0.83;0.85;0.84
377;2017_08_02_15:03:05;SVC;poly;100.0;1.0;985.0;958.0;406.0;427.0;122.0;420.0;7.0;284.0;65.07;28.89;0.3;0.02;0.95;0.3;0.46;0.98;0.7;0.6;0.98;0.74
378;2017_08_02_15:03:05;SVC;rbf;100.0;1.0;985.0;958.0;406.0;427.0;405.0;13.0;414.0;1.0;50.18;2.73;1.0;0.97;0.49;1.0;0.66;0.03;0.0;0.93;0.03;0.06
379;2017_08_02_15:03:05;SVC;sigmoid;100.0;1.0;985.0;958.0;406.0;427.0;405.0;13.0;414.0;1.0;50.18;2.73;1.0;0.97;0.49;1.0;0.66;0.03;0.0;0.93;0.03;0.06
380;2017_08_02_15:02:46;SVC;linear;auto;100.0;982.0;961.0;409.0;424.0;310.0;368.0;56.0;99.0;81.39;62.7;0.76;0.13;0.85;0.76;0.8;0.87;0.24;0.79;0.87;0.83
381;2017_08_02_15:02:46;SVC;poly;auto;100.0;982.0;961.0;409.0;424.0;409.0;0.0;424.0;0.0;49.1;0.0;1.0;1.0;0.49;1.0;0.66;0.0;0.0;0.0;0.0;0.0
382;2017_08_02_15:02:46;SVC;rbf;auto;100.0;982.0;961.0;409.0;424.0;297.0;382.0;42.0;112.0;81.51;62.9;0.73;0.1;0.88;0.73;0.8;0.9;0.27;0.77;0.9;0.83
383;2017_08_02_15:02:46;SVC;sigmoid;auto;100.0;982.0;961.0;409.0;424.0;297.0;382.0;42.0;112.0;81.51;62.9;0.73;0.1;0.88;0.73;0.8;0.9;0.27;0.77;0.9;0.83
384;2017_08_02_14:58:21;SVC;linear;10.0;1.0;962.0;981.0;429.0;404.0;346.0;339.0;65.0;83.0;82.23;64.48;0.81;0.16;0.84;0.81;0.82;0.84;0.19;0.8;0.84;0.82
385;2017_08_02_14:58:21;SVC;poly;10.0;1.0;962.0;981.0;429.0;404.0;147.0;395.0;9.0;282.0;65.07;31.42;0.34;0.02;0.94;0.34;0.5;0.98;0.66;0.58;0.98;0.73
386;2017_08_02_14:58:21;SVC;rbf;10.0;1.0;962.0;981.0;429.0;404.0;15.0;404.0;0.0;414.0;50.3;3.4;0.03;0.0;1.0;0.03;0.06;1.0;0.97;0.49;1.0;0.66
387;2017_08_02_14:58:21;SVC;sigmoid;10.0;1.0;962.0;981.0;429.0;404.0;15.0;404.0;0.0;414.0;50.3;3.4;0.03;0.0;1.0;0.03;0.06;1.0;0.97;0.49;1.0;0.66
388;2017_08_02_14:57:35;SVC;linear;auto;10.0;965.0;978.0;426.0;407.0;311.0;357.0;50.0;115.0;80.19;60.5;0.73;0.12;0.86;0.73;0.79;0.88;0.27;0.76;0.88;0.82
389;2017_08_02_14:57:35;SVC;poly;auto;10.0;965.0;978.0;426.0;407.0;0.0;407.0;0.0;426.0;48.86;0.0;0.0;0.0;0.0;0.0;0.0;1.0;1.0;0.49;1.0;0.66
390;2017_08_02_14:57:35;SVC;rbf;auto;10.0;965.0;978.0;426.0;407.0;7.0;404.0;3.0;419.0;49.34;0.89;0.02;0.01;0.7;0.02;0.04;0.99;0.98;0.49;0.99;0.66
391;2017_08_02_14:57:35;SVC;sigmoid;auto;10.0;965.0;978.0;426.0;407.0;7.0;404.0;3.0;419.0;49.34;0.89;0.02;0.01;0.7;0.02;0.04;0.99;0.98;0.49;0.99;0.66
392;2017_08_02_14:53:25;SVC;linear;1.0;1.0;974.0;969.0;417.0;416.0;338.0;339.0;77.0;79.0;81.27;62.55;0.81;0.19;0.81;0.81;0.81;0.81;0.19;0.81;0.81;0.81
393;2017_08_02_14:53:25;SVC;poly;1.0;1.0;974.0;969.0;417.0;416.0;207.0;394.0;22.0;210.0;72.15;44.33;0.5;0.05;0.9;0.5;0.64;0.95;0.5;0.65;0.95;0.77
394;2017_08_02_14:53:25;SVC;rbf;1.0;1.0;974.0;969.0;417.0;416.0;377.0;97.0;319.0;40.0;56.9;13.74;0.9;0.77;0.54;0.9;0.68;0.23;0.1;0.71;0.23;0.35
395;2017_08_02_14:53:25;SVC;sigmoid;1.0;1.0;974.0;969.0;417.0;416.0;377.0;97.0;319.0;40.0;56.9;13.74;0.9;0.77;0.54;0.9;0.68;0.23;0.1;0.71;0.23;0.35
396;2017_08_02_14:52:19;SVC;linear;auto;1.0;974.0;969.0;417.0;416.0;341.0;357.0;59.0;76.0;83.79;67.59;0.82;0.14;0.85;0.82;0.83;0.86;0.18;0.82;0.86;0.84
397;2017_08_02_14:52:19;SVC;poly;auto;1.0;974.0;969.0;417.0;416.0;417.0;0.0;416.0;0.0;50.06;0.0;1.0;1.0;0.5;1.0;0.67;0.0;0.0;0.0;0.0;0.0
398;2017_08_02_14:52:19;SVC;rbf;auto;1.0;974.0;969.0;417.0;416.0;417.0;0.0;416.0;0.0;50.06;0.0;1.0;1.0;0.5;1.0;0.67;0.0;0.0;0.0;0.0;0.0
399;2017_08_02_14:52:19;SVC;sigmoid;auto;1.0;974.0;969.0;417.0;416.0;417.0;0.0;416.0;0.0;50.06;0.0;1.0;1.0;0.5;1.0;0.67;0.0;0.0;0.0;0.0;0.0
400;2017_08_02_14:48:51;SVC;linear;10000.0;1.0;972.0;971.0;419.0;414.0;342.0;358.0;56.0;77.0;84.03;68.08;0.82;0.14;0.86;0.82;0.84;0.86;0.18;0.82;0.86;0.84
401;2017_08_02_14:48:51;SVC;poly;10000.0;1.0;972.0;971.0;419.0;414.0;129.0;406.0;8.0;290.0;64.23;28.74;0.31;0.02;0.94;0.31;0.47;0.98;0.69;0.58;0.98;0.73
402;2017_08_02_14:48:51;SVC;rbf;10000.0;1.0;972.0;971.0;419.0;414.0;11.0;414.0;0.0;408.0;51.02;2.61;0.03;0.0;1.0;0.03;0.06;1.0;0.97;0.5;1.0;0.67
403;2017_08_02_14:48:51;SVC;sigmoid;10000.0;1.0;972.0;971.0;419.0;414.0;11.0;414.0;0.0;408.0;51.02;2.61;0.03;0.0;1.0;0.03;0.06;1.0;0.97;0.5;1.0;0.67
404;2017_08_02_14:48:24;SVC;linear;auto;10000.0;985.0;958.0;406.0;427.0;309.0;367.0;60.0;97.0;81.15;62.2;0.76;0.14;0.84;0.76;0.8;0.86;0.24;0.79;0.86;0.82
405;2017_08_02_14:48:24;SVC;poly;auto;10000.0;985.0;958.0;406.0;427.0;406.0;0.0;427.0;0.0;48.74;0.0;1.0;1.0;0.49;1.0;0.66;0.0;0.0;0.0;0.0;0.0
406;2017_08_02_14:48:24;SVC;rbf;auto;10000.0;985.0;958.0;406.0;427.0;330.0;364.0;63.0;76.0;83.31;66.58;0.81;0.15;0.84;0.81;0.82;0.85;0.19;0.83;0.85;0.84
407;2017_08_02_14:48:24;SVC;sigmoid;auto;10000.0;985.0;958.0;406.0;427.0;330.0;364.0;63.0;76.0;83.31;66.58;0.81;0.15;0.84;0.81;0.82;0.85;0.19;0.83;0.85;0.84
408;2017_08_02_14:44:33;SVC;linear;1000.0;1.0;957.0;986.0;434.0;399.0;370.0;325.0;74.0;64.0;83.43;66.77;0.85;0.19;0.83;0.85;0.84;0.81;0.15;0.84;0.81;0.82
409;2017_08_02_14:44:33;SVC;poly;1000.0;1.0;957.0;986.0;434.0;399.0;122.0;392.0;7.0;312.0;61.7;25.57;0.28;0.02;0.95;0.28;0.43;0.98;0.72;0.56;0.98;0.71
410;2017_08_02_14:44:33;SVC;rbf;1000.0;1.0;957.0;986.0;434.0;399.0;13.0;399.0;0.0;421.0;49.46;2.87;0.03;0.0;1.0;0.03;0.06;1.0;0.97;0.49;1.0;0.66
411;2017_08_02_14:44:33;SVC;sigmoid;1000.0;1.0;957.0;986.0;434.0;399.0;13.0;399.0;0.0;421.0;49.46;2.87;0.03;0.0;1.0;0.03;0.06;1.0;0.97;0.49;1.0;0.66
412;2017_08_02_14:44:23;SVC;linear;auto;1000.0;980.0;963.0;411.0;422.0;305.0;366.0;56.0;106.0;80.55;61.04;0.74;0.13;0.84;0.74;0.79;0.87;0.26;0.78;0.87;0.82
413;2017_08_02_14:44:23;SVC;poly;auto;1000.0;980.0;963.0;411.0;422.0;411.0;0.0;422.0;0.0;49.34;0.0;1.0;1.0;0.49;1.0;0.66;0.0;0.0;0.0;0.0;0.0
414;2017_08_02_14:44:23;SVC;rbf;auto;1000.0;980.0;963.0;411.0;422.0;336.0;362.0;60.0;75.0;83.79;67.57;0.82;0.14;0.85;0.82;0.83;0.86;0.18;0.83;0.86;0.84
415;2017_08_02_14:44:23;SVC;sigmoid;auto;1000.0;980.0;963.0;411.0;422.0;336.0;362.0;60.0;75.0;83.79;67.57;0.82;0.14;0.85;0.82;0.83;0.86;0.18;0.83;0.86;0.84
416;2017_08_02_14:40:19;SVC;linear;100.0;1.0;965.0;978.0;426.0;407.0;346.0;349.0;58.0;80.0;83.43;66.89;0.81;0.14;0.86;0.81;0.83;0.86;0.19;0.81;0.86;0.83
417;2017_08_02_14:40:19;SVC;poly;100.0;1.0;965.0;978.0;426.0;407.0;133.0;397.0;10.0;293.0;63.63;28.32;0.31;0.02;0.93;0.31;0.47;0.98;0.69;0.58;0.98;0.73
418;2017_08_02_14:40:19;SVC;rbf;100.0;1.0;965.0;978.0;426.0;407.0;17.0;407.0;0.0;409.0;50.9;3.9;0.04;0.0;1.0;0.04;0.08;1.0;0.96;0.5;1.0;0.67
419;2017_08_02_14:40:19;SVC;sigmoid;100.0;1.0;965.0;978.0;426.0;407.0;17.0;407.0;0.0;409.0;50.9;3.9;0.04;0.0;1.0;0.04;0.08;1.0;0.96;0.5;1.0;0.67
420;2017_08_02_14:40:06;SVC;linear;auto;100.0;983.0;960.0;408.0;425.0;312.0;370.0;55.0;96.0;81.87;63.66;0.76;0.13;0.85;0.76;0.8;0.87;0.24;0.79;0.87;0.83
421;2017_08_02_14:40:06;SVC;poly;auto;100.0;983.0;960.0;408.0;425.0;408.0;0.0;425.0;0.0;48.98;0.0;1.0;1.0;0.49;1.0;0.66;0.0;0.0;0.0;0.0;0.0
422;2017_08_02_14:40:06;SVC;rbf;auto;100.0;983.0;960.0;408.0;425.0;318.0;387.0;38.0;90.0;84.63;69.18;0.78;0.09;0.89;0.78;0.83;0.91;0.22;0.81;0.91;0.86
423;2017_08_02_14:40:06;SVC;sigmoid;auto;100.0;983.0;960.0;408.0;425.0;318.0;387.0;38.0;90.0;84.63;69.18;0.78;0.09;0.89;0.78;0.83;0.91;0.22;0.81;0.91;0.86
424;2017_08_02_14:35:47;SVC;linear;10.0;1.0;963.0;980.0;428.0;405.0;351.0;337.0;68.0;77.0;82.59;65.18;0.82;0.17;0.84;0.82;0.83;0.83;0.18;0.81;0.83;0.82
425;2017_08_02_14:35:47;SVC;poly;10.0;1.0;963.0;980.0;428.0;405.0;119.0;397.0;8.0;309.0;61.94;25.32;0.28;0.02;0.94;0.28;0.43;0.98;0.72;0.56;0.98;0.71
426;2017_08_02_14:35:47;SVC;rbf;10.0;1.0;963.0;980.0;428.0;405.0;12.0;405.0;0.0;416.0;50.06;2.73;0.03;0.0;1.0;0.03;0.06;1.0;0.97;0.49;1.0;0.66
427;2017_08_02_14:35:47;SVC;sigmoid;10.0;1.0;963.0;980.0;428.0;405.0;12.0;405.0;0.0;416.0;50.06;2.73;0.03;0.0;1.0;0.03;0.06;1.0;0.97;0.49;1.0;0.66
428;2017_08_02_14:35:16;SVC;linear;auto;10.0;965.0;978.0;426.0;407.0;340.0;348.0;59.0;86.0;82.59;65.22;0.8;0.14;0.85;0.8;0.82;0.86;0.2;0.8;0.86;0.83
429;2017_08_02_14:35:16;SVC;poly;auto;10.0;965.0;978.0;426.0;407.0;0.0;407.0;0.0;426.0;48.86;0.0;0.0;0.0;0.0;0.0;0.0;1.0;1.0;0.49;1.0;0.66
430;2017_08_02_14:35:16;SVC;rbf;auto;10.0;965.0;978.0;426.0;407.0;14.0;404.0;3.0;412.0;50.18;2.49;0.03;0.01;0.82;0.03;0.06;0.99;0.97;0.5;0.99;0.66
431;2017_08_02_14:35:16;SVC;sigmoid;auto;10.0;965.0;978.0;426.0;407.0;14.0;404.0;3.0;412.0;50.18;2.49;0.03;0.01;0.82;0.03;0.06;0.99;0.97;0.5;0.99;0.66
432;2017_08_02_14:16:44;SVC;linear;1.0;1.0;976.0;967.0;415.0;418.0;340.0;351.0;67.0;75.0;82.95;65.9;0.82;0.16;0.84;0.82;0.83;0.84;0.18;0.82;0.84;0.83
433;2017_08_02_14:16:44;SVC;poly;1.0;1.0;976.0;967.0;415.0;418.0;198.0;396.0;22.0;217.0;71.31;42.52;0.48;0.05;0.9;0.48;0.63;0.95;0.52;0.65;0.95;0.77
434;2017_08_02_14:16:44;SVC;rbf;1.0;1.0;976.0;967.0;415.0;418.0;376.0;97.0;321.0;39.0;56.78;13.77;0.91;0.77;0.54;0.91;0.68;0.23;0.09;0.71;0.23;0.35
435;2017_08_02_14:16:44;SVC;sigmoid;1.0;1.0;976.0;967.0;415.0;418.0;376.0;97.0;321.0;39.0;56.78;13.77;0.91;0.77;0.54;0.91;0.68;0.23;0.09;0.71;0.23;0.35
436;2017_08_02_14:13:38;SVC;linear;10000.0;1.0;981.0;962.0;410.0;423.0;334.0;357.0;66.0;76.0;82.95;65.89;0.81;0.16;0.83;0.81;0.82;0.84;0.19;0.82;0.84;0.83
437;2017_08_02_14:13:38;SVC;poly;10000.0;1.0;981.0;962.0;410.0;423.0;137.0;412.0;11.0;273.0;65.91;31.12;0.33;0.03;0.93;0.33;0.49;0.97;0.67;0.6;0.97;0.74
438;2017_08_02_14:13:38;SVC;rbf;10000.0;1.0;981.0;962.0;410.0;423.0;410.0;8.0;415.0;0.0;50.18;1.86;1.0;0.98;0.5;1.0;0.67;0.02;0.0;1.0;0.02;0.04
439;2017_08_02_14:13:38;SVC;sigmoid;10000.0;1.0;981.0;962.0;410.0;423.0;410.0;8.0;415.0;0.0;50.18;1.86;1.0;0.98;0.5;1.0;0.67;0.02;0.0;1.0;0.02;0.04
440;2017_08_02_14:10:02;SVC;linear;1000.0;1.0;979.0;964.0;412.0;421.0;349.0;334.0;87.0;63.0;81.99;64.0;0.85;0.21;0.8;0.85;0.82;0.79;0.15;0.84;0.79;0.81
441;2017_08_02_14:10:02;SVC;poly;1000.0;1.0;979.0;964.0;412.0;421.0;142.0;409.0;12.0;270.0;66.15;31.83;0.34;0.03;0.92;0.34;0.5;0.97;0.66;0.6;0.97;0.74
442;2017_08_02_14:10:02;SVC;rbf;1000.0;1.0;979.0;964.0;412.0;421.0;412.0;9.0;412.0;0.0;50.54;2.12;1.0;0.98;0.5;1.0;0.67;0.02;0.0;1.0;0.02;0.04
443;2017_08_02_14:10:02;SVC;sigmoid;1000.0;1.0;979.0;964.0;412.0;421.0;412.0;9.0;412.0;0.0;50.54;2.12;1.0;0.98;0.5;1.0;0.67;0.02;0.0;1.0;0.02;0.04
444;2017_08_02_14:06:35;SVC;linear;100.0;1.0;987.0;956.0;404.0;429.0;347.0;365.0;64.0;57.0;85.47;70.94;0.86;0.15;0.84;0.86;0.85;0.85;0.14;0.86;0.85;0.85
445;2017_08_02_14:06:35;SVC;poly;100.0;1.0;987.0;956.0;404.0;429.0;128.0;422.0;7.0;276.0;66.03;30.65;0.32;0.02;0.95;0.32;0.48;0.98;0.68;0.6;0.98;0.74
446;2017_08_02_14:06:35;SVC;rbf;100.0;1.0;987.0;956.0;404.0;429.0;404.0;7.0;422.0;0.0;49.34;1.58;1.0;0.98;0.49;1.0;0.66;0.02;0.0;1.0;0.02;0.04
447;2017_08_02_14:06:35;SVC;sigmoid;100.0;1.0;987.0;956.0;404.0;429.0;404.0;7.0;422.0;0.0;49.34;1.58;1.0;0.98;0.49;1.0;0.66;0.02;0.0;1.0;0.02;0.04
448;2017_08_02_14:02:52;SVC;linear;10.0;1.0;987.0;956.0;404.0;429.0;340.0;359.0;70.0;64.0;83.91;67.81;0.84;0.16;0.83;0.84;0.83;0.84;0.16;0.85;0.84;0.84
449;2017_08_02_14:02:52;SVC;poly;10.0;1.0;987.0;956.0;404.0;429.0;142.0;416.0;13.0;262.0;66.99;32.71;0.35;0.03;0.92;0.35;0.51;0.97;0.65;0.61;0.97;0.75
450;2017_08_02_14:02:52;SVC;rbf;10.0;1.0;987.0;956.0;404.0;429.0;404.0;8.0;421.0;0.0;49.46;1.81;1.0;0.98;0.49;1.0;0.66;0.02;0.0;1.0;0.02;0.04
451;2017_08_02_14:02:52;SVC;sigmoid;10.0;1.0;987.0;956.0;404.0;429.0;404.0;8.0;421.0;0.0;49.46;1.81;1.0;0.98;0.49;1.0;0.66;0.02;0.0;1.0;0.02;0.04
452;2017_08_02_13:59:53;SVC;linear;1.0;1.0;961.0;982.0;430.0;403.0;357.0;328.0;75.0;73.0;82.23;64.42;0.83;0.19;0.83;0.83;0.83;0.81;0.17;0.82;0.81;0.81
453;2017_08_02_13:59:53;SVC;poly;1.0;1.0;961.0;982.0;430.0;403.0;191.0;387.0;16.0;239.0;69.39;39.76;0.44;0.04;0.92;0.44;0.6;0.96;0.56;0.62;0.96;0.75
454;2017_08_02_13:59:53;SVC;rbf;1.0;1.0;961.0;982.0;430.0;403.0;121.0;399.0;4.0;309.0;62.42;26.52;0.28;0.01;0.97;0.28;0.43;0.99;0.72;0.56;0.99;0.72
455;2017_08_02_13:59:53;SVC;sigmoid;1.0;1.0;961.0;982.0;430.0;403.0;121.0;399.0;4.0;309.0;62.42;26.52;0.28;0.01;0.97;0.28;0.43;0.99;0.72;0.56;0.99;0.72
456;2017_08_02_13:56:45;SVC;linear;10000.0;1.0;976.0;967.0;415.0;418.0;353.0;348.0;70.0;62.0;84.15;68.31;0.85;0.17;0.83;0.85;0.84;0.83;0.15;0.85;0.83;0.84
457;2017_08_02_13:56:45;SVC;poly;10000.0;1.0;976.0;967.0;415.0;418.0;135.0;407.0;11.0;280.0;65.07;29.97;0.33;0.03;0.92;0.33;0.49;0.97;0.67;0.59;0.97;0.73
458;2017_08_02_13:56:45;SVC;rbf;10000.0;1.0;976.0;967.0;415.0;418.0;415.0;5.0;413.0;0.0;50.42;1.19;1.0;0.99;0.5;1.0;0.67;0.01;0.0;1.0;0.01;0.02
459;2017_08_02_13:56:45;SVC;sigmoid;10000.0;1.0;976.0;967.0;415.0;418.0;415.0;5.0;413.0;0.0;50.42;1.19;1.0;0.99;0.5;1.0;0.67;0.01;0.0;1.0;0.01;0.02
460;2017_08_02_13:53:00;SVC;linear;1000.0;1.0;988.0;955.0;403.0;430.0;325.0;359.0;71.0;78.0;82.11;64.17;0.81;0.17;0.82;0.81;0.81;0.83;0.19;0.82;0.83;0.82
461;2017_08_02_13:53:00;SVC;poly;1000.0;1.0;988.0;955.0;403.0;430.0;145.0;419.0;11.0;258.0;67.71;34.08;0.36;0.03;0.93;0.36;0.52;0.97;0.64;0.62;0.97;0.76
462;2017_08_02_13:53:00;SVC;rbf;1000.0;1.0;988.0;955.0;403.0;430.0;403.0;7.0;423.0;0.0;49.22;1.58;1.0;0.98;0.49;1.0;0.66;0.02;0.0;1.0;0.02;0.04
463;2017_08_02_13:53:00;SVC;sigmoid;1000.0;1.0;988.0;955.0;403.0;430.0;403.0;7.0;423.0;0.0;49.22;1.58;1.0;0.98;0.49;1.0;0.66;0.02;0.0;1.0;0.02;0.04
464;2017_08_02_13:49:05;SVC;linear;100.0;1.0;978.0;965.0;413.0;420.0;335.0;355.0;65.0;78.0;82.83;65.65;0.81;0.15;0.84;0.81;0.82;0.85;0.19;0.82;0.85;0.83
465;2017_08_02_13:49:05;SVC;poly;100.0;1.0;978.0;965.0;413.0;420.0;130.0;407.0;13.0;283.0;64.47;28.54;0.31;0.03;0.91;0.31;0.46;0.97;0.69;0.59;0.97;0.73
466;2017_08_02_13:49:05;SVC;rbf;100.0;1.0;978.0;965.0;413.0;420.0;413.0;14.0;406.0;0.0;51.26;3.31;1.0;0.97;0.5;1.0;0.67;0.03;0.0;1.0;0.03;0.06
467;2017_08_02_13:49:05;SVC;sigmoid;100.0;1.0;978.0;965.0;413.0;420.0;413.0;14.0;406.0;0.0;51.26;3.31;1.0;0.97;0.5;1.0;0.67;0.03;0.0;1.0;0.03;0.06
468;2017_08_02_13:45:44;SVC;linear;10.0;1.0;988.0;955.0;403.0;430.0;342.0;360.0;70.0;61.0;84.27;68.54;0.85;0.16;0.83;0.85;0.84;0.84;0.15;0.86;0.84;0.85
469;2017_08_02_13:45:44;SVC;poly;10.0;1.0;988.0;955.0;403.0;430.0;107.0;416.0;14.0;296.0;62.79;23.82;0.27;0.03;0.88;0.27;0.41;0.97;0.73;0.58;0.97;0.73
470;2017_08_02_13:45:44;SVC;rbf;10.0;1.0;988.0;955.0;403.0;430.0;403.0;11.0;419.0;0.0;49.7;2.48;1.0;0.97;0.49;1.0;0.66;0.03;0.0;1.0;0.03;0.06
471;2017_08_02_13:45:44;SVC;sigmoid;10.0;1.0;988.0;955.0;403.0;430.0;403.0;11.0;419.0;0.0;49.7;2.48;1.0;0.97;0.49;1.0;0.66;0.03;0.0;1.0;0.03;0.06
472;2017_08_02_13:42:29;SVC;linear;1.0;1.0;1014.0;929.0;377.0;456.0;308.0;363.0;93.0;69.0;80.55;60.97;0.82;0.2;0.77;0.82;0.79;0.8;0.18;0.84;0.8;0.82
473;2017_08_02_13:42:29;SVC;poly;1.0;1.0;1014.0;929.0;377.0;456.0;167.0;434.0;22.0;210.0;72.15;41.25;0.44;0.05;0.88;0.44;0.59;0.95;0.56;0.67;0.95;0.79
474;2017_08_02_13:42:29;SVC;rbf;1.0;1.0;1014.0;929.0;377.0;456.0;367.0;39.0;417.0;10.0;48.74;5.4;0.97;0.91;0.47;0.97;0.63;0.09;0.03;0.8;0.09;0.16
475;2017_08_02_13:42:29;SVC;sigmoid;1.0;1.0;1014.0;929.0;377.0;456.0;367.0;39.0;417.0;10.0;48.74;5.4;0.97;0.91;0.47;0.97;0.63;0.09;0.03;0.8;0.09;0.16
476;2017_08_02_13:39:03;SVC;linear;10000.0;1.0;977.0;966.0;414.0;419.0;334.0;352.0;67.0;80.0;82.35;64.7;0.81;0.16;0.83;0.81;0.82;0.84;0.19;0.81;0.84;0.82
477;2017_08_02_13:39:03;SVC;poly;10000.0;1.0;977.0;966.0;414.0;419.0;115.0;410.0;9.0;299.0;63.03;25.74;0.28;0.02;0.93;0.28;0.43;0.98;0.72;0.58;0.98;0.73
478;2017_08_02_13:39:03;SVC;rbf;10000.0;1.0;977.0;966.0;414.0;419.0;413.0;8.0;411.0;1.0;50.54;1.66;1.0;0.98;0.5;1.0;0.67;0.02;0.0;0.89;0.02;0.04
479;2017_08_02_13:39:03;SVC;sigmoid;10000.0;1.0;977.0;966.0;414.0;419.0;413.0;8.0;411.0;1.0;50.54;1.66;1.0;0.98;0.5;1.0;0.67;0.02;0.0;0.89;0.02;0.04
480;2017_08_02_13:34:42;SVC;linear;1000.0;1.0;938.0;1005.0;453.0;380.0;370.0;314.0;66.0;83.0;82.11;64.08;0.82;0.17;0.85;0.82;0.83;0.83;0.18;0.79;0.83;0.81
481;2017_08_02_13:34:42;SVC;poly;1000.0;1.0;938.0;1005.0;453.0;380.0;149.0;368.0;12.0;304.0;62.06;28.0;0.33;0.03;0.93;0.33;0.49;0.97;0.67;0.55;0.97;0.7
482;2017_08_02_13:34:42;SVC;rbf;1000.0;1.0;938.0;1005.0;453.0;380.0;13.0;380.0;0.0;440.0;47.18;2.62;0.03;0.0;1.0;0.03;0.06;1.0;0.97;0.46;1.0;0.63
483;2017_08_02_13:34:42;SVC;sigmoid;1000.0;1.0;938.0;1005.0;453.0;380.0;13.0;380.0;0.0;440.0;47.18;2.62;0.03;0.0;1.0;0.03;0.06;1.0;0.97;0.46;1.0;0.63
484;2017_08_02_13:29:59;SVC;linear;100.0;1.0;983.0;960.0;408.0;425.0;348.0;354.0;71.0;60.0;84.27;68.55;0.85;0.17;0.83;0.85;0.84;0.83;0.15;0.86;0.83;0.84
485;2017_08_02_13:29:59;SVC;poly;100.0;1.0;983.0;960.0;408.0;425.0;124.0;413.0;12.0;284.0;64.47;27.94;0.3;0.03;0.91;0.3;0.45;0.97;0.7;0.59;0.97;0.73
486;2017_08_02_13:29:59;SVC;rbf;100.0;1.0;983.0;960.0;408.0;425.0;408.0;9.0;416.0;0.0;50.06;2.08;1.0;0.98;0.5;1.0;0.67;0.02;0.0;1.0;0.02;0.04
487;2017_08_02_13:29:59;SVC;sigmoid;100.0;1.0;983.0;960.0;408.0;425.0;408.0;9.0;416.0;0.0;50.06;2.08;1.0;0.98;0.5;1.0;0.67;0.02;0.0;1.0;0.02;0.04
488;2017_08_02_13:26:12;SVC;linear;10.0;1.0;967.0;976.0;424.0;409.0;344.0;338.0;71.0;80.0;81.87;63.75;0.81;0.17;0.83;0.81;0.82;0.83;0.19;0.81;0.83;0.82
489;2017_08_02_13:26:12;SVC;poly;10.0;1.0;967.0;976.0;424.0;409.0;143.0;402.0;7.0;281.0;65.43;31.64;0.34;0.02;0.95;0.34;0.5;0.98;0.66;0.59;0.98;0.74
490;2017_08_02_13:26:12;SVC;rbf;10.0;1.0;967.0;976.0;424.0;409.0;10.0;409.0;0.0;414.0;50.3;2.32;0.02;0.0;1.0;0.02;0.04;1.0;0.98;0.5;1.0;0.67
491;2017_08_02_13:26:12;SVC;sigmoid;10.0;1.0;967.0;976.0;424.0;409.0;10.0;409.0;0.0;414.0;50.3;2.32;0.02;0.0;1.0;0.02;0.04;1.0;0.98;0.5;1.0;0.67
492;2017_08_02_13:23:32;SVC;linear;1.0;1.0;970.0;973.0;421.0;412.0;336.0;325.0;87.0;85.0;79.35;58.7;0.8;0.21;0.79;0.8;0.79;0.79;0.2;0.79;0.79;0.79
493;2017_08_02_13:23:32;SVC;poly;1.0;1.0;970.0;973.0;421.0;412.0;150.0;399.0;13.0;271.0;65.91;32.26;0.36;0.03;0.92;0.36;0.52;0.97;0.64;0.6;0.97;0.74
494;2017_08_02_13:23:32;SVC;rbf;1.0;1.0;970.0;973.0;421.0;412.0;307.0;236.0;176.0;114.0;65.19;30.25;0.73;0.43;0.64;0.73;0.68;0.57;0.27;0.67;0.57;0.62
495;2017_08_02_13:23:32;SVC;sigmoid;1.0;1.0;970.0;973.0;421.0;412.0;307.0;236.0;176.0;114.0;65.19;30.25;0.73;0.43;0.64;0.73;0.68;0.57;0.27;0.67;0.57;0.62
496;2017_08_02_13:20:32;SVC;linear;10000.0;1.0;972.0;971.0;419.0;414.0;340.0;343.0;71.0;79.0;81.99;63.99;0.81;0.17;0.83;0.81;0.82;0.83;0.19;0.81;0.83;0.82
497;2017_08_02_13:20:32;SVC;poly;10000.0;1.0;972.0;971.0;419.0;414.0;118.0;411.0;3.0;301.0;63.51;27.32;0.28;0.01;0.98;0.28;0.44;0.99;0.72;0.58;0.99;0.73
498;2017_08_02_13:20:32;SVC;rbf;10000.0;1.0;972.0;971.0;419.0;414.0;14.0;414.0;0.0;405.0;51.38;3.32;0.03;0.0;1.0;0.03;0.06;1.0;0.97;0.51;1.0;0.68
499;2017_08_02_13:20:32;SVC;sigmoid;10000.0;1.0;972.0;971.0;419.0;414.0;14.0;414.0;0.0;405.0;51.38;3.32;0.03;0.0;1.0;0.03;0.06;1.0;0.97;0.51;1.0;0.68
500;2017_08_02_13:17:15;SVC;linear;1000.0;1.0;978.0;965.0;413.0;420.0;343.0;346.0;74.0;70.0;82.71;65.43;0.83;0.18;0.82;0.83;0.82;0.82;0.17;0.83;0.82;0.82
501;2017_08_02_13:17:15;SVC;poly;1000.0;1.0;978.0;965.0;413.0;420.0;132.0;410.0;10.0;281.0;65.07;29.74;0.32;0.02;0.93;0.32;0.48;0.98;0.68;0.59;0.98;0.74
502;2017_08_02_13:17:15;SVC;rbf;1000.0;1.0;978.0;965.0;413.0;420.0;413.0;8.0;412.0;0.0;50.54;1.89;1.0;0.98;0.5;1.0;0.67;0.02;0.0;1.0;0.02;0.04
503;2017_08_02_13:17:15;SVC;sigmoid;1000.0;1.0;978.0;965.0;413.0;420.0;413.0;8.0;412.0;0.0;50.54;1.89;1.0;0.98;0.5;1.0;0.67;0.02;0.0;1.0;0.02;0.04
504;2017_08_02_13:14:02;SVC;linear;100.0;1.0;988.0;955.0;403.0;430.0;339.0;360.0;70.0;64.0;83.91;67.81;0.84;0.16;0.83;0.84;0.83;0.84;0.16;0.85;0.84;0.84
505;2017_08_02_13:14:02;SVC;poly;100.0;1.0;988.0;955.0;403.0;430.0;115.0;414.0;16.0;288.0;63.51;25.35;0.29;0.04;0.88;0.29;0.44;0.96;0.71;0.59;0.96;0.73
506;2017_08_02_13:14:02;SVC;rbf;100.0;1.0;988.0;955.0;403.0;430.0;403.0;12.0;418.0;0.0;49.82;2.7;1.0;0.97;0.49;1.0;0.66;0.03;0.0;1.0;0.03;0.06
507;2017_08_02_13:14:02;SVC;sigmoid;100.0;1.0;988.0;955.0;403.0;430.0;403.0;12.0;418.0;0.0;49.82;2.7;1.0;0.97;0.49;1.0;0.66;0.03;0.0;1.0;0.03;0.06
508;2017_08_02_13:10:37;SVC;linear;10.0;1.0;942.0;1001.0;449.0;384.0;366.0;330.0;54.0;83.0;83.55;67.09;0.82;0.14;0.87;0.82;0.84;0.86;0.18;0.8;0.86;0.83
509;2017_08_02_13:10:37;SVC;poly;10.0;1.0;942.0;1001.0;449.0;384.0;149.0;374.0;10.0;300.0;62.79;29.0;0.33;0.03;0.94;0.33;0.49;0.97;0.67;0.55;0.97;0.7
510;2017_08_02_13:10:37;SVC;rbf;10.0;1.0;942.0;1001.0;449.0;384.0;11.0;383.0;1.0;438.0;47.3;2.02;0.02;0.0;0.92;0.02;0.04;1.0;0.98;0.47;1.0;0.64
511;2017_08_02_13:10:37;SVC;sigmoid;10.0;1.0;942.0;1001.0;449.0;384.0;11.0;383.0;1.0;438.0;47.3;2.02;0.02;0.0;0.92;0.02;0.04;1.0;0.98;0.47;1.0;0.64
