;time_stamp;Name;Kernel;feature_cnt;gamma;C;Train_News;Train_Spam;Test_News;Test_Spam;True_News;True_Spam;False_News;False_Spam;Accuracy;Kappa;rauc;duration;News_TPR;News_FPR;News_Prec;News_Recall;News_F1;Spam_TPR;Spam_FPR;Spam_Prec;Spam_Recall;Spam_F1
0;2017_09_01_22:40:26;SVC;poly;3000;10.0;1000;679.0;685.0;299.0;286.0;87.0;279.0;7.0;212.0;62.56;26.24;63.32;14.691;0.29;0.02;0.93;0.29;0.44;0.98;0.71;0.57;0.98;0.72
1;2017_09_01_22:40:09;SVC;poly;3000;10.0;1000;691.0;673.0;287.0;298.0;69.0;292.0;6.0;218.0;61.71;22.33;61.01;14.062000000000001;0.24;0.02;0.92;0.24;0.38;0.98;0.76;0.57;0.98;0.72
2;2017_09_01_22:39:53;SVC;poly;3000;10.0;1000;685.0;679.0;293.0;292.0;67.0;282.0;10.0;226.0;59.66;19.42;59.72;13.836;0.23;0.03;0.87;0.23;0.36;0.97;0.77;0.56;0.97;0.71
3;2017_09_01_22:39:37;SVC;poly;3000;10.0;1000;685.0;679.0;293.0;292.0;97.0;285.0;7.0;196.0;65.3;30.67;65.35;16.424;0.33;0.02;0.93;0.33;0.49;0.98;0.67;0.59;0.98;0.74
4;2017_09_01_22:39:18;SVC;poly;3000;10.0;1000;684.0;680.0;294.0;291.0;81.0;284.0;7.0;213.0;62.39;25.06;62.57;21453.356;0.28;0.02;0.92;0.28;0.43;0.98;0.72;0.57;0.98;0.72
5;2017_09_01_16:41:42;SVC;poly;3000;10.0;1000;690.0;674.0;288.0;297.0;86.0;290.0;7.0;202.0;64.27;27.79;63.75;16.378;0.3;0.02;0.92;0.3;0.45;0.98;0.7;0.59;0.98;0.74
6;2017_09_01_16:41:23;SVC;poly;3000;10.0;1000;710.0;654.0;268.0;317.0;70.0;308.0;9.0;198.0;64.62;24.62;61.64;24.878;0.26;0.03;0.89;0.26;0.4;0.97;0.74;0.61;0.97;0.75
7;2017_09_01_16:40:55;SVC;poly;3000;10.0;1000;686.0;678.0;292.0;293.0;91.0;285.0;8.0;201.0;64.27;28.47;64.22;20.082;0.31;0.03;0.92;0.31;0.46;0.97;0.69;0.59;0.97;0.73
8;2017_09_01_16:40:32;SVC;poly;3000;10.0;1000;676.0;688.0;302.0;283.0;118.0;275.0;8.0;184.0;67.18;35.55;68.12;20.128;0.39;0.03;0.94;0.39;0.55;0.97;0.61;0.6;0.97;0.74
9;2017_09_01_16:40:09;SVC;poly;3000;10.0;1000;691.0;673.0;287.0;298.0;72.0;290.0;8.0;215.0;61.88;22.7;61.2;21.174;0.25;0.03;0.9;0.25;0.39;0.97;0.75;0.57;0.97;0.72
10;2017_09_01_16:39:45;SVC;poly;3000;1.0;1000;680.0;684.0;298.0;287.0;93.0;277.0;10.0;205.0;63.25;27.38;63.86;23.063;0.31;0.03;0.9;0.31;0.46;0.97;0.69;0.57;0.97;0.72
11;2017_09_01_16:39:17;SVC;poly;3000;1.0;1000;701.0;663.0;277.0;308.0;122.0;291.0;17.0;155.0;70.6;39.51;69.26;2529.115;0.44;0.06;0.88;0.44;0.59;0.94;0.56;0.65;0.94;0.77
12;2017_09_01_15:57:05;SVC;poly;3000;1.0;1000;676.0;688.0;302.0;283.0;75.0;270.0;13.0;227.0;58.97;19.77;60.12;17.158;0.25;0.05;0.85;0.25;0.39;0.95;0.75;0.54;0.95;0.69
13;2017_09_01_15:56:45;SVC;poly;3000;1.0;1000;684.0;680.0;294.0;291.0;71.0;286.0;5.0;223.0;61.03;22.35;61.22;17.896;0.24;0.02;0.93;0.24;0.38;0.98;0.76;0.56;0.98;0.71
14;2017_09_01_15:56:25;SVC;poly;3000;1.0;1000;693.0;671.0;285.0;300.0;136.0;285.0;15.0;149.0;71.97;43.23;71.36;17.125;0.48;0.05;0.9;0.48;0.63;0.95;0.52;0.66;0.95;0.78
15;2017_09_01_15:56:05;SVC;poly;3000;1.0;1000;686.0;678.0;292.0;293.0;76.0;283.0;10.0;216.0;61.37;22.64;61.31;14.952;0.26;0.03;0.88;0.26;0.4;0.97;0.74;0.57;0.97;0.72
16;2017_09_01_15:55:48;SVC;poly;3000;1.0;1000;678.0;686.0;300.0;285.0;89.0;281.0;4.0;211.0;63.25;27.76;64.13;15.695;0.3;0.01;0.96;0.3;0.46;0.99;0.7;0.57;0.99;0.72
17;2017_09_01_15:55:30;SVC;poly;3000;1.0;1000;672.0;692.0;306.0;279.0;296.0;67.0;212.0;10.0;62.05;21.43;60.37;14.239;0.97;0.76;0.58;0.97;0.73;0.24;0.03;0.87;0.24;0.38
18;2017_09_01_15:55:13;SVC;poly;3000;1.0;1000;708.0;656.0;270.0;315.0;78.0;305.0;10.0;192.0;65.47;27.02;62.86;14.51;0.29;0.03;0.89;0.29;0.44;0.97;0.71;0.61;0.97;0.75
19;2017_09_01_15:54:56;SVC;poly;3000;1.0;1000;682.0;682.0;296.0;289.0;81.0;283.0;6.0;215.0;62.22;25.07;62.64;15.232000000000001;0.27;0.02;0.93;0.27;0.42;0.98;0.73;0.57;0.98;0.72
20;2017_09_01_15:54:39;SVC;poly;3000;10.0;100;675.0;689.0;303.0;282.0;137.0;274.0;8.0;166.0;70.26;41.57;71.19;15.027;0.45;0.03;0.94;0.45;0.61;0.97;0.55;0.62;0.97;0.76
21;2017_09_01_15:54:22;SVC;poly;3000;10.0;100;688.0;676.0;290.0;295.0;79.0;282.0;13.0;211.0;61.71;22.97;61.42;14.728;0.27;0.04;0.86;0.27;0.41;0.96;0.73;0.57;0.96;0.72
22;2017_09_01_15:54:05;SVC;poly;3000;10.0;100;676.0;688.0;302.0;283.0;95.0;277.0;6.0;207.0;63.59;28.7;64.67;14.753;0.31;0.02;0.94;0.31;0.47;0.98;0.69;0.57;0.98;0.72
23;2017_09_01_15:53:46;SVC;poly;3000;10.0;100;681.0;683.0;297.0;288.0;78.0;278.0;10.0;219.0;60.85;22.54;61.4;17.378;0.26;0.03;0.89;0.26;0.4;0.97;0.74;0.56;0.97;0.71
24;2017_09_01_15:53:26;SVC;poly;3000;10.0;100;686.0;678.0;292.0;293.0;83.0;287.0;6.0;209.0;63.25;26.41;63.19;20.471;0.28;0.02;0.93;0.28;0.43;0.98;0.72;0.58;0.98;0.73
25;2017_09_01_15:53:02;SVC;poly;3000;10.0;100;680.0;684.0;298.0;287.0;79.0;281.0;6.0;219.0;61.54;24.09;62.21;18.783;0.27;0.02;0.93;0.27;0.42;0.98;0.73;0.56;0.98;0.71
26;2017_09_01_15:52:41;SVC;poly;3000;10.0;100;684.0;680.0;294.0;291.0;72.0;281.0;10.0;222.0;60.34;20.98;60.53;19.821;0.24;0.03;0.88;0.24;0.38;0.97;0.76;0.56;0.97;0.71
27;2017_09_01_15:52:18;SVC;poly;3000;10.0;100;675.0;689.0;303.0;282.0;80.0;277.0;5.0;223.0;61.03;23.99;62.31;16.811;0.26;0.02;0.94;0.26;0.41;0.98;0.74;0.55;0.98;0.7
28;2017_09_01_15:51:59;SVC;poly;3000;10.0;100;672.0;692.0;306.0;279.0;84.0;272.0;7.0;222.0;60.85;24.12;62.47;16.509;0.27;0.03;0.92;0.27;0.42;0.97;0.73;0.55;0.97;0.7
29;2017_09_01_15:51:40;SVC;poly;3000;10.0;100;667.0;697.0;311.0;274.0;78.0;270.0;4.0;233.0;59.49;22.5;61.81;17.212;0.25;0.01;0.95;0.25;0.4;0.99;0.75;0.54;0.99;0.7
30;2017_09_01_15:51:20;SVC;poly;3000;1.0;100;686.0;678.0;292.0;293.0;83.0;286.0;7.0;209.0;63.08;26.07;63.02;20.174;0.28;0.02;0.92;0.28;0.43;0.98;0.72;0.58;0.98;0.73
31;2017_09_01_15:50:55;SVC;poly;3000;1.0;100;690.0;674.0;288.0;297.0;72.0;291.0;6.0;216.0;62.05;23.24;61.49;23.51;0.25;0.02;0.92;0.25;0.39;0.98;0.75;0.57;0.98;0.72
32;2017_09_01_15:50:29;SVC;poly;3000;1.0;100;684.0;680.0;294.0;291.0;133.0;279.0;12.0;161.0;70.43;41.01;70.56;14.448;0.45;0.04;0.92;0.45;0.6;0.96;0.55;0.63;0.96;0.76
33;2017_09_01_15:50:13;SVC;poly;3000;1.0;100;673.0;691.0;305.0;280.0;80.0;274.0;6.0;225.0;60.51;23.34;62.04;14.013;0.26;0.02;0.93;0.26;0.41;0.98;0.74;0.55;0.98;0.7
34;2017_09_01_15:49:56;SVC;poly;3000;1.0;100;695.0;669.0;283.0;302.0;87.0;294.0;8.0;196.0;65.13;28.69;64.05;14.002;0.31;0.03;0.92;0.31;0.46;0.97;0.69;0.6;0.97;0.74
35;2017_09_01_15:49:40;SVC;poly;3000;1.0;100;677.0;687.0;301.0;284.0;85.0;280.0;4.0;216.0;62.39;26.28;63.42;19.139;0.28;0.01;0.96;0.28;0.43;0.99;0.72;0.56;0.99;0.72
36;2017_09_01_15:49:17;SVC;poly;3000;1.0;100;665.0;699.0;313.0;272.0;103.0;262.0;10.0;210.0;62.39;27.89;64.62;26.674;0.33;0.04;0.91;0.33;0.48;0.96;0.67;0.56;0.96;0.71
37;2017_09_01_15:48:47;SVC;poly;3000;1.0;100;674.0;690.0;304.0;281.0;92.0;276.0;5.0;212.0;62.91;27.71;64.24;19.507;0.3;0.02;0.95;0.3;0.46;0.98;0.7;0.57;0.98;0.72
38;2017_09_01_15:48:24;SVC;poly;3000;1.0;100;692.0;672.0;286.0;299.0;75.0;290.0;9.0;211.0;62.39;23.58;61.61;20.252;0.26;0.03;0.89;0.26;0.4;0.97;0.74;0.58;0.97;0.73
39;2017_09_01_15:48:01;SVC;poly;3000;1.0;100;689.0;675.0;289.0;296.0;87.0;288.0;8.0;202.0;64.1;27.62;63.7;18.641;0.3;0.03;0.92;0.3;0.45;0.97;0.7;0.59;0.97;0.73
40;2017_09_01_15:47:40;SVC;poly;3000;10.0;10;701.0;663.0;277.0;308.0;82.0;297.0;11.0;195.0;64.79;26.93;63.02;18.745;0.3;0.04;0.88;0.3;0.45;0.96;0.7;0.6;0.96;0.74
41;2017_09_01_15:47:18;SVC;poly;3000;10.0;10;674.0;690.0;304.0;281.0;79.0;274.0;7.0;225.0;60.34;22.83;61.75;19.371;0.26;0.02;0.92;0.26;0.41;0.98;0.74;0.55;0.98;0.7
42;2017_09_01_15:46:56;SVC;poly;3000;10.0;10;677.0;687.0;301.0;284.0;80.0;280.0;4.0;221.0;61.54;24.64;62.58;18.668;0.27;0.01;0.95;0.27;0.42;0.99;0.73;0.56;0.99;0.72
43;2017_09_01_15:46:35;SVC;poly;3000;10.0;10;971.0;951.0;409.0;416.0;153.0;405.0;11.0;256.0;67.64;34.94;67.38;31.928;0.37;0.03;0.93;0.37;0.53;0.97;0.63;0.61;0.97;0.75
44;2017_09_01_15:45:59;SVC;poly;3000;10.0;10;967.0;955.0;413.0;412.0;172.0;393.0;19.0;241.0;68.48;37.01;68.52;31.355;0.42;0.05;0.9;0.42;0.57;0.95;0.58;0.62;0.95;0.75
45;2017_09_01_15:45:24;SVC;poly;3000;10.0;10;957.0;965.0;423.0;402.0;152.0;378.0;24.0;271.0;64.24;29.51;64.98;26.579;0.36;0.06;0.86;0.36;0.51;0.94;0.64;0.58;0.94;0.72
46;2017_09_01_15:44:54;SVC;poly;3000;10.0;10;959.0;963.0;421.0;404.0;156.0;393.0;11.0;265.0;66.55;33.9;67.17;24.39;0.37;0.03;0.93;0.37;0.53;0.97;0.63;0.6;0.97;0.74
47;2017_09_01_15:44:26;SVC;poly;3000;10.0;10;959.0;963.0;421.0;404.0;151.0;388.0;16.0;270.0;65.33;31.51;65.95;22.945;0.36;0.04;0.9;0.36;0.51;0.96;0.64;0.59;0.96;0.73
48;2017_09_01_15:44:00;SVC;poly;3000;10.0;10;946.0;976.0;434.0;391.0;172.0;370.0;21.0;262.0;65.7;33.25;67.13;21.975;0.4;0.05;0.89;0.4;0.55;0.95;0.6;0.59;0.95;0.73
49;2017_09_01_15:43:35;SVC;poly;3000;10.0;10;950.0;972.0;430.0;395.0;160.0;371.0;24.0;270.0;64.36;30.36;65.57;21.826;0.37;0.06;0.87;0.37;0.52;0.94;0.63;0.58;0.94;0.72
50;2017_09_01_15:43:10;SVC;poly;3000;1.0;10;976.0;946.0;404.0;421.0;164.0;399.0;22.0;240.0;68.24;35.76;67.68;22.364;0.41;0.05;0.88;0.41;0.56;0.95;0.59;0.62;0.95;0.75
51;2017_09_01_15:42:45;SVC;poly;3000;1.0;10;978.0;944.0;402.0;423.0;144.0;400.0;23.0;258.0;65.94;30.83;65.19;24.357;0.36;0.05;0.86;0.36;0.51;0.95;0.64;0.61;0.95;0.74
52;2017_09_01_15:42:17;SVC;poly;3000;1.0;10;961.0;961.0;419.0;406.0;153.0;394.0;12.0;266.0;66.3;33.24;66.78;23.25800000000001;0.37;0.03;0.93;0.37;0.53;0.97;0.63;0.6;0.97;0.74
53;2017_09_01_15:41:50;SVC;poly;3000;1.0;10;944.0;978.0;436.0;389.0;150.0;381.0;8.0;286.0;64.36;31.15;66.17;24.018;0.34;0.02;0.95;0.34;0.5;0.98;0.66;0.57;0.98;0.72
54;2017_09_01_15:41:23;SVC;poly;3000;1.0;10;965.0;957.0;415.0;410.0;144.0;394.0;16.0;271.0;65.21;30.68;65.4;25.618;0.35;0.04;0.9;0.35;0.5;0.96;0.65;0.59;0.96;0.73
55;2017_09_01_15:40:54;SVC;poly;3000;1.0;10;993.0;929.0;387.0;438.0;154.0;423.0;15.0;233.0;69.94;37.6;68.18;22.984;0.4;0.03;0.91;0.4;0.56;0.97;0.6;0.64;0.97;0.77
56;2017_09_01_15:40:28;SVC;poly;3000;1.0;10;960.0;962.0;420.0;405.0;166.0;391.0;14.0;254.0;67.52;35.69;68.03;21.934;0.4;0.03;0.92;0.4;0.56;0.97;0.6;0.61;0.97;0.75
57;2017_09_01_15:40:03;SVC;poly;3000;1.0;10;971.0;951.0;409.0;416.0;165.0;389.0;27.0;244.0;67.15;34.0;66.93;25.288;0.4;0.06;0.86;0.4;0.55;0.94;0.6;0.61;0.94;0.74
58;2017_09_01_15:39:34;SVC;poly;3000;1.0;10;979.0;943.0;401.0;424.0;139.0;415.0;9.0;262.0;67.15;33.11;66.27;25.902;0.35;0.02;0.94;0.35;0.51;0.98;0.65;0.61;0.98;0.75
59;2017_09_01_15:39:05;SVC;poly;3000;1.0;10;978.0;944.0;402.0;423.0;141.0;410.0;13.0;261.0;66.79;32.5;66.0;24.316;0.35;0.03;0.92;0.35;0.51;0.97;0.65;0.61;0.97;0.75
60;2017_09_01_15:38:38;SVC;poly;3000;10.0;1;965.0;957.0;415.0;410.0;185.0;391.0;19.0;230.0;69.82;39.82;69.97;25.461;0.45;0.05;0.91;0.45;0.6;0.95;0.55;0.63;0.95;0.76
61;2017_09_01_15:38:09;SVC;poly;3000;10.0;1;978.0;944.0;402.0;423.0;162.0;399.0;24.0;240.0;68.0;35.09;67.31;26.509;0.4;0.06;0.87;0.4;0.55;0.94;0.6;0.62;0.94;0.75
62;2017_09_01_15:37:39;SVC;poly;3000;10.0;1;965.0;957.0;415.0;410.0;143.0;392.0;18.0;272.0;64.85;29.96;65.03;25.638;0.34;0.04;0.89;0.34;0.49;0.96;0.66;0.59;0.96;0.73
63;2017_09_01_15:37:08;SVC;poly;3000;10.0;1;968.0;954.0;412.0;413.0;157.0;396.0;17.0;255.0;67.03;34.01;67.0;25.404;0.38;0.04;0.9;0.38;0.53;0.96;0.62;0.61;0.96;0.75
64;2017_09_01_15:36:39;SVC;poly;3000;10.0;1;943.0;979.0;437.0;388.0;169.0;369.0;19.0;268.0;65.21;32.6;66.89;26.478;0.39;0.05;0.9;0.39;0.54;0.95;0.61;0.58;0.95;0.72
65;2017_09_01_15:36:09;SVC;poly;3000;10.0;1;990.0;932.0;390.0;435.0;119.0;423.0;12.0;271.0;65.7;28.74;63.88;28.579;0.31;0.03;0.91;0.31;0.46;0.97;0.69;0.61;0.97;0.75
66;2017_09_01_15:35:37;SVC;poly;3000;10.0;1;972.0;950.0;408.0;417.0;160.0;398.0;19.0;248.0;67.64;34.87;67.33;27.935;0.39;0.05;0.89;0.39;0.54;0.95;0.61;0.62;0.95;0.75
67;2017_09_01_15:35:05;SVC;poly;3000;10.0;1;977.0;945.0;403.0;422.0;147.0;407.0;15.0;256.0;67.15;33.37;66.46;26.215;0.36;0.04;0.91;0.36;0.52;0.96;0.64;0.61;0.96;0.75
68;2017_09_01_15:34:36;SVC;poly;3000;10.0;1;971.0;951.0;409.0;416.0;152.0;392.0;24.0;257.0;65.94;31.55;65.7;26.498;0.37;0.06;0.86;0.37;0.52;0.94;0.63;0.6;0.94;0.73
69;2017_09_01_15:34:04;SVC;poly;3000;10.0;1;964.0;958.0;416.0;409.0;143.0;394.0;15.0;273.0;65.09;30.55;65.35;30.566999999999997;0.34;0.04;0.91;0.34;0.5;0.96;0.66;0.59;0.96;0.73
70;2017_09_01_15:33:28;SVC;poly;3000;1.0;1;992.0;930.0;388.0;437.0;152.0;418.0;19.0;236.0;69.09;35.95;67.41;31.095;0.39;0.04;0.89;0.39;0.54;0.96;0.61;0.64;0.96;0.77
71;2017_09_01_15:32:53;SVC;poly;3000;1.0;1;952.0;970.0;428.0;397.0;183.0;378.0;19.0;245.0;68.0;37.2;68.99;27.866999999999997;0.43;0.05;0.91;0.43;0.58;0.95;0.57;0.61;0.95;0.74
72;2017_09_01_15:32:19;SVC;poly;3000;1.0;1;969.0;953.0;411.0;414.0;181.0;397.0;17.0;230.0;70.06;40.01;69.97;24.024;0.44;0.04;0.91;0.44;0.59;0.96;0.56;0.63;0.96;0.76
73;2017_09_01_15:31:51;SVC;poly;3000;1.0;1;976.0;946.0;404.0;421.0;159.0;407.0;14.0;245.0;68.61;36.45;68.02;22.675;0.39;0.03;0.92;0.39;0.55;0.97;0.61;0.62;0.97;0.76
74;2017_09_01_15:31:26;SVC;poly;3000;1.0;1;962.0;960.0;418.0;407.0;173.0;393.0;14.0;245.0;68.61;37.67;68.97;22.527;0.41;0.03;0.93;0.41;0.57;0.97;0.59;0.62;0.97;0.76
75;2017_09_01_15:31:00;SVC;poly;3000;1.0;1;993.0;929.0;387.0;438.0;171.0;416.0;22.0;216.0;71.15;40.34;69.58;22.752;0.44;0.05;0.89;0.44;0.59;0.95;0.56;0.66;0.95;0.78
76;2017_09_01_15:30:34;SVC;poly;3000;1.0;1;978.0;944.0;402.0;423.0;154.0;412.0;11.0;248.0;68.61;36.24;67.85;22.557;0.38;0.03;0.93;0.38;0.54;0.97;0.62;0.62;0.97;0.76
77;2017_09_01_15:30:09;SVC;poly;3000;1.0;1;980.0;942.0;400.0;425.0;178.0;402.0;23.0;222.0;70.3;39.67;69.54;22.504;0.45;0.05;0.89;0.45;0.6;0.95;0.56;0.64;0.95;0.76
78;2017_09_01_15:29:43;SVC;poly;3000;1.0;1;956.0;966.0;424.0;401.0;152.0;388.0;13.0;272.0;65.45;32.05;66.3;22.715;0.36;0.03;0.92;0.36;0.52;0.97;0.64;0.59;0.97;0.73
79;2017_09_01_15:29:18;SVC;poly;3000;1.0;1;956.0;966.0;424.0;401.0;204.0;377.0;24.0;220.0;70.42;41.58;71.06;22.346;0.48;0.06;0.89;0.48;0.62;0.94;0.52;0.63;0.94;0.75
80;2017_09_01_15:24:38;SVC;poly;3000;1e-05;1000;966.0;956.0;414.0;411.0;414.0;0.0;411.0;0.0;50.18;0.0;50.0;24.438;1.0;1.0;0.5;1.0;0.67;0.0;0.0;0.0;0.0;0.0
81;2017_09_01_15:24:10;SVC;poly;3000;1e-05;1000;999.0;923.0;381.0;444.0;381.0;0.0;444.0;0.0;46.18;0.0;50.0;24.881;1.0;1.0;0.46;1.0;0.63;0.0;0.0;0.0;0.0;0.0
82;2017_09_01_15:23:42;SVC;poly;3000;1e-05;1000;958.0;964.0;422.0;403.0;0.0;403.0;0.0;422.0;48.85;0.0;50.0;24.837;0.0;0.0;0.0;0.0;0.0;1.0;1.0;0.49;1.0;0.66
83;2017_09_01_15:23:14;SVC;poly;3000;1e-05;1000;960.0;962.0;420.0;405.0;0.0;405.0;0.0;420.0;49.09;0.0;50.0;24.686;0.0;0.0;0.0;0.0;0.0;1.0;1.0;0.49;1.0;0.66
84;2017_09_01_15:22:46;SVC;poly;3000;1e-05;1000;971.0;951.0;409.0;416.0;409.0;0.0;416.0;0.0;49.58;0.0;50.0;24.52;1.0;1.0;0.5;1.0;0.67;0.0;0.0;0.0;0.0;0.0
85;2017_09_01_15:22:18;SVC;poly;3000;1e-05;1000;960.0;962.0;420.0;405.0;0.0;405.0;0.0;420.0;49.09;0.0;50.0;27.531999999999996;0.0;0.0;0.0;0.0;0.0;1.0;1.0;0.49;1.0;0.66
86;2017_09_01_15:21:47;SVC;poly;3000;1e-05;1000;972.0;950.0;408.0;417.0;408.0;0.0;417.0;0.0;49.45;0.0;50.0;27.653;1.0;1.0;0.49;1.0;0.66;0.0;0.0;0.0;0.0;0.0
87;2017_09_01_15:21:16;SVC;poly;3000;1e-05;1000;975.0;947.0;405.0;420.0;405.0;0.0;420.0;0.0;49.09;0.0;50.0;25.52;1.0;1.0;0.49;1.0;0.66;0.0;0.0;0.0;0.0;0.0
88;2017_09_01_15:20:47;SVC;poly;3000;1e-05;1000;960.0;962.0;420.0;405.0;0.0;405.0;0.0;420.0;49.09;0.0;50.0;26.643;0.0;0.0;0.0;0.0;0.0;1.0;1.0;0.49;1.0;0.66
89;2017_09_01_15:20:16;SVC;poly;3000;1e-05;1000;958.0;964.0;422.0;403.0;0.0;403.0;0.0;422.0;48.85;0.0;50.0;26.765;0.0;0.0;0.0;0.0;0.0;1.0;1.0;0.49;1.0;0.66
90;2017_09_01_15:19:46;SVC;poly;3000;0.0001;1000;971.0;951.0;409.0;416.0;409.0;0.0;416.0;0.0;49.58;0.0;50.0;26.938;1.0;1.0;0.5;1.0;0.67;0.0;0.0;0.0;0.0;0.0
91;2017_09_01_15:19:16;SVC;poly;3000;0.0001;1000;954.0;968.0;426.0;399.0;0.0;399.0;0.0;426.0;48.36;0.0;50.0;26.447;0.0;0.0;0.0;0.0;0.0;1.0;1.0;0.48;1.0;0.65
92;2017_09_01_15:18:46;SVC;poly;3000;0.0001;1000;951.0;971.0;429.0;396.0;0.0;396.0;0.0;429.0;48.0;0.0;50.0;25.302;0.0;0.0;0.0;0.0;0.0;1.0;1.0;0.48;1.0;0.65
93;2017_09_01_15:18:17;SVC;poly;3000;0.0001;1000;951.0;971.0;429.0;396.0;0.0;396.0;0.0;429.0;48.0;0.0;50.0;25.619;0.0;0.0;0.0;0.0;0.0;1.0;1.0;0.48;1.0;0.65
94;2017_09_01_15:17:48;SVC;poly;3000;0.0001;1000;958.0;964.0;422.0;403.0;0.0;403.0;0.0;422.0;48.85;0.0;50.0;25.281;0.0;0.0;0.0;0.0;0.0;1.0;1.0;0.49;1.0;0.66
95;2017_09_01_15:17:19;SVC;poly;3000;0.0001;1000;971.0;951.0;409.0;416.0;409.0;0.0;416.0;0.0;49.58;0.0;50.0;25.284000000000002;1.0;1.0;0.5;1.0;0.67;0.0;0.0;0.0;0.0;0.0
96;2017_09_01_15:16:50;SVC;poly;3000;0.0001;1000;976.0;946.0;404.0;421.0;404.0;0.0;421.0;0.0;48.97;0.0;50.0;25.271;1.0;1.0;0.49;1.0;0.66;0.0;0.0;0.0;0.0;0.0
97;2017_09_01_15:16:22;SVC;poly;3000;0.0001;1000;963.0;959.0;417.0;408.0;417.0;0.0;408.0;0.0;50.55;0.0;50.0;25.654;1.0;1.0;0.51;1.0;0.68;0.0;0.0;0.0;0.0;0.0
98;2017_09_01_15:15:53;SVC;poly;3000;0.0001;1000;976.0;946.0;404.0;421.0;404.0;0.0;421.0;0.0;48.97;0.0;50.0;26.437;1.0;1.0;0.49;1.0;0.66;0.0;0.0;0.0;0.0;0.0
99;2017_09_01_15:15:23;SVC;poly;3000;0.0001;1000;963.0;959.0;417.0;408.0;417.0;0.0;408.0;0.0;50.55;0.0;50.0;26.119;1.0;1.0;0.51;1.0;0.68;0.0;0.0;0.0;0.0;0.0
100;2017_09_01_15:14:54;SVC;poly;3000;0.001;1000;962.0;960.0;418.0;407.0;418.0;0.0;407.0;0.0;50.67;0.0;50.0;24.664;1.0;1.0;0.51;1.0;0.68;0.0;0.0;0.0;0.0;0.0
101;2017_09_01_15:14:26;SVC;poly;3000;0.001;1000;951.0;971.0;429.0;396.0;0.0;396.0;0.0;429.0;48.0;0.0;50.0;25.644000000000002;0.0;0.0;0.0;0.0;0.0;1.0;1.0;0.48;1.0;0.65
102;2017_09_01_15:13:54;SVC;poly;3000;0.001;1000;973.0;949.0;407.0;418.0;407.0;0.0;418.0;0.0;49.33;0.0;50.0;28.688;1.0;1.0;0.49;1.0;0.66;0.0;0.0;0.0;0.0;0.0
103;2017_09_01_15:13:22;SVC;poly;3000;0.001;1000;965.0;957.0;415.0;410.0;415.0;0.0;410.0;0.0;50.3;0.0;50.0;26.541999999999998;1.0;1.0;0.5;1.0;0.67;0.0;0.0;0.0;0.0;0.0
104;2017_09_01_15:12:52;SVC;poly;3000;0.001;1000;967.0;955.0;413.0;412.0;413.0;0.0;412.0;0.0;50.06;0.0;50.0;24.375;1.0;1.0;0.5;1.0;0.67;0.0;0.0;0.0;0.0;0.0
105;2017_09_01_15:12:25;SVC;poly;3000;0.001;1000;936.0;986.0;444.0;381.0;0.0;381.0;0.0;444.0;46.18;0.0;50.0;24.089000000000002;0.0;0.0;0.0;0.0;0.0;1.0;1.0;0.46;1.0;0.63
106;2017_09_01_15:11:58;SVC;poly;3000;0.001;1000;983.0;939.0;397.0;428.0;397.0;0.0;428.0;0.0;48.12;0.0;50.0;24.147;1.0;1.0;0.48;1.0;0.65;0.0;0.0;0.0;0.0;0.0
107;2017_09_01_15:11:30;SVC;poly;3000;0.001;1000;975.0;947.0;405.0;420.0;405.0;0.0;420.0;0.0;49.09;0.0;50.0;24.351999999999997;1.0;1.0;0.49;1.0;0.66;0.0;0.0;0.0;0.0;0.0
108;2017_09_01_15:11:03;SVC;poly;3000;0.001;1000;970.0;952.0;410.0;415.0;410.0;0.0;415.0;0.0;49.7;0.0;50.0;24.574;1.0;1.0;0.5;1.0;0.67;0.0;0.0;0.0;0.0;0.0
109;2017_09_01_15:10:35;SVC;poly;3000;0.001;1000;980.0;942.0;400.0;425.0;400.0;0.0;425.0;0.0;48.48;0.0;50.0;25.058000000000003;1.0;1.0;0.48;1.0;0.65;0.0;0.0;0.0;0.0;0.0
110;2017_09_01_15:10:07;SVC;poly;3000;0.1;1000;967.0;955.0;413.0;412.0;175.0;399.0;13.0;238.0;69.58;39.19;69.61;23.404;0.42;0.03;0.93;0.42;0.58;0.97;0.58;0.63;0.97;0.76
111;2017_09_01_15:09:40;SVC;poly;3000;0.1;1000;953.0;969.0;427.0;398.0;181.0;385.0;13.0;246.0;68.61;38.36;69.56;24.070999999999998;0.42;0.03;0.93;0.42;0.58;0.97;0.58;0.61;0.97;0.75
112;2017_09_01_15:09:12;SVC;poly;3000;0.1;1000;967.0;955.0;413.0;412.0;183.0;394.0;18.0;230.0;69.94;39.92;69.97;23.95300000000001;0.44;0.04;0.91;0.44;0.59;0.96;0.56;0.63;0.96;0.76
113;2017_09_01_15:08:45;SVC;poly;3000;0.1;1000;965.0;957.0;415.0;410.0;185.0;395.0;15.0;230.0;70.3;40.79;70.46;25.057;0.45;0.04;0.93;0.45;0.61;0.96;0.55;0.63;0.96;0.76
114;2017_09_01_15:08:16;SVC;poly;3000;0.1;1000;979.0;943.0;401.0;424.0;167.0;405.0;19.0;234.0;69.33;37.71;68.58;24.981;0.42;0.04;0.9;0.42;0.57;0.96;0.58;0.63;0.96;0.76
115;2017_09_01_15:07:47;SVC;poly;3000;0.1;1000;952.0;970.0;428.0;397.0;171.0;392.0;5.0;257.0;68.24;37.82;69.35;24.976;0.4;0.01;0.97;0.4;0.57;0.99;0.6;0.6;0.99;0.75
116;2017_09_01_15:07:19;SVC;poly;3000;0.1;1000;953.0;969.0;427.0;398.0;169.0;388.0;10.0;258.0;67.52;36.3;68.53;27.296;0.4;0.03;0.94;0.4;0.56;0.97;0.6;0.6;0.97;0.74
117;2017_09_01_15:06:48;SVC;poly;3000;0.1;1000;966.0;956.0;414.0;411.0;175.0;390.0;21.0;239.0;68.48;37.09;68.58;23.158;0.42;0.05;0.89;0.42;0.57;0.95;0.58;0.62;0.95;0.75
118;2017_09_01_15:06:20;SVC;poly;3000;0.1;1000;958.0;964.0;422.0;403.0;184.0;391.0;12.0;238.0;69.7;40.12;70.31;23.197;0.44;0.03;0.94;0.44;0.6;0.97;0.56;0.62;0.97;0.76
119;2017_09_01_15:05:54;SVC;poly;3000;0.1;1000;964.0;958.0;416.0;409.0;172.0;395.0;14.0;244.0;68.73;37.74;68.96;23.753;0.41;0.03;0.92;0.41;0.57;0.97;0.59;0.62;0.97;0.76
120;2017_09_01_15:05:27;SVC;poly;3000;1e-05;100;982.0;940.0;398.0;427.0;398.0;0.0;427.0;0.0;48.24;0.0;50.0;25.019;1.0;1.0;0.48;1.0;0.65;0.0;0.0;0.0;0.0;0.0
121;2017_09_01_15:04:59;SVC;poly;3000;1e-05;100;949.0;973.0;431.0;394.0;0.0;394.0;0.0;431.0;47.76;0.0;50.0;27.539;0.0;0.0;0.0;0.0;0.0;1.0;1.0;0.48;1.0;0.65
122;2017_09_01_15:04:28;SVC;poly;3000;1e-05;100;952.0;970.0;428.0;397.0;0.0;397.0;0.0;428.0;48.12;0.0;50.0;26.949;0.0;0.0;0.0;0.0;0.0;1.0;1.0;0.48;1.0;0.65
123;2017_09_01_15:03:56;SVC;poly;3000;1e-05;100;961.0;961.0;419.0;406.0;10.0;405.0;1.0;409.0;50.3;2.11;51.07;27.978;0.02;0.0;0.91;0.02;0.04;1.0;0.98;0.5;1.0;0.67
124;2017_09_01_15:03:25;SVC;poly;3000;1e-05;100;974.0;948.0;406.0;419.0;406.0;0.0;419.0;0.0;49.21;0.0;50.0;24.575;1.0;1.0;0.49;1.0;0.66;0.0;0.0;0.0;0.0;0.0
125;2017_09_01_15:02:57;SVC;poly;3000;1e-05;100;964.0;958.0;416.0;409.0;416.0;0.0;409.0;0.0;50.42;0.0;50.0;24.314;1.0;1.0;0.5;1.0;0.67;0.0;0.0;0.0;0.0;0.0
126;2017_09_01_15:02:29;SVC;poly;3000;1e-05;100;993.0;929.0;387.0;438.0;387.0;0.0;438.0;0.0;46.91;0.0;50.0;28.759;1.0;1.0;0.47;1.0;0.64;0.0;0.0;0.0;0.0;0.0
127;2017_09_01_15:01:55;SVC;poly;3000;1e-05;100;957.0;965.0;423.0;402.0;0.0;402.0;0.0;423.0;48.73;0.0;50.0;29.249000000000002;0.0;0.0;0.0;0.0;0.0;1.0;1.0;0.49;1.0;0.66
128;2017_09_01_15:01:22;SVC;poly;3000;1e-05;100;965.0;957.0;415.0;410.0;415.0;0.0;410.0;0.0;50.3;0.0;50.0;28.036;1.0;1.0;0.5;1.0;0.67;0.0;0.0;0.0;0.0;0.0
129;2017_09_01_15:00:50;SVC;poly;3000;1e-05;100;972.0;950.0;408.0;417.0;408.0;0.0;417.0;0.0;49.45;0.0;50.0;28.221;1.0;1.0;0.49;1.0;0.66;0.0;0.0;0.0;0.0;0.0
130;2017_09_01_15:00:18;SVC;poly;3000;0.0001;100;965.0;957.0;415.0;410.0;415.0;0.0;410.0;0.0;50.3;0.0;50.0;28.122;1.0;1.0;0.5;1.0;0.67;0.0;0.0;0.0;0.0;0.0
131;2017_09_01_14:59:46;SVC;poly;3000;0.0001;100;953.0;969.0;427.0;398.0;0.0;398.0;0.0;427.0;48.24;0.0;50.0;34.246;0.0;0.0;0.0;0.0;0.0;1.0;1.0;0.48;1.0;0.65
132;2017_09_01_14:59:08;SVC;poly;3000;0.0001;100;951.0;971.0;429.0;396.0;0.0;396.0;0.0;429.0;48.0;0.0;50.0;27.732;0.0;0.0;0.0;0.0;0.0;1.0;1.0;0.48;1.0;0.65
133;2017_09_01_14:58:37;SVC;poly;3000;0.0001;100;960.0;962.0;420.0;405.0;0.0;405.0;0.0;420.0;49.09;0.0;50.0;30.359;0.0;0.0;0.0;0.0;0.0;1.0;1.0;0.49;1.0;0.66
134;2017_09_01_14:58:03;SVC;poly;3000;0.0001;100;933.0;989.0;447.0;378.0;0.0;378.0;0.0;447.0;45.82;0.0;50.0;27.574;0.0;0.0;0.0;0.0;0.0;1.0;1.0;0.46;1.0;0.63
135;2017_09_01_14:57:32;SVC;poly;3000;0.0001;100;964.0;958.0;416.0;409.0;416.0;0.0;409.0;0.0;50.42;0.0;50.0;28.249000000000002;1.0;1.0;0.5;1.0;0.67;0.0;0.0;0.0;0.0;0.0
136;2017_09_01_14:57:00;SVC;poly;3000;0.0001;100;965.0;957.0;415.0;410.0;415.0;0.0;410.0;0.0;50.3;0.0;50.0;28.178;1.0;1.0;0.5;1.0;0.67;0.0;0.0;0.0;0.0;0.0
137;2017_09_01_14:56:28;SVC;poly;3000;0.0001;100;969.0;953.0;411.0;414.0;411.0;0.0;414.0;0.0;49.82;0.0;50.0;27.899;1.0;1.0;0.5;1.0;0.67;0.0;0.0;0.0;0.0;0.0
138;2017_09_01_14:55:56;SVC;poly;3000;0.0001;100;974.0;948.0;406.0;419.0;406.0;0.0;419.0;0.0;49.21;0.0;50.0;29.207;1.0;1.0;0.49;1.0;0.66;0.0;0.0;0.0;0.0;0.0
139;2017_09_01_14:55:24;SVC;poly;3000;0.0001;100;962.0;960.0;418.0;407.0;418.0;0.0;407.0;0.0;50.67;0.0;50.0;28.136999999999997;1.0;1.0;0.51;1.0;0.68;0.0;0.0;0.0;0.0;0.0
140;2017_09_01_14:54:52;SVC;poly;3000;0.001;100;966.0;956.0;414.0;411.0;414.0;0.0;411.0;0.0;50.18;0.0;50.0;28.264;1.0;1.0;0.5;1.0;0.67;0.0;0.0;0.0;0.0;0.0
141;2017_09_01_14:54:20;SVC;poly;3000;0.001;100;976.0;946.0;404.0;421.0;404.0;0.0;421.0;0.0;48.97;0.0;50.0;27.769000000000002;1.0;1.0;0.49;1.0;0.66;0.0;0.0;0.0;0.0;0.0
142;2017_09_01_14:53:48;SVC;poly;3000;0.001;100;977.0;945.0;403.0;422.0;403.0;0.0;422.0;0.0;48.85;0.0;50.0;27.77;1.0;1.0;0.49;1.0;0.66;0.0;0.0;0.0;0.0;0.0
143;2017_09_01_14:53:17;SVC;poly;3000;0.001;100;965.0;957.0;415.0;410.0;415.0;0.0;410.0;0.0;50.3;0.0;50.0;27.798000000000002;1.0;1.0;0.5;1.0;0.67;0.0;0.0;0.0;0.0;0.0
144;2017_09_01_14:52:46;SVC;poly;3000;0.001;100;982.0;940.0;398.0;427.0;398.0;0.0;427.0;0.0;48.24;0.0;50.0;27.352;1.0;1.0;0.48;1.0;0.65;0.0;0.0;0.0;0.0;0.0
145;2017_09_01_14:52:15;SVC;poly;3000;0.001;100;944.0;978.0;436.0;389.0;0.0;389.0;0.0;436.0;47.15;0.0;50.0;27.729;0.0;0.0;0.0;0.0;0.0;1.0;1.0;0.47;1.0;0.64
146;2017_09_01_14:51:43;SVC;poly;3000;0.001;100;953.0;969.0;427.0;398.0;0.0;398.0;0.0;427.0;48.24;0.0;50.0;28.058000000000003;0.0;0.0;0.0;0.0;0.0;1.0;1.0;0.48;1.0;0.65
147;2017_09_01_14:51:12;SVC;poly;3000;0.001;100;960.0;962.0;420.0;405.0;0.0;405.0;0.0;420.0;49.09;0.0;50.0;28.213;0.0;0.0;0.0;0.0;0.0;1.0;1.0;0.49;1.0;0.66
148;2017_09_01_14:50:40;SVC;poly;3000;0.001;100;975.0;947.0;405.0;420.0;405.0;0.0;420.0;0.0;49.09;0.0;50.0;30.904;1.0;1.0;0.49;1.0;0.66;0.0;0.0;0.0;0.0;0.0
149;2017_09_01_14:50:05;SVC;poly;3000;0.001;100;977.0;945.0;403.0;422.0;403.0;0.0;422.0;0.0;48.85;0.0;50.0;27.67;1.0;1.0;0.49;1.0;0.66;0.0;0.0;0.0;0.0;0.0
150;2017_09_01_14:49:34;SVC;poly;3000;0.1;100;969.0;953.0;411.0;414.0;214.0;399.0;15.0;197.0;74.3;48.52;74.22;27.271;0.52;0.04;0.93;0.52;0.67;0.96;0.48;0.67;0.96;0.79
151;2017_09_01_14:49:01;SVC;poly;3000;0.1;100;958.0;964.0;422.0;403.0;212.0;389.0;14.0;210.0;72.85;46.26;73.38;35.073;0.5;0.03;0.94;0.5;0.65;0.97;0.5;0.65;0.97;0.78
152;2017_09_01_14:48:23;SVC;poly;3000;0.1;100;979.0;943.0;401.0;424.0;217.0;409.0;15.0;184.0;75.88;51.16;75.29;28.17;0.54;0.04;0.94;0.54;0.69;0.96;0.46;0.69;0.96;0.8
153;2017_09_01_14:47:51;SVC;poly;3000;0.1;100;980.0;942.0;400.0;425.0;193.0;419.0;6.0;207.0;74.18;47.54;73.42;27.092;0.48;0.01;0.97;0.48;0.64;0.99;0.52;0.67;0.99;0.8
154;2017_09_01_14:47:20;SVC;poly;3000;0.1;100;980.0;942.0;400.0;425.0;192.0;415.0;10.0;208.0;73.58;46.32;72.82;27.072;0.48;0.02;0.95;0.48;0.64;0.98;0.52;0.67;0.98;0.8
155;2017_09_01_14:46:49;SVC;poly;3000;0.1;100;976.0;946.0;404.0;421.0;168.0;405.0;16.0;236.0;69.45;38.2;68.89;26.732;0.42;0.04;0.91;0.42;0.57;0.96;0.58;0.63;0.96;0.76
156;2017_09_01_14:46:19;SVC;poly;3000;0.1;100;974.0;948.0;406.0;419.0;189.0;404.0;15.0;217.0;71.88;43.31;71.49;26.991;0.47;0.04;0.93;0.47;0.62;0.96;0.53;0.65;0.96;0.78
157;2017_09_01_14:45:49;SVC;poly;3000;0.1;100;964.0;958.0;416.0;409.0;184.0;396.0;13.0;232.0;70.3;40.87;70.53;33.419000000000004;0.44;0.03;0.93;0.44;0.6;0.97;0.56;0.63;0.97;0.76
158;2017_09_01_14:45:12;SVC;poly;3000;0.1;100;981.0;941.0;399.0;426.0;207.0;414.0;12.0;192.0;75.27;49.77;74.53;26.949;0.52;0.03;0.95;0.52;0.67;0.97;0.48;0.68;0.97;0.8
159;2017_09_01_14:44:41;SVC;poly;3000;0.1;100;955.0;967.0;425.0;400.0;200.0;388.0;12.0;225.0;71.27;43.38;72.03;26.921999999999997;0.47;0.03;0.94;0.47;0.63;0.97;0.53;0.63;0.97;0.76
160;2017_09_01_14:44:10;SVC;poly;3000;1e-05;10;975.0;947.0;405.0;420.0;405.0;0.0;420.0;0.0;49.09;0.0;50.0;27.56;1.0;1.0;0.49;1.0;0.66;0.0;0.0;0.0;0.0;0.0
161;2017_09_01_14:43:39;SVC;poly;3000;1e-05;10;988.0;934.0;392.0;433.0;392.0;0.0;433.0;0.0;47.52;0.0;50.0;27.4;1.0;1.0;0.48;1.0;0.65;0.0;0.0;0.0;0.0;0.0
162;2017_09_01_14:43:08;SVC;poly;3000;1e-05;10;965.0;957.0;415.0;410.0;415.0;0.0;410.0;0.0;50.3;0.0;50.0;27.889;1.0;1.0;0.5;1.0;0.67;0.0;0.0;0.0;0.0;0.0
163;2017_09_01_14:42:37;SVC;poly;3000;1e-05;10;959.0;963.0;421.0;404.0;0.0;404.0;0.0;421.0;48.97;0.0;50.0;27.829;0.0;0.0;0.0;0.0;0.0;1.0;1.0;0.49;1.0;0.66
164;2017_09_01_14:42:06;SVC;poly;3000;1e-05;10;958.0;964.0;422.0;403.0;0.0;403.0;0.0;422.0;48.85;0.0;50.0;27.622;0.0;0.0;0.0;0.0;0.0;1.0;1.0;0.49;1.0;0.66
165;2017_09_01_14:41:34;SVC;poly;3000;1e-05;10;977.0;945.0;403.0;422.0;403.0;0.0;422.0;0.0;48.85;0.0;50.0;27.35;1.0;1.0;0.49;1.0;0.66;0.0;0.0;0.0;0.0;0.0
166;2017_09_01_14:41:04;SVC;poly;3000;1e-05;10;952.0;970.0;428.0;397.0;0.0;397.0;0.0;428.0;48.12;0.0;50.0;27.636;0.0;0.0;0.0;0.0;0.0;1.0;1.0;0.48;1.0;0.65
167;2017_09_01_14:40:32;SVC;poly;3000;1e-05;10;963.0;959.0;417.0;408.0;417.0;0.0;408.0;0.0;50.55;0.0;50.0;27.697;1.0;1.0;0.51;1.0;0.68;0.0;0.0;0.0;0.0;0.0
168;2017_09_01_14:40:01;SVC;poly;3000;1e-05;10;979.0;943.0;401.0;424.0;401.0;0.0;424.0;0.0;48.61;0.0;50.0;27.597;1.0;1.0;0.49;1.0;0.66;0.0;0.0;0.0;0.0;0.0
169;2017_09_01_14:39:30;SVC;poly;3000;1e-05;10;971.0;951.0;409.0;416.0;409.0;0.0;416.0;0.0;49.58;0.0;50.0;27.215;1.0;1.0;0.5;1.0;0.67;0.0;0.0;0.0;0.0;0.0
170;2017_09_01_14:38:59;SVC;poly;3000;0.0001;10;953.0;969.0;427.0;398.0;0.0;398.0;0.0;427.0;48.24;0.0;50.0;27.96;0.0;0.0;0.0;0.0;0.0;1.0;1.0;0.48;1.0;0.65
171;2017_09_01_14:38:28;SVC;poly;3000;0.0001;10;969.0;953.0;411.0;414.0;411.0;0.0;414.0;0.0;49.82;0.0;50.0;28.05;1.0;1.0;0.5;1.0;0.67;0.0;0.0;0.0;0.0;0.0
172;2017_09_01_14:37:56;SVC;poly;3000;0.0001;10;938.0;984.0;442.0;383.0;0.0;383.0;0.0;442.0;46.42;0.0;50.0;27.571;0.0;0.0;0.0;0.0;0.0;1.0;1.0;0.46;1.0;0.63
173;2017_09_01_14:37:25;SVC;poly;3000;0.0001;10;963.0;959.0;417.0;408.0;417.0;0.0;408.0;0.0;50.55;0.0;50.0;27.459;1.0;1.0;0.51;1.0;0.68;0.0;0.0;0.0;0.0;0.0
174;2017_09_01_14:36:54;SVC;poly;3000;0.0001;10;944.0;978.0;436.0;389.0;0.0;389.0;0.0;436.0;47.15;0.0;50.0;27.365;0.0;0.0;0.0;0.0;0.0;1.0;1.0;0.47;1.0;0.64
175;2017_09_01_14:36:23;SVC;poly;3000;0.0001;10;957.0;965.0;423.0;402.0;0.0;402.0;0.0;423.0;48.73;0.0;50.0;27.686999999999998;0.0;0.0;0.0;0.0;0.0;1.0;1.0;0.49;1.0;0.66
176;2017_09_01_14:35:52;SVC;poly;3000;0.0001;10;946.0;976.0;434.0;391.0;0.0;391.0;0.0;434.0;47.39;0.0;50.0;27.747;0.0;0.0;0.0;0.0;0.0;1.0;1.0;0.47;1.0;0.64
177;2017_09_01_14:35:21;SVC;poly;3000;0.0001;10;981.0;941.0;399.0;426.0;399.0;0.0;426.0;0.0;48.36;0.0;50.0;35.621;1.0;1.0;0.48;1.0;0.65;0.0;0.0;0.0;0.0;0.0
178;2017_09_01_14:34:39;SVC;poly;3000;0.0001;10;968.0;954.0;412.0;413.0;412.0;0.0;413.0;0.0;49.94;0.0;50.0;27.794;1.0;1.0;0.5;1.0;0.67;0.0;0.0;0.0;0.0;0.0
179;2017_09_01_14:34:08;SVC;poly;3000;0.0001;10;982.0;940.0;398.0;427.0;398.0;0.0;427.0;0.0;48.24;0.0;50.0;27.145;1.0;1.0;0.48;1.0;0.65;0.0;0.0;0.0;0.0;0.0
180;2017_09_01_14:33:37;SVC;poly;3000;0.001;10;983.0;939.0;397.0;428.0;397.0;0.0;428.0;0.0;48.12;0.0;50.0;27.385;1.0;1.0;0.48;1.0;0.65;0.0;0.0;0.0;0.0;0.0
181;2017_09_01_14:33:06;SVC;poly;3000;0.001;10;958.0;964.0;422.0;403.0;0.0;403.0;0.0;422.0;48.85;0.0;50.0;27.595;0.0;0.0;0.0;0.0;0.0;1.0;1.0;0.49;1.0;0.66
182;2017_09_01_14:32:35;SVC;poly;3000;0.001;10;977.0;945.0;403.0;422.0;403.0;0.0;422.0;0.0;48.85;0.0;50.0;27.21;1.0;1.0;0.49;1.0;0.66;0.0;0.0;0.0;0.0;0.0
183;2017_09_01_14:32:05;SVC;poly;3000;0.001;10;981.0;941.0;399.0;426.0;399.0;0.0;426.0;0.0;48.36;0.0;50.0;27.410999999999998;1.0;1.0;0.48;1.0;0.65;0.0;0.0;0.0;0.0;0.0
184;2017_09_01_14:31:34;SVC;poly;3000;0.001;10;988.0;934.0;392.0;433.0;392.0;0.0;433.0;0.0;47.52;0.0;50.0;32.736999999999995;1.0;1.0;0.48;1.0;0.65;0.0;0.0;0.0;0.0;0.0
185;2017_09_01_14:30:58;SVC;poly;3000;0.001;10;954.0;968.0;426.0;399.0;0.0;399.0;0.0;426.0;48.36;0.0;50.0;27.443;0.0;0.0;0.0;0.0;0.0;1.0;1.0;0.48;1.0;0.65
186;2017_09_01_14:30:27;SVC;poly;3000;0.001;10;958.0;964.0;422.0;403.0;0.0;403.0;0.0;422.0;48.85;0.0;50.0;27.466;0.0;0.0;0.0;0.0;0.0;1.0;1.0;0.49;1.0;0.66
187;2017_09_01_14:29:56;SVC;poly;3000;0.001;10;971.0;951.0;409.0;416.0;409.0;0.0;416.0;0.0;49.58;0.0;50.0;27.728;1.0;1.0;0.5;1.0;0.67;0.0;0.0;0.0;0.0;0.0
188;2017_09_01_14:29:25;SVC;poly;3000;0.001;10;959.0;963.0;421.0;404.0;0.0;404.0;0.0;421.0;48.97;0.0;50.0;27.456;0.0;0.0;0.0;0.0;0.0;1.0;1.0;0.49;1.0;0.66
189;2017_09_01_14:28:54;SVC;poly;3000;0.001;10;962.0;960.0;418.0;407.0;418.0;0.0;407.0;0.0;50.67;0.0;50.0;27.553;1.0;1.0;0.51;1.0;0.68;0.0;0.0;0.0;0.0;0.0
190;2017_09_01_14:28:23;SVC;poly;3000;0.1;10;968.0;954.0;412.0;413.0;217.0;408.0;5.0;195.0;75.76;51.49;75.73;28.969;0.53;0.01;0.98;0.53;0.69;0.99;0.47;0.68;0.99;0.81
191;2017_09_01_14:27:50;SVC;poly;3000;0.1;10;971.0;951.0;409.0;416.0;264.0;392.0;24.0;145.0;79.52;58.93;79.39;27.154;0.65;0.06;0.92;0.65;0.76;0.94;0.35;0.73;0.94;0.82
192;2017_09_01_14:27:19;SVC;poly;3000;0.1;10;991.0;931.0;389.0;436.0;231.0;413.0;23.0;158.0;78.06;55.14;77.05;27.243;0.59;0.05;0.91;0.59;0.72;0.95;0.41;0.72;0.95;0.82
193;2017_09_01_14:26:48;SVC;poly;3000;0.1;10;951.0;971.0;429.0;396.0;226.0;386.0;10.0;203.0;74.18;49.23;75.08;27.307;0.53;0.03;0.96;0.53;0.68;0.97;0.47;0.66;0.97;0.79
194;2017_09_01_14:26:18;SVC;poly;3000;0.1;10;944.0;978.0;436.0;389.0;207.0;381.0;8.0;229.0;71.27;44.07;72.71;27.388;0.47;0.02;0.96;0.47;0.63;0.98;0.53;0.62;0.98;0.76
195;2017_09_01_14:25:47;SVC;poly;3000;0.1;10;972.0;950.0;408.0;417.0;262.0;391.0;26.0;146.0;79.15;58.17;78.99;27.478;0.64;0.06;0.91;0.64;0.75;0.94;0.36;0.73;0.94;0.82
196;2017_09_01_14:25:16;SVC;poly;3000;0.1;10;959.0;963.0;421.0;404.0;221.0;393.0;11.0;200.0;74.42;49.31;74.89;27.256;0.52;0.03;0.95;0.52;0.67;0.97;0.48;0.66;0.97;0.79
197;2017_09_01_14:24:45;SVC;poly;3000;0.1;10;981.0;941.0;399.0;426.0;289.0;408.0;18.0;110.0;84.48;68.71;84.1;27.429000000000002;0.72;0.04;0.94;0.72;0.82;0.96;0.28;0.79;0.96;0.87
198;2017_09_01_14:24:14;SVC;poly;3000;0.1;10;963.0;959.0;417.0;408.0;254.0;389.0;19.0;163.0;77.94;56.04;78.13;27.616;0.61;0.05;0.93;0.61;0.74;0.95;0.39;0.7;0.95;0.81
199;2017_09_01_14:23:43;SVC;poly;3000;0.1;10;955.0;967.0;425.0;400.0;245.0;386.0;14.0;180.0;76.48;53.49;77.07;27.165;0.58;0.04;0.95;0.58;0.72;0.96;0.42;0.68;0.96;0.8
200;2017_09_01_14:23:13;SVC;poly;3000;1e-05;1;960.0;962.0;420.0;405.0;0.0;405.0;0.0;420.0;49.09;0.0;50.0;29.557;0.0;0.0;0.0;0.0;0.0;1.0;1.0;0.49;1.0;0.66
201;2017_09_01_14:22:39;SVC;poly;3000;1e-05;1;982.0;940.0;398.0;427.0;398.0;0.0;427.0;0.0;48.24;0.0;50.0;29.636;1.0;1.0;0.48;1.0;0.65;0.0;0.0;0.0;0.0;0.0
202;2017_09_01_14:22:06;SVC;poly;3000;1e-05;1;964.0;958.0;416.0;409.0;416.0;0.0;409.0;0.0;50.42;0.0;50.0;27.581;1.0;1.0;0.5;1.0;0.67;0.0;0.0;0.0;0.0;0.0
203;2017_09_01_14:21:35;SVC;poly;3000;1e-05;1;952.0;970.0;428.0;397.0;0.0;397.0;0.0;428.0;48.12;0.0;50.0;27.331999999999997;0.0;0.0;0.0;0.0;0.0;1.0;1.0;0.48;1.0;0.65
204;2017_09_01_14:21:04;SVC;poly;3000;1e-05;1;950.0;972.0;430.0;395.0;0.0;395.0;0.0;430.0;47.88;0.0;50.0;36.945;0.0;0.0;0.0;0.0;0.0;1.0;1.0;0.48;1.0;0.65
205;2017_09_01_14:20:23;SVC;poly;3000;1e-05;1;977.0;945.0;403.0;422.0;403.0;0.0;422.0;0.0;48.85;0.0;50.0;27.038;1.0;1.0;0.49;1.0;0.66;0.0;0.0;0.0;0.0;0.0
206;2017_09_01_14:19:53;SVC;poly;3000;1e-05;1;969.0;953.0;411.0;414.0;411.0;0.0;414.0;0.0;49.82;0.0;50.0;27.377;1.0;1.0;0.5;1.0;0.67;0.0;0.0;0.0;0.0;0.0
207;2017_09_01_14:19:22;SVC;poly;3000;1e-05;1;948.0;974.0;432.0;393.0;0.0;393.0;0.0;432.0;47.64;0.0;50.0;27.13300000000001;0.0;0.0;0.0;0.0;0.0;1.0;1.0;0.48;1.0;0.65
208;2017_09_01_14:18:52;SVC;poly;3000;1e-05;1;966.0;956.0;414.0;411.0;414.0;0.0;411.0;0.0;50.18;0.0;50.0;27.271;1.0;1.0;0.5;1.0;0.67;0.0;0.0;0.0;0.0;0.0
209;2017_09_01_14:18:21;SVC;poly;3000;1e-05;1;970.0;952.0;410.0;415.0;410.0;0.0;415.0;0.0;49.7;0.0;50.0;27.991999999999997;1.0;1.0;0.5;1.0;0.67;0.0;0.0;0.0;0.0;0.0
210;2017_09_01_14:17:49;SVC;poly;3000;0.0001;1;976.0;946.0;404.0;421.0;404.0;0.0;421.0;0.0;48.97;0.0;50.0;30.479;1.0;1.0;0.49;1.0;0.66;0.0;0.0;0.0;0.0;0.0
211;2017_09_01_14:17:13;SVC;poly;3000;0.0001;1;945.0;977.0;435.0;390.0;0.0;390.0;0.0;435.0;47.27;0.0;50.0;27.345;0.0;0.0;0.0;0.0;0.0;1.0;1.0;0.47;1.0;0.64
212;2017_09_01_14:16:42;SVC;poly;3000;0.0001;1;977.0;945.0;403.0;422.0;403.0;0.0;422.0;0.0;48.85;0.0;50.0;27.839;1.0;1.0;0.49;1.0;0.66;0.0;0.0;0.0;0.0;0.0
213;2017_09_01_14:16:10;SVC;poly;3000;0.0001;1;964.0;958.0;416.0;409.0;416.0;0.0;409.0;0.0;50.42;0.0;50.0;27.645;1.0;1.0;0.5;1.0;0.67;0.0;0.0;0.0;0.0;0.0
214;2017_09_01_14:15:39;SVC;poly;3000;0.0001;1;955.0;967.0;425.0;400.0;0.0;400.0;0.0;425.0;48.48;0.0;50.0;25.681;0.0;0.0;0.0;0.0;0.0;1.0;1.0;0.48;1.0;0.65
215;2017_09_01_14:15:11;SVC;poly;3000;0.0001;1;980.0;942.0;400.0;425.0;400.0;0.0;425.0;0.0;48.48;0.0;50.0;23.684;1.0;1.0;0.48;1.0;0.65;0.0;0.0;0.0;0.0;0.0
216;2017_09_01_14:14:44;SVC;poly;3000;0.0001;1;973.0;949.0;407.0;418.0;407.0;0.0;418.0;0.0;49.33;0.0;50.0;23.825;1.0;1.0;0.49;1.0;0.66;0.0;0.0;0.0;0.0;0.0
217;2017_09_01_14:14:17;SVC;poly;3000;0.0001;1;955.0;967.0;425.0;400.0;0.0;400.0;0.0;425.0;48.48;0.0;50.0;23.862;0.0;0.0;0.0;0.0;0.0;1.0;1.0;0.48;1.0;0.65
218;2017_09_01_14:13:50;SVC;poly;3000;0.0001;1;967.0;955.0;413.0;412.0;413.0;0.0;412.0;0.0;50.06;0.0;50.0;26.866;1.0;1.0;0.5;1.0;0.67;0.0;0.0;0.0;0.0;0.0
219;2017_09_01_14:13:20;SVC;poly;3000;0.0001;1;947.0;975.0;433.0;392.0;0.0;392.0;0.0;433.0;47.52;0.0;50.0;29.185;0.0;0.0;0.0;0.0;0.0;1.0;1.0;0.48;1.0;0.65
220;2017_09_01_14:12:47;SVC;poly;3000;0.001;1;987.0;935.0;393.0;432.0;393.0;0.0;432.0;0.0;47.64;0.0;50.0;27.689;1.0;1.0;0.48;1.0;0.65;0.0;0.0;0.0;0.0;0.0
221;2017_09_01_14:12:16;SVC;poly;3000;0.001;1;971.0;951.0;409.0;416.0;409.0;0.0;416.0;0.0;49.58;0.0;50.0;28.301;1.0;1.0;0.5;1.0;0.67;0.0;0.0;0.0;0.0;0.0
222;2017_09_01_14:11:44;SVC;poly;3000;0.001;1;949.0;973.0;431.0;394.0;0.0;394.0;0.0;431.0;47.76;0.0;50.0;27.914;0.0;0.0;0.0;0.0;0.0;1.0;1.0;0.48;1.0;0.65
223;2017_09_01_14:11:13;SVC;poly;3000;0.001;1;975.0;947.0;405.0;420.0;405.0;0.0;420.0;0.0;49.09;0.0;50.0;27.909000000000002;1.0;1.0;0.49;1.0;0.66;0.0;0.0;0.0;0.0;0.0
224;2017_09_01_14:10:41;SVC;poly;3000;0.001;1;956.0;966.0;424.0;401.0;0.0;401.0;0.0;424.0;48.61;0.0;50.0;27.756;0.0;0.0;0.0;0.0;0.0;1.0;1.0;0.49;1.0;0.66
225;2017_09_01_14:10:10;SVC;poly;3000;0.001;1;962.0;960.0;418.0;407.0;418.0;0.0;407.0;0.0;50.67;0.0;50.0;28.123;1.0;1.0;0.51;1.0;0.68;0.0;0.0;0.0;0.0;0.0
226;2017_09_01_14:09:38;SVC;poly;3000;0.001;1;969.0;953.0;411.0;414.0;411.0;0.0;414.0;0.0;49.82;0.0;50.0;27.856;1.0;1.0;0.5;1.0;0.67;0.0;0.0;0.0;0.0;0.0
227;2017_09_01_14:09:07;SVC;poly;3000;0.001;1;959.0;963.0;421.0;404.0;0.0;404.0;0.0;421.0;48.97;0.0;50.0;28.108;0.0;0.0;0.0;0.0;0.0;1.0;1.0;0.49;1.0;0.66
228;2017_09_01_14:08:35;SVC;poly;3000;0.001;1;980.0;942.0;400.0;425.0;400.0;0.0;425.0;0.0;48.48;0.0;50.0;27.686;1.0;1.0;0.48;1.0;0.65;0.0;0.0;0.0;0.0;0.0
229;2017_09_01_14:08:04;SVC;poly;3000;0.001;1;952.0;970.0;428.0;397.0;0.0;397.0;0.0;428.0;48.12;0.0;50.0;27.803;0.0;0.0;0.0;0.0;0.0;1.0;1.0;0.48;1.0;0.65
230;2017_09_01_14:07:32;SVC;poly;3000;0.1;1;978.0;944.0;402.0;423.0;398.0;155.0;268.0;4.0;67.03;35.08;67.82;31.332;0.99;0.63;0.6;0.99;0.75;0.37;0.01;0.97;0.37;0.54
231;2017_09_01_14:06:56;SVC;poly;3000;0.1;1;960.0;962.0;420.0;405.0;104.0;402.0;3.0;316.0;61.33;23.69;62.01;37.7;0.25;0.01;0.97;0.25;0.4;0.99;0.75;0.56;0.99;0.72
232;2017_09_01_14:06:15;SVC;poly;3000;0.1;1;912.0;1010.0;468.0;357.0;29.0;357.0;0.0;439.0;46.79;5.41;53.1;28.088;0.06;0.0;1.0;0.06;0.11;1.0;0.94;0.45;1.0;0.62
233;2017_09_01_14:05:43;SVC;poly;3000;0.1;1;987.0;935.0;393.0;432.0;393.0;58.0;374.0;0.0;54.67;12.87;56.71;31.206;1.0;0.87;0.51;1.0;0.68;0.13;0.0;1.0;0.13;0.23
234;2017_09_01_14:05:09;SVC;poly;3000;0.1;1;969.0;953.0;411.0;414.0;176.0;405.0;9.0;235.0;70.42;40.73;70.32;28.15;0.43;0.02;0.95;0.43;0.59;0.98;0.57;0.63;0.98;0.77
235;2017_09_01_14:04:37;SVC;poly;3000;0.1;1;974.0;948.0;406.0;419.0;382.0;289.0;130.0;24.0;81.33;62.81;81.53;34.893;0.94;0.31;0.75;0.94;0.83;0.69;0.06;0.92;0.69;0.79
236;2017_09_01_14:03:58;SVC;poly;3000;0.1;1;960.0;962.0;420.0;405.0;77.0;401.0;4.0;343.0;57.94;17.09;58.67;29.764;0.18;0.01;0.95;0.18;0.3;0.99;0.82;0.54;0.99;0.7
237;2017_09_01_14:03:25;SVC;poly;3000;0.1;1;988.0;934.0;392.0;433.0;392.0;45.0;388.0;0.0;52.97;9.93;55.2;36.845;1.0;0.9;0.5;1.0;0.67;0.1;0.0;1.0;0.1;0.18
238;2017_09_01_14:02:45;SVC;poly;3000;0.1;1;953.0;969.0;427.0;398.0;58.0;393.0;5.0;369.0;54.67;11.96;56.16;32.009;0.14;0.01;0.92;0.14;0.24;0.99;0.86;0.52;0.99;0.68
239;2017_09_01_14:02:10;SVC;poly;3000;0.1;1;949.0;973.0;431.0;394.0;47.0;389.0;5.0;384.0;52.85;9.25;54.82;29.615;0.11;0.01;0.9;0.11;0.2;0.99;0.89;0.5;0.99;0.66
