;Accuracy;False_News;False_Spam;Kappa;Kernel;Name;News_F1;News_FPR;News_Prec;News_Recall;News_TPR;Spam_F1;Spam_FPR;Spam_Prec;Spam_Recall;Spam_TPR;Test_News;Test_Spam;Train_News;Train_Spam;True_News;True_Spam;time_stamp
0;85.59;42.0;78.0;71.22;;LogisticRegression;0.85;0.1;0.89;0.82;0.82;0.86;0.18;0.83;0.9;0.9;423.0;410.0;968.0;975.0;345.0;368.0;2017_08_11_17:00:43
1;87.39;67.0;38.0;74.76;;NaiveBayes;0.88;0.16;0.85;0.91;0.91;0.87;0.09;0.9;0.84;0.84;423.0;410.0;968.0;975.0;385.0;343.0;2017_08_11_17:00:43
2;86.55;70.0;42.0;73.07;;MultinomialNB;0.87;0.17;0.84;0.9;0.9;0.86;0.1;0.89;0.83;0.83;423.0;410.0;968.0;975.0;381.0;340.0;2017_08_11_17:00:43
3;86.91;67.0;42.0;73.8;;BernoulliNB;0.87;0.16;0.85;0.9;0.9;0.86;0.1;0.89;0.84;0.84;423.0;410.0;968.0;975.0;381.0;343.0;2017_08_11_17:00:43
4;83.55;57.0;80.0;67.13;;LinearSVC;0.83;0.14;0.86;0.81;0.81;0.84;0.19;0.82;0.86;0.86;423.0;410.0;968.0;975.0;343.0;353.0;2017_08_11_17:00:43
5;82.83;63.0;80.0;65.68;linear;SVC;0.82;0.15;0.84;0.81;0.81;0.83;0.19;0.81;0.85;0.85;423.0;410.0;968.0;975.0;343.0;347.0;2017_08_11_17:00:43
6;49.22;0.0;423.0;0.0;poly;SVC;0.0;0.0;0.0;0.0;0.0;0.66;1.0;0.49;1.0;1.0;423.0;410.0;968.0;975.0;0.0;410.0;2017_08_11_17:00:43
7;85.35;41.0;81.0;70.75;rbf;SVC;0.85;0.1;0.89;0.81;0.81;0.86;0.19;0.82;0.9;0.9;423.0;410.0;968.0;975.0;342.0;369.0;2017_08_11_17:00:43
8;78.99;79.0;96.0;58.0;sigmoid;SVC;0.79;0.19;0.81;0.77;0.77;0.79;0.23;0.78;0.81;0.81;423.0;410.0;968.0;975.0;327.0;331.0;2017_08_11_17:00:43
9;82.83;78.0;65.0;65.64;;SGD;0.83;0.19;0.82;0.85;0.85;0.82;0.15;0.84;0.81;0.81;423.0;410.0;968.0;975.0;358.0;332.0;2017_08_11_17:00:43
10;85.35;49.0;73.0;70.73;;MLP;0.85;0.12;0.88;0.83;0.83;0.85;0.17;0.83;0.88;0.88;423.0;410.0;968.0;975.0;350.0;361.0;2017_08_11_17:00:43
11;84.03;41.0;92.0;68.12;;RandomForest;0.83;0.1;0.89;0.78;0.78;0.85;0.22;0.8;0.9;0.9;423.0;410.0;968.0;975.0;331.0;369.0;2017_08_11_17:00:43
12;75.39;29.0;176.0;51.04;;AdaBoost;0.7;0.07;0.89;0.58;0.58;0.79;0.42;0.68;0.93;0.93;423.0;410.0;968.0;975.0;247.0;381.0;2017_08_11_17:00:43
13;86.55;50.0;62.0;73.11;;Vote;0.86;0.12;0.88;0.85;0.85;0.86;0.15;0.85;0.88;0.88;423.0;410.0;968.0;975.0;361.0;360.0;2017_08_11_17:00:43
14;85.59;44.0;76.0;71.22;;LogisticRegression;0.85;0.11;0.89;0.82;0.82;0.86;0.18;0.83;0.89;0.89;424.0;409.0;967.0;976.0;348.0;365.0;2017_08_11_16:11:49
15;87.03;64.0;44.0;74.04;;NaiveBayes;0.88;0.16;0.86;0.9;0.9;0.86;0.1;0.89;0.84;0.84;424.0;409.0;967.0;976.0;380.0;345.0;2017_08_11_16:11:49
16;87.15;65.0;42.0;74.28;;MultinomialNB;0.87;0.16;0.85;0.9;0.9;0.86;0.1;0.89;0.84;0.84;424.0;409.0;967.0;976.0;382.0;344.0;2017_08_11_16:11:49
17;87.15;61.0;46.0;74.28;;BernoulliNB;0.87;0.15;0.86;0.89;0.89;0.86;0.11;0.88;0.85;0.85;424.0;409.0;967.0;976.0;378.0;348.0;2017_08_11_16:11:49
18;83.55;58.0;79.0;67.13;;LinearSVC;0.83;0.14;0.86;0.81;0.81;0.84;0.19;0.82;0.86;0.86;424.0;409.0;967.0;976.0;345.0;351.0;2017_08_11_16:11:49
19;83.43;59.0;79.0;66.88;linear;SVC;0.83;0.14;0.85;0.81;0.81;0.84;0.19;0.82;0.86;0.86;424.0;409.0;967.0;976.0;345.0;350.0;2017_08_11_16:11:49
20;49.1;0.0;424.0;0.0;poly;SVC;0.0;0.0;0.0;0.0;0.0;0.66;1.0;0.49;1.0;1.0;424.0;409.0;967.0;976.0;0.0;409.0;2017_08_11_16:11:49
21;84.75;40.0;87.0;69.56;rbf;SVC;0.84;0.1;0.89;0.79;0.79;0.85;0.21;0.81;0.9;0.9;424.0;409.0;967.0;976.0;337.0;369.0;2017_08_11_16:11:49
22;78.27;83.0;98.0;56.56;sigmoid;SVC;0.78;0.2;0.8;0.77;0.77;0.78;0.23;0.77;0.8;0.8;424.0;409.0;967.0;976.0;326.0;326.0;2017_08_11_16:11:49
23;81.87;79.0;72.0;63.72;;SGD;0.82;0.19;0.82;0.83;0.83;0.81;0.17;0.82;0.81;0.81;424.0;409.0;967.0;976.0;352.0;330.0;2017_08_11_16:11:49
24;84.99;52.0;73.0;70.01;;MLP;0.85;0.13;0.87;0.83;0.83;0.85;0.17;0.83;0.87;0.87;424.0;409.0;967.0;976.0;351.0;357.0;2017_08_11_16:11:49
25;80.67;42.0;119.0;61.46;;RandomForest;0.79;0.1;0.88;0.72;0.72;0.82;0.28;0.76;0.9;0.9;424.0;409.0;967.0;976.0;305.0;367.0;2017_08_11_16:11:49
26;74.31;39.0;175.0;48.9;;AdaBoost;0.7;0.1;0.86;0.59;0.59;0.77;0.41;0.68;0.9;0.9;424.0;409.0;967.0;976.0;249.0;370.0;2017_08_11_16:11:49
27;86.91;44.0;65.0;73.84;;Vote;0.87;0.11;0.89;0.85;0.85;0.87;0.15;0.85;0.89;0.89;424.0;409.0;967.0;976.0;359.0;365.0;2017_08_11_16:11:49
28;83.07;62.0;79.0;66.16;;LogisticRegression;0.83;0.15;0.85;0.81;0.81;0.83;0.19;0.82;0.85;0.85;421.0;412.0;970.0;973.0;342.0;350.0;2017_08_11_15:55:28
29;85.23;74.0;49.0;70.45;;NaiveBayes;0.85;0.18;0.83;0.88;0.88;0.84;0.12;0.87;0.82;0.82;421.0;412.0;970.0;973.0;372.0;338.0;2017_08_11_15:55:28
30;84.99;77.0;48.0;69.96;;MultinomialNB;0.86;0.19;0.83;0.89;0.89;0.84;0.11;0.87;0.81;0.81;421.0;412.0;970.0;973.0;373.0;335.0;2017_08_11_15:55:28
31;84.87;76.0;50.0;69.72;;BernoulliNB;0.85;0.18;0.83;0.88;0.88;0.84;0.12;0.87;0.82;0.82;421.0;412.0;970.0;973.0;371.0;336.0;2017_08_11_15:55:28
32;82.23;73.0;75.0;64.46;;LinearSVC;0.82;0.18;0.83;0.82;0.82;0.82;0.18;0.82;0.82;0.82;421.0;412.0;970.0;973.0;346.0;339.0;2017_08_11_15:55:28
33;82.11;75.0;74.0;64.22;linear;SVC;0.82;0.18;0.82;0.82;0.82;0.82;0.18;0.82;0.82;0.82;421.0;412.0;970.0;973.0;347.0;337.0;2017_08_11_15:55:28
34;49.46;0.0;421.0;0.0;poly;SVC;0.0;0.0;0.0;0.0;0.0;0.66;1.0;0.49;1.0;1.0;421.0;412.0;970.0;973.0;0.0;412.0;2017_08_11_15:55:28
35;83.55;51.0;86.0;67.13;rbf;SVC;0.83;0.12;0.87;0.8;0.8;0.84;0.2;0.81;0.88;0.88;421.0;412.0;970.0;973.0;335.0;361.0;2017_08_11_15:55:28
36;77.31;94.0;95.0;54.62;sigmoid;SVC;0.77;0.23;0.78;0.77;0.77;0.77;0.23;0.77;0.77;0.77;421.0;412.0;970.0;973.0;326.0;318.0;2017_08_11_15:55:28
37;80.55;62.0;100.0;61.14;;SGD;0.8;0.15;0.84;0.76;0.76;0.81;0.24;0.78;0.85;0.85;421.0;412.0;970.0;973.0;321.0;350.0;2017_08_11_15:55:28
38;83.31;63.0;76.0;66.63;;MLP;0.83;0.15;0.85;0.82;0.82;0.83;0.18;0.82;0.85;0.85;421.0;412.0;970.0;973.0;345.0;349.0;2017_08_11_15:55:28
39;81.51;51.0;103.0;63.07;;RandomForest;0.81;0.12;0.86;0.76;0.76;0.83;0.24;0.78;0.88;0.88;421.0;412.0;970.0;973.0;318.0;361.0;2017_08_11_15:55:28
40;72.51;50.0;179.0;45.2;;AdaBoost;0.68;0.12;0.83;0.57;0.57;0.76;0.43;0.67;0.88;0.88;421.0;412.0;970.0;973.0;242.0;362.0;2017_08_11_15:55:28
41;83.19;66.0;74.0;66.39;;Vote;0.83;0.16;0.84;0.82;0.82;0.83;0.18;0.82;0.84;0.84;421.0;412.0;970.0;973.0;347.0;346.0;2017_08_11_15:55:28
42;85.35;58.0;64.0;70.71;;LogisticRegression;0.85;0.14;0.86;0.85;0.85;0.85;0.15;0.85;0.86;0.86;423.0;410.0;968.0;975.0;359.0;352.0;2017_08_11_15:38:41
43;86.19;72.0;43.0;72.35;;NaiveBayes;0.87;0.18;0.84;0.9;0.9;0.85;0.1;0.89;0.82;0.82;423.0;410.0;968.0;975.0;380.0;338.0;2017_08_11_15:38:41
44;85.71;77.0;42.0;71.38;;MultinomialNB;0.86;0.19;0.83;0.9;0.9;0.85;0.1;0.89;0.81;0.81;423.0;410.0;968.0;975.0;381.0;333.0;2017_08_11_15:38:41
45;86.07;72.0;44.0;72.11;;BernoulliNB;0.87;0.18;0.84;0.9;0.9;0.85;0.1;0.88;0.82;0.82;423.0;410.0;968.0;975.0;379.0;338.0;2017_08_11_15:38:41
46;83.79;68.0;67.0;67.58;;LinearSVC;0.84;0.17;0.84;0.84;0.84;0.83;0.16;0.84;0.83;0.83;423.0;410.0;968.0;975.0;356.0;342.0;2017_08_11_15:38:41
47;82.35;75.0;72.0;64.69;linear;SVC;0.82;0.18;0.82;0.83;0.83;0.82;0.17;0.82;0.82;0.82;423.0;410.0;968.0;975.0;351.0;335.0;2017_08_11_15:38:41
48;49.22;0.0;423.0;0.0;poly;SVC;0.0;0.0;0.0;0.0;0.0;0.66;1.0;0.49;1.0;1.0;423.0;410.0;968.0;975.0;0.0;410.0;2017_08_11_15:38:41
49;83.31;53.0;86.0;66.66;rbf;SVC;0.83;0.13;0.86;0.8;0.8;0.84;0.2;0.81;0.87;0.87;423.0;410.0;968.0;975.0;337.0;357.0;2017_08_11_15:38:41
50;79.83;93.0;75.0;59.63;sigmoid;SVC;0.8;0.23;0.79;0.82;0.82;0.79;0.18;0.81;0.77;0.77;423.0;410.0;968.0;975.0;348.0;317.0;2017_08_11_15:38:41
51;81.51;93.0;61.0;62.97;;SGD;0.83;0.23;0.8;0.86;0.86;0.8;0.14;0.84;0.77;0.77;423.0;410.0;968.0;975.0;362.0;317.0;2017_08_11_15:38:41
52;84.63;60.0;68.0;69.27;;MLP;0.85;0.15;0.86;0.84;0.84;0.84;0.16;0.84;0.85;0.85;423.0;410.0;968.0;975.0;355.0;350.0;2017_08_11_15:38:41
53;81.15;62.0;95.0;62.34;;RandomForest;0.81;0.15;0.84;0.78;0.78;0.82;0.22;0.79;0.85;0.85;423.0;410.0;968.0;975.0;328.0;348.0;2017_08_11_15:38:41
54;74.67;32.0;179.0;49.61;;AdaBoost;0.7;0.08;0.88;0.58;0.58;0.78;0.42;0.68;0.92;0.92;423.0;410.0;968.0;975.0;244.0;378.0;2017_08_11_15:38:41
55;86.31;58.0;56.0;72.62;;Vote;0.86;0.14;0.86;0.87;0.87;0.86;0.13;0.86;0.86;0.86;423.0;410.0;968.0;975.0;367.0;352.0;2017_08_11_15:38:41
56;84.15;46.0;86.0;68.38;;LogisticRegression;0.84;0.12;0.88;0.8;0.8;0.84;0.2;0.8;0.88;0.88;437.0;396.0;954.0;989.0;351.0;350.0;2017_08_11_15:22:27
57;87.39;58.0;47.0;74.7;;NaiveBayes;0.88;0.15;0.87;0.89;0.89;0.86;0.11;0.88;0.85;0.85;437.0;396.0;954.0;989.0;390.0;338.0;2017_08_11_15:22:27
58;86.67;63.0;48.0;73.24;;MultinomialNB;0.87;0.16;0.86;0.89;0.89;0.85;0.11;0.87;0.84;0.84;437.0;396.0;954.0;989.0;389.0;333.0;2017_08_11_15:22:27
59;87.03;58.0;50.0;73.98;;BernoulliNB;0.88;0.15;0.87;0.89;0.89;0.86;0.11;0.87;0.85;0.85;437.0;396.0;954.0;989.0;387.0;338.0;2017_08_11_15:22:27
60;82.83;51.0;92.0;65.75;;LinearSVC;0.83;0.13;0.87;0.79;0.79;0.83;0.21;0.79;0.87;0.87;437.0;396.0;954.0;989.0;345.0;345.0;2017_08_11_15:22:27
61;82.35;54.0;93.0;64.78;linear;SVC;0.82;0.14;0.86;0.79;0.79;0.82;0.21;0.79;0.86;0.86;437.0;396.0;954.0;989.0;344.0;342.0;2017_08_11_15:22:27
62;47.54;0.0;437.0;0.0;poly;SVC;0.0;0.0;0.0;0.0;0.0;0.65;1.0;0.48;1.0;1.0;437.0;396.0;954.0;989.0;0.0;396.0;2017_08_11_15:22:27
63;83.79;41.0;94.0;67.71;rbf;SVC;0.83;0.1;0.89;0.78;0.78;0.84;0.22;0.79;0.9;0.9;437.0;396.0;954.0;989.0;343.0;355.0;2017_08_11_15:22:27
64;78.63;84.0;94.0;57.21;sigmoid;SVC;0.79;0.21;0.8;0.78;0.78;0.78;0.22;0.77;0.79;0.79;437.0;396.0;954.0;989.0;343.0;312.0;2017_08_11_15:22:27
65;81.27;46.0;110.0;62.74;;SGD;0.81;0.12;0.88;0.75;0.75;0.82;0.25;0.76;0.88;0.88;437.0;396.0;954.0;989.0;327.0;350.0;2017_08_11_15:22:27
66;84.15;47.0;85.0;68.37;;MLP;0.84;0.12;0.88;0.81;0.81;0.84;0.19;0.8;0.88;0.88;437.0;396.0;954.0;989.0;352.0;349.0;2017_08_11_15:22:27
67;81.99;41.0;109.0;64.19;;RandomForest;0.81;0.1;0.89;0.75;0.75;0.83;0.25;0.77;0.9;0.9;437.0;396.0;954.0;989.0;328.0;355.0;2017_08_11_15:22:27
68;77.31;39.0;150.0;55.1;;AdaBoost;0.75;0.1;0.88;0.66;0.66;0.79;0.34;0.7;0.9;0.9;437.0;396.0;954.0;989.0;287.0;357.0;2017_08_11_15:22:27
69;85.23;45.0;78.0;70.51;;Vote;0.85;0.11;0.89;0.82;0.82;0.85;0.18;0.82;0.89;0.89;437.0;396.0;954.0;989.0;359.0;351.0;2017_08_11_15:22:27
70;85.23;57.0;66.0;70.47;;LogisticRegression;0.85;0.14;0.86;0.84;0.84;0.85;0.16;0.84;0.86;0.86;425.0;408.0;966.0;977.0;359.0;351.0;2017_08_11_15:09:53
71;87.15;71.0;36.0;74.25;;NaiveBayes;0.88;0.17;0.85;0.92;0.92;0.86;0.08;0.9;0.83;0.83;425.0;408.0;966.0;977.0;389.0;337.0;2017_08_11_15:09:53
72;86.19;77.0;38.0;72.32;;MultinomialNB;0.87;0.19;0.83;0.91;0.91;0.85;0.09;0.9;0.81;0.81;425.0;408.0;966.0;977.0;387.0;331.0;2017_08_11_15:09:53
73;85.83;77.0;41.0;71.61;;BernoulliNB;0.86;0.19;0.83;0.9;0.9;0.85;0.1;0.89;0.81;0.81;425.0;408.0;966.0;977.0;384.0;331.0;2017_08_11_15:09:53
74;83.67;70.0;66.0;67.33;;LinearSVC;0.84;0.17;0.84;0.84;0.84;0.83;0.16;0.84;0.83;0.83;425.0;408.0;966.0;977.0;359.0;338.0;2017_08_11_15:09:53
75;83.19;71.0;69.0;66.37;linear;SVC;0.83;0.17;0.83;0.84;0.84;0.83;0.16;0.83;0.83;0.83;425.0;408.0;966.0;977.0;356.0;337.0;2017_08_11_15:09:53
76;48.98;0.0;425.0;0.0;poly;SVC;0.0;0.0;0.0;0.0;0.0;0.66;1.0;0.49;1.0;1.0;425.0;408.0;966.0;977.0;0.0;408.0;2017_08_11_15:09:53
77;84.87;48.0;78.0;69.78;rbf;SVC;0.85;0.12;0.88;0.82;0.82;0.85;0.18;0.82;0.88;0.88;425.0;408.0;966.0;977.0;347.0;360.0;2017_08_11_15:09:53
78;78.99;93.0;82.0;57.94;sigmoid;SVC;0.8;0.23;0.79;0.81;0.81;0.78;0.19;0.79;0.77;0.77;425.0;408.0;966.0;977.0;343.0;315.0;2017_08_11_15:09:53
79;83.31;56.0;83.0;66.66;;SGD;0.83;0.14;0.86;0.8;0.8;0.83;0.2;0.81;0.86;0.86;425.0;408.0;966.0;977.0;342.0;352.0;2017_08_11_15:09:53
80;84.99;59.0;66.0;69.99;;MLP;0.85;0.14;0.86;0.84;0.84;0.85;0.16;0.84;0.86;0.86;425.0;408.0;966.0;977.0;359.0;349.0;2017_08_11_15:09:53
81;83.31;54.0;85.0;66.66;;RandomForest;0.83;0.13;0.86;0.8;0.8;0.84;0.2;0.81;0.87;0.87;425.0;408.0;966.0;977.0;340.0;354.0;2017_08_11_15:09:53
82;74.31;41.0;173.0;48.93;;AdaBoost;0.7;0.1;0.86;0.59;0.59;0.77;0.41;0.68;0.9;0.9;425.0;408.0;966.0;977.0;252.0;367.0;2017_08_11_15:09:53
83;85.23;57.0;66.0;70.47;;Vote;0.85;0.14;0.86;0.84;0.84;0.85;0.16;0.84;0.86;0.86;425.0;408.0;966.0;977.0;359.0;351.0;2017_08_11_15:09:53
84;85.83;45.0;73.0;71.68;;LogisticRegression;0.85;0.11;0.88;0.83;0.83;0.86;0.17;0.83;0.89;0.89;419.0;414.0;972.0;971.0;346.0;369.0;2017_08_11_14:53:20
85;87.52;61.0;43.0;75.02;;NaiveBayes;0.88;0.15;0.86;0.9;0.9;0.87;0.1;0.89;0.85;0.85;419.0;414.0;972.0;971.0;376.0;353.0;2017_08_11_14:53:20
86;86.19;71.0;44.0;72.38;;MultinomialNB;0.86;0.17;0.84;0.89;0.89;0.86;0.11;0.89;0.83;0.83;419.0;414.0;972.0;971.0;375.0;343.0;2017_08_11_14:53:20
87;86.67;67.0;44.0;73.34;;BernoulliNB;0.87;0.16;0.85;0.89;0.89;0.86;0.11;0.89;0.84;0.84;419.0;414.0;972.0;971.0;375.0;347.0;2017_08_11_14:53:20
88;83.91;56.0;78.0;67.84;;LinearSVC;0.83;0.14;0.86;0.81;0.81;0.84;0.19;0.82;0.86;0.86;419.0;414.0;972.0;971.0;341.0;358.0;2017_08_11_14:53:20
89;83.79;60.0;75.0;67.59;linear;SVC;0.83;0.14;0.85;0.82;0.82;0.84;0.18;0.83;0.86;0.86;419.0;414.0;972.0;971.0;344.0;354.0;2017_08_11_14:53:20
90;50.3;414.0;0.0;0.0;poly;SVC;0.67;1.0;0.5;1.0;1.0;0.0;0.0;0.0;0.0;0.0;419.0;414.0;972.0;971.0;419.0;0.0;2017_08_11_14:53:20
91;85.23;37.0;86.0;70.49;rbf;SVC;0.84;0.09;0.9;0.79;0.79;0.86;0.21;0.81;0.91;0.91;419.0;414.0;972.0;971.0;333.0;377.0;2017_08_11_14:53:20
92;75.39;82.0;123.0;50.81;sigmoid;SVC;0.74;0.2;0.78;0.71;0.71;0.76;0.29;0.73;0.8;0.8;419.0;414.0;972.0;971.0;296.0;332.0;2017_08_11_14:53:20
93;82.83;69.0;74.0;65.67;;SGD;0.82;0.17;0.83;0.82;0.82;0.82;0.18;0.82;0.83;0.83;419.0;414.0;972.0;971.0;345.0;345.0;2017_08_11_14:53:20
94;85.59;47.0;73.0;71.2;;MLP;0.85;0.11;0.88;0.83;0.83;0.86;0.17;0.83;0.89;0.89;419.0;414.0;972.0;971.0;346.0;367.0;2017_08_11_14:53:20
95;84.51;43.0;86.0;69.05;;RandomForest;0.84;0.1;0.89;0.79;0.79;0.85;0.21;0.81;0.9;0.9;419.0;414.0;972.0;971.0;333.0;371.0;2017_08_11_14:53:20
96;72.63;23.0;205.0;45.4;;AdaBoost;0.65;0.06;0.9;0.51;0.51;0.78;0.49;0.66;0.94;0.94;419.0;414.0;972.0;971.0;214.0;391.0;2017_08_11_14:53:20
97;87.15;44.0;63.0;74.32;;Vote;0.87;0.11;0.89;0.85;0.85;0.87;0.15;0.85;0.89;0.89;419.0;414.0;972.0;971.0;356.0;370.0;2017_08_11_14:53:20
98;85.35;65.0;57.0;70.71;;LogisticRegression;0.85;0.15;0.84;0.86;0.86;0.85;0.14;0.86;0.85;0.85;409.0;424.0;982.0;961.0;352.0;359.0;2017_08_11_14:38:17
99;86.43;82.0;31.0;72.92;;NaiveBayes;0.87;0.19;0.82;0.92;0.92;0.86;0.08;0.92;0.81;0.81;409.0;424.0;982.0;961.0;378.0;342.0;2017_08_11_14:38:17
100;85.35;91.0;31.0;70.77;;MultinomialNB;0.86;0.21;0.81;0.92;0.92;0.85;0.08;0.91;0.79;0.79;409.0;424.0;982.0;961.0;378.0;333.0;2017_08_11_14:38:17
101;84.99;94.0;31.0;70.06;;BernoulliNB;0.86;0.22;0.8;0.92;0.92;0.84;0.08;0.91;0.78;0.78;409.0;424.0;982.0;961.0;378.0;330.0;2017_08_11_14:38:17
102;83.55;65.0;72.0;67.09;;LinearSVC;0.83;0.15;0.84;0.82;0.82;0.84;0.18;0.83;0.85;0.85;409.0;424.0;982.0;961.0;337.0;359.0;2017_08_11_14:38:17
103;83.91;61.0;73.0;67.8;linear;SVC;0.83;0.14;0.85;0.82;0.82;0.84;0.18;0.83;0.86;0.86;409.0;424.0;982.0;961.0;336.0;363.0;2017_08_11_14:38:17
104;49.1;424.0;0.0;0.0;poly;SVC;0.66;1.0;0.49;1.0;1.0;0.0;0.0;0.0;0.0;0.0;409.0;424.0;982.0;961.0;409.0;0.0;2017_08_11_14:38:17
105;86.79;46.0;64.0;73.56;rbf;SVC;0.86;0.11;0.88;0.84;0.84;0.87;0.16;0.86;0.89;0.89;409.0;424.0;982.0;961.0;345.0;378.0;2017_08_11_14:38:17
106;78.63;94.0;84.0;57.27;sigmoid;SVC;0.78;0.22;0.78;0.79;0.79;0.79;0.21;0.8;0.78;0.78;409.0;424.0;982.0;961.0;325.0;330.0;2017_08_11_14:38:17
107;81.03;98.0;60.0;62.11;;SGD;0.81;0.23;0.78;0.85;0.85;0.8;0.15;0.84;0.77;0.77;409.0;424.0;982.0;961.0;349.0;326.0;2017_08_11_14:38:17
108;85.71;62.0;57.0;71.43;;MLP;0.85;0.15;0.85;0.86;0.86;0.85;0.14;0.86;0.85;0.85;409.0;424.0;982.0;961.0;352.0;362.0;2017_08_11_14:38:17
109;85.71;44.0;75.0;71.38;;RandomForest;0.85;0.1;0.88;0.82;0.82;0.87;0.18;0.84;0.9;0.9;409.0;424.0;982.0;961.0;334.0;380.0;2017_08_11_14:38:17
110;77.79;34.0;151.0;55.34;;AdaBoost;0.73;0.08;0.88;0.63;0.63;0.81;0.37;0.72;0.92;0.92;409.0;424.0;982.0;961.0;258.0;390.0;2017_08_11_14:38:17
111;85.59;66.0;54.0;71.19;;Vote;0.85;0.16;0.84;0.87;0.87;0.85;0.13;0.87;0.84;0.84;409.0;424.0;982.0;961.0;355.0;358.0;2017_08_11_14:38:17
112;83.43;62.0;76.0;66.86;;LogisticRegression;0.83;0.15;0.84;0.82;0.82;0.83;0.18;0.82;0.85;0.85;414.0;419.0;977.0;966.0;338.0;357.0;2017_08_11_14:23:14
113;85.95;74.0;43.0;71.92;;NaiveBayes;0.86;0.18;0.83;0.9;0.9;0.85;0.1;0.89;0.82;0.82;414.0;419.0;977.0;966.0;371.0;345.0;2017_08_11_14:23:14
114;85.23;78.0;45.0;70.48;;MultinomialNB;0.86;0.19;0.83;0.89;0.89;0.84;0.11;0.88;0.81;0.81;414.0;419.0;977.0;966.0;369.0;341.0;2017_08_11_14:23:14
115;85.59;75.0;45.0;71.2;;BernoulliNB;0.86;0.18;0.83;0.89;0.89;0.85;0.11;0.88;0.82;0.82;414.0;419.0;977.0;966.0;369.0;344.0;2017_08_11_14:23:14
116;83.79;66.0;69.0;67.58;;LinearSVC;0.83;0.16;0.84;0.83;0.83;0.84;0.17;0.84;0.84;0.84;414.0;419.0;977.0;966.0;345.0;353.0;2017_08_11_14:23:14
117;84.15;68.0;64.0;68.31;linear;SVC;0.84;0.16;0.84;0.85;0.85;0.84;0.15;0.85;0.84;0.84;414.0;419.0;977.0;966.0;350.0;351.0;2017_08_11_14:23:14
118;49.7;419.0;0.0;0.0;poly;SVC;0.67;1.0;0.5;1.0;1.0;0.0;0.0;0.0;0.0;0.0;414.0;419.0;977.0;966.0;414.0;0.0;2017_08_11_14:23:14
119;83.79;51.0;84.0;67.57;rbf;SVC;0.83;0.12;0.87;0.8;0.8;0.84;0.2;0.81;0.88;0.88;414.0;419.0;977.0;966.0;330.0;368.0;2017_08_11_14:23:14
120;77.07;102.0;89.0;54.15;sigmoid;SVC;0.77;0.24;0.76;0.79;0.79;0.77;0.21;0.78;0.76;0.76;414.0;419.0;977.0;966.0;325.0;317.0;2017_08_11_14:23:14
121;83.55;50.0;87.0;67.09;;SGD;0.83;0.12;0.87;0.79;0.79;0.84;0.21;0.81;0.88;0.88;414.0;419.0;977.0;966.0;327.0;369.0;2017_08_11_14:23:14
122;83.91;64.0;70.0;67.82;;MLP;0.83;0.15;0.84;0.83;0.83;0.84;0.17;0.84;0.85;0.85;414.0;419.0;977.0;966.0;344.0;355.0;2017_08_11_14:23:14
123;81.51;58.0;96.0;63.0;;RandomForest;0.81;0.14;0.85;0.77;0.77;0.82;0.23;0.79;0.86;0.86;414.0;419.0;977.0;966.0;318.0;361.0;2017_08_11_14:23:14
124;75.39;39.0;166.0;50.69;;AdaBoost;0.71;0.09;0.86;0.6;0.6;0.79;0.4;0.7;0.91;0.91;414.0;419.0;977.0;966.0;248.0;380.0;2017_08_11_14:23:14
125;84.03;62.0;71.0;68.06;;Vote;0.84;0.15;0.85;0.83;0.83;0.84;0.17;0.83;0.85;0.85;414.0;419.0;977.0;966.0;343.0;357.0;2017_08_11_14:23:14
126;85.35;57.0;65.0;70.69;;LogisticRegression;0.85;0.13;0.86;0.84;0.84;0.86;0.16;0.85;0.87;0.87;409.0;424.0;982.0;961.0;344.0;367.0;2017_08_11_14:09:56
127;86.55;79.0;33.0;73.15;;NaiveBayes;0.87;0.19;0.83;0.92;0.92;0.86;0.08;0.91;0.81;0.81;409.0;424.0;982.0;961.0;376.0;345.0;2017_08_11_14:09:56
128;86.07;82.0;34.0;72.2;;MultinomialNB;0.87;0.19;0.82;0.92;0.92;0.86;0.08;0.91;0.81;0.81;409.0;424.0;982.0;961.0;375.0;342.0;2017_08_11_14:09:56
129;85.95;85.0;32.0;71.96;;BernoulliNB;0.87;0.2;0.82;0.92;0.92;0.85;0.08;0.91;0.8;0.8;409.0;424.0;982.0;961.0;377.0;339.0;2017_08_11_14:09:56
130;84.03;65.0;68.0;68.05;;LinearSVC;0.83;0.15;0.84;0.83;0.83;0.84;0.17;0.84;0.85;0.85;409.0;424.0;982.0;961.0;341.0;359.0;2017_08_11_14:09:56
131;83.55;69.0;68.0;67.1;linear;SVC;0.83;0.16;0.83;0.83;0.83;0.84;0.17;0.84;0.84;0.84;409.0;424.0;982.0;961.0;341.0;355.0;2017_08_11_14:09:56
132;49.1;424.0;0.0;0.0;poly;SVC;0.66;1.0;0.49;1.0;1.0;0.0;0.0;0.0;0.0;0.0;409.0;424.0;982.0;961.0;409.0;0.0;2017_08_11_14:09:56
133;86.67;44.0;67.0;73.31;rbf;SVC;0.86;0.1;0.89;0.84;0.84;0.87;0.16;0.85;0.9;0.9;409.0;424.0;982.0;961.0;342.0;380.0;2017_08_11_14:09:56
134;79.71;74.0;95.0;59.37;sigmoid;SVC;0.79;0.17;0.81;0.77;0.77;0.81;0.23;0.79;0.83;0.83;409.0;424.0;982.0;961.0;314.0;350.0;2017_08_11_14:09:56
135;82.71;89.0;55.0;65.47;;SGD;0.83;0.21;0.8;0.87;0.87;0.82;0.13;0.86;0.79;0.79;409.0;424.0;982.0;961.0;354.0;335.0;2017_08_11_14:09:56
136;85.11;63.0;61.0;70.22;;MLP;0.85;0.15;0.85;0.85;0.85;0.85;0.15;0.86;0.85;0.85;409.0;424.0;982.0;961.0;348.0;361.0;2017_08_11_14:09:56
137;86.07;48.0;68.0;72.12;;RandomForest;0.85;0.11;0.88;0.83;0.83;0.87;0.17;0.85;0.89;0.89;409.0;424.0;982.0;961.0;341.0;376.0;2017_08_11_14:09:56
138;75.27;26.0;180.0;50.19;;AdaBoost;0.69;0.06;0.9;0.56;0.56;0.8;0.44;0.69;0.94;0.94;409.0;424.0;982.0;961.0;229.0;398.0;2017_08_11_14:09:56
139;85.83;62.0;56.0;71.67;;Vote;0.85;0.15;0.85;0.86;0.86;0.86;0.14;0.87;0.85;0.85;409.0;424.0;982.0;961.0;353.0;362.0;2017_08_11_14:09:56
140;85.35;50.0;72.0;70.68;;LogisticRegression;0.84;0.12;0.87;0.82;0.82;0.86;0.18;0.84;0.88;0.88;411.0;422.0;980.0;963.0;339.0;372.0;2017_08_08_12:26:16
141;85.83;66.0;52.0;71.68;;NaiveBayes;0.85;0.16;0.84;0.87;0.87;0.85;0.13;0.87;0.84;0.84;411.0;422.0;980.0;963.0;359.0;356.0;2017_08_08_12:26:16
142;84.87;75.0;51.0;69.77;;MultinomialNB;0.85;0.18;0.83;0.88;0.88;0.84;0.12;0.87;0.82;0.82;411.0;422.0;980.0;963.0;360.0;347.0;2017_08_08_12:26:16
143;84.99;75.0;50.0;70.01;;BernoulliNB;0.85;0.18;0.83;0.88;0.88;0.84;0.12;0.87;0.82;0.82;411.0;422.0;980.0;963.0;361.0;347.0;2017_08_08_12:26:16
144;82.95;64.0;78.0;65.89;;LinearSVC;0.82;0.15;0.84;0.81;0.81;0.83;0.19;0.82;0.85;0.85;411.0;422.0;980.0;963.0;333.0;358.0;2017_08_08_12:26:16
145;82.47;65.0;81.0;64.92;linear;SVC;0.82;0.15;0.84;0.8;0.8;0.83;0.2;0.82;0.85;0.85;411.0;422.0;980.0;963.0;330.0;357.0;2017_08_08_12:26:16
146;49.34;422.0;0.0;0.0;poly;SVC;0.66;1.0;0.49;1.0;1.0;0.0;0.0;0.0;0.0;0.0;411.0;422.0;980.0;963.0;411.0;0.0;2017_08_08_12:26:16
147;84.39;48.0;82.0;68.75;rbf;SVC;0.83;0.11;0.87;0.8;0.8;0.85;0.2;0.82;0.89;0.89;411.0;422.0;980.0;963.0;329.0;374.0;2017_08_08_12:26:16
148;77.43;93.0;95.0;54.85;sigmoid;SVC;0.77;0.22;0.77;0.77;0.77;0.78;0.23;0.78;0.78;0.78;411.0;422.0;980.0;963.0;316.0;329.0;2017_08_08_12:26:16
149;81.27;83.0;73.0;62.55;;SGD;0.81;0.2;0.8;0.82;0.82;0.81;0.18;0.82;0.8;0.8;411.0;422.0;980.0;963.0;338.0;339.0;2017_08_08_12:26:16
150;85.35;50.0;72.0;70.68;;MLP;0.84;0.12;0.87;0.82;0.82;0.86;0.18;0.84;0.88;0.88;411.0;422.0;980.0;963.0;339.0;372.0;2017_08_08_12:26:16
151;85.23;48.0;75.0;70.44;;RandomForest;0.85;0.11;0.88;0.82;0.82;0.86;0.18;0.83;0.89;0.89;411.0;422.0;980.0;963.0;336.0;374.0;2017_08_08_12:26:16
152;75.87;31.0;170.0;51.52;;AdaBoost;0.71;0.07;0.89;0.59;0.59;0.8;0.41;0.7;0.93;0.93;411.0;422.0;980.0;963.0;241.0;391.0;2017_08_08_12:26:16
153;85.71;48.0;71.0;71.4;;Vote;0.85;0.11;0.88;0.83;0.83;0.86;0.17;0.84;0.89;0.89;411.0;422.0;980.0;963.0;340.0;374.0;2017_08_08_12:26:16
154;85.47;55.0;66.0;70.95;;LogisticRegression;0.85;0.13;0.87;0.84;0.84;0.85;0.16;0.84;0.87;0.87;424.0;409.0;967.0;976.0;358.0;354.0;2017_08_08_12:14:05
155;85.23;76.0;47.0;70.42;;NaiveBayes;0.86;0.19;0.83;0.89;0.89;0.84;0.11;0.88;0.81;0.81;424.0;409.0;967.0;976.0;377.0;333.0;2017_08_08_12:14:05
156;85.35;76.0;46.0;70.66;;MultinomialNB;0.86;0.19;0.83;0.89;0.89;0.84;0.11;0.88;0.81;0.81;424.0;409.0;967.0;976.0;378.0;333.0;2017_08_08_12:14:05
157;85.35;74.0;48.0;70.67;;BernoulliNB;0.86;0.18;0.84;0.89;0.89;0.84;0.11;0.87;0.82;0.82;424.0;409.0;967.0;976.0;376.0;335.0;2017_08_08_12:14:05
158;83.07;66.0;75.0;66.15;;LinearSVC;0.83;0.16;0.84;0.82;0.82;0.83;0.18;0.82;0.84;0.84;424.0;409.0;967.0;976.0;349.0;343.0;2017_08_08_12:14:05
159;82.11;71.0;78.0;64.22;linear;SVC;0.82;0.17;0.83;0.82;0.82;0.82;0.18;0.81;0.83;0.83;424.0;409.0;967.0;976.0;346.0;338.0;2017_08_08_12:14:05
160;49.1;0.0;424.0;0.0;poly;SVC;0.0;0.0;0.0;0.0;0.0;0.66;1.0;0.49;1.0;1.0;424.0;409.0;967.0;976.0;0.0;409.0;2017_08_08_12:14:05
161;84.63;50.0;78.0;69.29;rbf;SVC;0.84;0.12;0.87;0.82;0.82;0.85;0.18;0.82;0.88;0.88;424.0;409.0;967.0;976.0;346.0;359.0;2017_08_08_12:14:05
162;77.91;95.0;89.0;55.8;sigmoid;SVC;0.78;0.23;0.78;0.79;0.79;0.77;0.21;0.78;0.77;0.77;424.0;409.0;967.0;976.0;335.0;314.0;2017_08_08_12:14:05
163;80.91;93.0;66.0;61.77;;SGD;0.81;0.23;0.79;0.84;0.84;0.8;0.16;0.83;0.77;0.77;424.0;409.0;967.0;976.0;358.0;316.0;2017_08_08_12:14:05
164;85.11;58.0;66.0;70.23;;MLP;0.85;0.14;0.86;0.84;0.84;0.85;0.16;0.84;0.86;0.86;424.0;409.0;967.0;976.0;358.0;351.0;2017_08_08_12:14:05
165;81.15;48.0;109.0;62.39;;RandomForest;0.8;0.12;0.87;0.74;0.74;0.82;0.26;0.77;0.88;0.88;424.0;409.0;967.0;976.0;315.0;361.0;2017_08_08_12:14:05
166;72.99;36.0;189.0;46.32;;AdaBoost;0.67;0.09;0.87;0.55;0.55;0.77;0.45;0.66;0.91;0.91;424.0;409.0;967.0;976.0;235.0;373.0;2017_08_08_12:14:05
167;84.99;58.0;67.0;69.99;;Vote;0.85;0.14;0.86;0.84;0.84;0.85;0.16;0.84;0.86;0.86;424.0;409.0;967.0;976.0;357.0;351.0;2017_08_08_12:14:05
168;84.27;53.0;78.0;68.55;;LogisticRegression;0.83;0.13;0.86;0.81;0.81;0.84;0.19;0.82;0.87;0.87;417.0;416.0;974.0;969.0;339.0;363.0;2017_08_08_12:01:03
169;87.39;62.0;43.0;74.79;;NaiveBayes;0.88;0.15;0.86;0.9;0.9;0.87;0.1;0.89;0.85;0.85;417.0;416.0;974.0;969.0;374.0;354.0;2017_08_08_12:01:03
170;86.43;72.0;41.0;72.87;;MultinomialNB;0.87;0.17;0.84;0.9;0.9;0.86;0.1;0.89;0.83;0.83;417.0;416.0;974.0;969.0;376.0;344.0;2017_08_08_12:01:03
171;86.55;70.0;42.0;73.11;;BernoulliNB;0.87;0.17;0.84;0.9;0.9;0.86;0.1;0.89;0.83;0.83;417.0;416.0;974.0;969.0;375.0;346.0;2017_08_08_12:01:03
172;81.87;64.0;87.0;63.75;;LinearSVC;0.81;0.15;0.84;0.79;0.79;0.82;0.21;0.8;0.85;0.85;417.0;416.0;974.0;969.0;330.0;352.0;2017_08_08_12:01:03
173;81.51;67.0;87.0;63.03;linear;SVC;0.81;0.16;0.83;0.79;0.79;0.82;0.21;0.8;0.84;0.84;417.0;416.0;974.0;969.0;330.0;349.0;2017_08_08_12:01:03
174;50.06;416.0;0.0;0.0;poly;SVC;0.67;1.0;0.5;1.0;1.0;0.0;0.0;0.0;0.0;0.0;417.0;416.0;974.0;969.0;417.0;0.0;2017_08_08_12:01:03
175;84.39;45.0;85.0;68.79;rbf;SVC;0.84;0.11;0.88;0.8;0.8;0.85;0.2;0.81;0.89;0.89;417.0;416.0;974.0;969.0;332.0;371.0;2017_08_08_12:01:03
176;78.03;83.0;100.0;56.06;sigmoid;SVC;0.77;0.2;0.79;0.76;0.76;0.78;0.24;0.77;0.8;0.8;417.0;416.0;974.0;969.0;317.0;333.0;2017_08_08_12:01:03
177;81.87;48.0;103.0;63.75;;SGD;0.81;0.12;0.87;0.75;0.75;0.83;0.25;0.78;0.88;0.88;417.0;416.0;974.0;969.0;314.0;368.0;2017_08_08_12:01:03
178;84.03;53.0;80.0;68.07;;MLP;0.83;0.13;0.86;0.81;0.81;0.84;0.19;0.82;0.87;0.87;417.0;416.0;974.0;969.0;337.0;363.0;2017_08_08_12:01:03
179;82.71;62.0;82.0;65.43;;RandomForest;0.82;0.15;0.84;0.8;0.8;0.83;0.2;0.81;0.85;0.85;417.0;416.0;974.0;969.0;335.0;354.0;2017_08_08_12:01:03
180;75.99;34.0;166.0;52.0;;AdaBoost;0.71;0.08;0.88;0.6;0.6;0.8;0.4;0.7;0.92;0.92;417.0;416.0;974.0;969.0;251.0;382.0;2017_08_08_12:01:03
181;84.39;52.0;78.0;68.79;;Vote;0.84;0.12;0.87;0.81;0.81;0.85;0.19;0.82;0.88;0.88;417.0;416.0;974.0;969.0;339.0;364.0;2017_08_08_12:01:03
182;84.51;57.0;72.0;69.03;;LogisticRegression;0.84;0.14;0.86;0.83;0.83;0.84;0.17;0.83;0.86;0.86;418.0;415.0;973.0;970.0;346.0;358.0;2017_08_08_11:47:57
183;86.43;75.0;38.0;72.86;;NaiveBayes;0.87;0.18;0.84;0.91;0.91;0.86;0.09;0.9;0.82;0.82;418.0;415.0;973.0;970.0;380.0;340.0;2017_08_08_11:47:57
184;86.55;74.0;38.0;73.1;;MultinomialNB;0.87;0.18;0.84;0.91;0.91;0.86;0.09;0.9;0.82;0.82;418.0;415.0;973.0;970.0;380.0;341.0;2017_08_08_11:47:57
185;86.67;73.0;38.0;73.34;;BernoulliNB;0.87;0.18;0.84;0.91;0.91;0.86;0.09;0.9;0.82;0.82;418.0;415.0;973.0;970.0;380.0;342.0;2017_08_08_11:47:57
186;82.35;70.0;77.0;64.71;;LinearSVC;0.82;0.17;0.83;0.82;0.82;0.82;0.18;0.82;0.83;0.83;418.0;415.0;973.0;970.0;341.0;345.0;2017_08_08_11:47:57
187;82.83;72.0;71.0;65.67;linear;SVC;0.83;0.17;0.83;0.83;0.83;0.83;0.17;0.83;0.83;0.83;418.0;415.0;973.0;970.0;347.0;343.0;2017_08_08_11:47:57
188;50.18;415.0;0.0;0.0;poly;SVC;0.67;1.0;0.5;1.0;1.0;0.0;0.0;0.0;0.0;0.0;418.0;415.0;973.0;970.0;418.0;0.0;2017_08_08_11:47:57
189;85.71;49.0;70.0;71.43;rbf;SVC;0.85;0.12;0.88;0.83;0.83;0.86;0.17;0.84;0.88;0.88;418.0;415.0;973.0;970.0;348.0;366.0;2017_08_08_11:47:57
190;79.95;82.0;85.0;59.9;sigmoid;SVC;0.8;0.2;0.8;0.8;0.8;0.8;0.2;0.8;0.8;0.8;418.0;415.0;973.0;970.0;333.0;333.0;2017_08_08_11:47:57
191;80.67;98.0;63.0;61.33;;SGD;0.81;0.24;0.78;0.85;0.85;0.79;0.15;0.83;0.76;0.76;418.0;415.0;973.0;970.0;355.0;317.0;2017_08_08_11:47:57
192;84.15;60.0;72.0;68.31;;MLP;0.84;0.14;0.85;0.83;0.83;0.84;0.17;0.83;0.86;0.86;418.0;415.0;973.0;970.0;346.0;355.0;2017_08_08_11:47:57
193;84.15;50.0;82.0;68.32;;RandomForest;0.83;0.12;0.87;0.8;0.8;0.85;0.2;0.82;0.88;0.88;418.0;415.0;973.0;970.0;336.0;365.0;2017_08_08_11:47:57
194;76.71;34.0;160.0;53.47;;AdaBoost;0.73;0.08;0.88;0.62;0.62;0.8;0.38;0.7;0.92;0.92;418.0;415.0;973.0;970.0;258.0;381.0;2017_08_08_11:47:57
195;85.11;59.0;65.0;70.23;;Vote;0.85;0.14;0.86;0.84;0.84;0.85;0.16;0.85;0.86;0.86;418.0;415.0;973.0;970.0;353.0;356.0;2017_08_08_11:47:57
196;83.43;57.0;81.0;66.89;;LogisticRegression;0.83;0.14;0.86;0.81;0.81;0.83;0.19;0.81;0.86;0.86;433.0;400.0;958.0;985.0;352.0;343.0;2017_08_08_11:34:56
197;86.91;70.0;39.0;73.71;;NaiveBayes;0.88;0.17;0.85;0.91;0.91;0.85;0.09;0.89;0.82;0.82;433.0;400.0;958.0;985.0;394.0;330.0;2017_08_08_11:34:56
198;86.67;74.0;37.0;73.21;;MultinomialNB;0.87;0.18;0.84;0.91;0.91;0.85;0.09;0.9;0.81;0.81;433.0;400.0;958.0;985.0;396.0;326.0;2017_08_08_11:34:56
199;87.15;68.0;39.0;74.2;;BernoulliNB;0.88;0.17;0.85;0.91;0.91;0.86;0.09;0.89;0.83;0.83;433.0;400.0;958.0;985.0;394.0;332.0;2017_08_08_11:34:56
200;81.99;56.0;94.0;64.06;;LinearSVC;0.82;0.14;0.86;0.78;0.78;0.82;0.22;0.79;0.86;0.86;433.0;400.0;958.0;985.0;339.0;344.0;2017_08_08_11:34:56
201;82.47;56.0;90.0;65.0;linear;SVC;0.82;0.14;0.86;0.79;0.79;0.82;0.21;0.79;0.86;0.86;433.0;400.0;958.0;985.0;343.0;344.0;2017_08_08_11:34:56
202;48.02;0.0;433.0;0.0;poly;SVC;0.0;0.0;0.0;0.0;0.0;0.65;1.0;0.48;1.0;1.0;433.0;400.0;958.0;985.0;0.0;400.0;2017_08_08_11:34:56
203;82.59;45.0;100.0;65.31;rbf;SVC;0.82;0.11;0.88;0.77;0.77;0.83;0.23;0.78;0.89;0.89;433.0;400.0;958.0;985.0;333.0;355.0;2017_08_08_11:34:56
204;77.43;83.0;105.0;54.89;sigmoid;SVC;0.78;0.21;0.8;0.76;0.76;0.77;0.24;0.75;0.79;0.79;433.0;400.0;958.0;985.0;328.0;317.0;2017_08_08_11:34:56
205;79.83;58.0;110.0;59.8;;SGD;0.8;0.14;0.85;0.75;0.75;0.8;0.25;0.76;0.85;0.85;433.0;400.0;958.0;985.0;323.0;342.0;2017_08_08_11:34:56
206;82.83;54.0;89.0;65.73;;MLP;0.82;0.14;0.86;0.79;0.79;0.83;0.21;0.8;0.86;0.86;433.0;400.0;958.0;985.0;344.0;346.0;2017_08_08_11:34:56
207;82.35;50.0;97.0;64.81;;RandomForest;0.82;0.12;0.87;0.78;0.78;0.83;0.22;0.78;0.88;0.88;433.0;400.0;958.0;985.0;336.0;350.0;2017_08_08_11:34:56
208;74.43;36.0;177.0;49.46;;AdaBoost;0.71;0.09;0.88;0.59;0.59;0.77;0.41;0.67;0.91;0.91;433.0;400.0;958.0;985.0;256.0;364.0;2017_08_08_11:34:56
209;84.51;53.0;76.0;69.05;;Vote;0.84;0.13;0.87;0.82;0.82;0.84;0.18;0.82;0.87;0.87;433.0;400.0;958.0;985.0;357.0;347.0;2017_08_08_11:34:56
210;84.39;53.0;77.0;68.74;;LogisticRegression;0.83;0.12;0.86;0.81;0.81;0.85;0.19;0.83;0.88;0.88;409.0;424.0;982.0;961.0;332.0;371.0;2017_08_08_11:21:02
211;85.71;65.0;54.0;71.43;;NaiveBayes;0.86;0.15;0.85;0.87;0.87;0.86;0.13;0.87;0.85;0.85;409.0;424.0;982.0;961.0;355.0;359.0;2017_08_08_11:21:02
212;85.95;69.0;48.0;71.93;;MultinomialNB;0.86;0.16;0.84;0.88;0.88;0.86;0.12;0.88;0.84;0.84;409.0;424.0;982.0;961.0;361.0;355.0;2017_08_08_11:21:02
213;85.83;69.0;49.0;71.68;;BernoulliNB;0.86;0.16;0.84;0.88;0.88;0.86;0.12;0.88;0.84;0.84;409.0;424.0;982.0;961.0;360.0;355.0;2017_08_08_11:21:02
214;81.75;69.0;83.0;63.47;;LinearSVC;0.81;0.16;0.83;0.8;0.8;0.82;0.2;0.81;0.84;0.84;409.0;424.0;982.0;961.0;326.0;355.0;2017_08_08_11:21:02
215;82.23;69.0;79.0;64.44;linear;SVC;0.82;0.16;0.83;0.81;0.81;0.83;0.19;0.82;0.84;0.84;409.0;424.0;982.0;961.0;330.0;355.0;2017_08_08_11:21:02
216;49.1;424.0;0.0;0.0;poly;SVC;0.66;1.0;0.49;1.0;1.0;0.0;0.0;0.0;0.0;0.0;409.0;424.0;982.0;961.0;409.0;0.0;2017_08_08_11:21:02
217;84.63;47.0;81.0;69.21;rbf;SVC;0.83;0.11;0.87;0.8;0.8;0.85;0.2;0.82;0.89;0.89;409.0;424.0;982.0;961.0;328.0;377.0;2017_08_08_11:21:02
218;78.39;83.0;97.0;56.74;sigmoid;SVC;0.77;0.2;0.79;0.76;0.76;0.79;0.24;0.78;0.8;0.8;409.0;424.0;982.0;961.0;312.0;341.0;2017_08_08_11:21:02
219;82.11;81.0;68.0;64.23;;SGD;0.82;0.19;0.81;0.83;0.83;0.82;0.17;0.83;0.81;0.81;409.0;424.0;982.0;961.0;341.0;343.0;2017_08_08_11:21:02
220;83.79;58.0;77.0;67.55;;MLP;0.83;0.14;0.85;0.81;0.81;0.84;0.19;0.83;0.86;0.86;409.0;424.0;982.0;961.0;332.0;366.0;2017_08_08_11:21:02
221;82.83;50.0;93.0;65.59;;RandomForest;0.81;0.12;0.86;0.77;0.77;0.84;0.23;0.8;0.88;0.88;409.0;424.0;982.0;961.0;316.0;374.0;2017_08_08_11:21:02
222;75.03;32.0;176.0;49.73;;AdaBoost;0.69;0.08;0.88;0.57;0.57;0.79;0.43;0.69;0.92;0.92;409.0;424.0;982.0;961.0;233.0;392.0;2017_08_08_11:21:02
223;85.83;52.0;66.0;71.64;;Vote;0.85;0.12;0.87;0.84;0.84;0.86;0.16;0.85;0.88;0.88;409.0;424.0;982.0;961.0;343.0;372.0;2017_08_08_11:21:02
224;83.07;62.0;79.0;66.1;;LogisticRegression;0.82;0.15;0.84;0.81;0.81;0.83;0.19;0.82;0.85;0.85;408.0;425.0;983.0;960.0;329.0;363.0;2017_08_08_11:07:29
225;84.87;81.0;45.0;69.79;;NaiveBayes;0.85;0.19;0.82;0.89;0.89;0.84;0.11;0.88;0.81;0.81;408.0;425.0;983.0;960.0;363.0;344.0;2017_08_08_11:07:29
226;84.39;86.0;44.0;68.84;;MultinomialNB;0.85;0.2;0.81;0.89;0.89;0.84;0.11;0.89;0.8;0.8;408.0;425.0;983.0;960.0;364.0;339.0;2017_08_08_11:07:29
227;84.27;86.0;45.0;68.6;;BernoulliNB;0.85;0.2;0.81;0.89;0.89;0.84;0.11;0.88;0.8;0.8;408.0;425.0;983.0;960.0;363.0;339.0;2017_08_08_11:07:29
228;82.23;68.0;80.0;64.43;;LinearSVC;0.81;0.16;0.83;0.8;0.8;0.83;0.2;0.82;0.84;0.84;408.0;425.0;983.0;960.0;328.0;357.0;2017_08_08_11:07:29
229;82.35;66.0;81.0;64.67;linear;SVC;0.81;0.16;0.83;0.8;0.8;0.83;0.2;0.82;0.84;0.84;408.0;425.0;983.0;960.0;327.0;359.0;2017_08_08_11:07:29
230;48.98;425.0;0.0;0.0;poly;SVC;0.66;1.0;0.49;1.0;1.0;0.0;0.0;0.0;0.0;0.0;408.0;425.0;983.0;960.0;408.0;0.0;2017_08_08_11:07:29
231;83.67;52.0;84.0;67.28;rbf;SVC;0.82;0.12;0.86;0.79;0.79;0.85;0.21;0.82;0.88;0.88;408.0;425.0;983.0;960.0;324.0;373.0;2017_08_08_11:07:29
232;77.79;96.0;89.0;55.58;sigmoid;SVC;0.77;0.23;0.77;0.78;0.78;0.78;0.22;0.79;0.77;0.77;408.0;425.0;983.0;960.0;319.0;329.0;2017_08_08_11:07:29
233;81.75;55.0;97.0;63.41;;SGD;0.8;0.13;0.85;0.76;0.76;0.83;0.24;0.79;0.87;0.87;408.0;425.0;983.0;960.0;311.0;370.0;2017_08_08_11:07:29
234;83.55;56.0;81.0;67.05;;MLP;0.82;0.13;0.85;0.8;0.8;0.84;0.2;0.82;0.87;0.87;408.0;425.0;983.0;960.0;327.0;369.0;2017_08_08_11:07:29
235;80.55;62.0;100.0;61.02;;RandomForest;0.79;0.15;0.83;0.75;0.75;0.81;0.25;0.78;0.85;0.85;408.0;425.0;983.0;960.0;308.0;363.0;2017_08_08_11:07:29
236;75.99;46.0;154.0;51.71;;AdaBoost;0.72;0.11;0.85;0.62;0.62;0.79;0.38;0.71;0.89;0.89;408.0;425.0;983.0;960.0;254.0;379.0;2017_08_08_11:07:29
237;83.31;62.0;77.0;66.59;;Vote;0.82;0.15;0.84;0.81;0.81;0.83;0.19;0.82;0.85;0.85;408.0;425.0;983.0;960.0;331.0;363.0;2017_08_08_11:07:29
238;83.19;72.0;68.0;66.33;;LogisticRegression;0.82;0.17;0.82;0.83;0.83;0.83;0.17;0.84;0.83;0.83;397.0;436.0;994.0;949.0;329.0;364.0;2017_08_08_10:54:28
239;85.23;87.0;36.0;70.57;;NaiveBayes;0.86;0.2;0.81;0.91;0.91;0.85;0.09;0.91;0.8;0.8;397.0;436.0;994.0;949.0;361.0;349.0;2017_08_08_10:54:28
240;85.95;85.0;32.0;72.01;;MultinomialNB;0.86;0.19;0.81;0.92;0.92;0.86;0.08;0.92;0.81;0.81;397.0;436.0;994.0;949.0;365.0;351.0;2017_08_08_10:54:28
241;85.59;90.0;30.0;71.32;;BernoulliNB;0.86;0.21;0.8;0.92;0.92;0.85;0.08;0.92;0.79;0.79;397.0;436.0;994.0;949.0;367.0;346.0;2017_08_08_10:54:28
242;81.27;84.0;72.0;62.51;;LinearSVC;0.8;0.19;0.79;0.82;0.82;0.82;0.18;0.83;0.81;0.81;397.0;436.0;994.0;949.0;325.0;352.0;2017_08_08_10:54:28
243;80.91;84.0;75.0;61.78;linear;SVC;0.8;0.19;0.79;0.81;0.81;0.81;0.19;0.82;0.81;0.81;397.0;436.0;994.0;949.0;322.0;352.0;2017_08_08_10:54:28
244;47.66;436.0;0.0;0.0;poly;SVC;0.65;1.0;0.48;1.0;1.0;0.0;0.0;0.0;0.0;0.0;397.0;436.0;994.0;949.0;397.0;0.0;2017_08_08_10:54:28
245;84.15;58.0;74.0;68.18;rbf;SVC;0.83;0.13;0.85;0.81;0.81;0.85;0.19;0.84;0.87;0.87;397.0;436.0;994.0;949.0;323.0;378.0;2017_08_08_10:54:28
246;77.31;94.0;95.0;54.52;sigmoid;SVC;0.76;0.22;0.76;0.76;0.76;0.78;0.24;0.78;0.78;0.78;397.0;436.0;994.0;949.0;302.0;342.0;2017_08_08_10:54:28
247;81.63;94.0;59.0;63.33;;SGD;0.81;0.22;0.78;0.85;0.85;0.81;0.15;0.85;0.78;0.78;397.0;436.0;994.0;949.0;338.0;342.0;2017_08_08_10:54:28
248;83.43;74.0;64.0;66.83;;MLP;0.83;0.17;0.82;0.84;0.84;0.84;0.16;0.85;0.83;0.83;397.0;436.0;994.0;949.0;333.0;362.0;2017_08_08_10:54:28
249;83.31;67.0;72.0;66.53;;RandomForest;0.82;0.15;0.83;0.82;0.82;0.84;0.18;0.84;0.85;0.85;397.0;436.0;994.0;949.0;325.0;369.0;2017_08_08_10:54:28
250;74.19;35.0;180.0;47.41;;AdaBoost;0.67;0.08;0.86;0.55;0.55;0.79;0.45;0.69;0.92;0.92;397.0;436.0;994.0;949.0;217.0;401.0;2017_08_08_10:54:28
251;84.51;73.0;56.0;69.02;;Vote;0.84;0.17;0.82;0.86;0.86;0.85;0.14;0.87;0.83;0.83;397.0;436.0;994.0;949.0;341.0;363.0;2017_08_08_10:54:28
252;84.15;67.0;65.0;68.3;;LogisticRegression;0.84;0.16;0.84;0.84;0.84;0.84;0.16;0.85;0.84;0.84;410.0;423.0;981.0;962.0;345.0;356.0;2017_08_08_10:41:39
253;84.63;86.0;42.0;69.31;;NaiveBayes;0.85;0.2;0.81;0.9;0.9;0.84;0.1;0.89;0.8;0.8;410.0;423.0;981.0;962.0;368.0;337.0;2017_08_08_10:41:39
254;85.11;84.0;40.0;70.27;;MultinomialNB;0.85;0.2;0.81;0.9;0.9;0.84;0.1;0.89;0.8;0.8;410.0;423.0;981.0;962.0;370.0;339.0;2017_08_08_10:41:39
255;85.23;83.0;40.0;70.51;;BernoulliNB;0.86;0.2;0.82;0.9;0.9;0.84;0.1;0.89;0.8;0.8;410.0;423.0;981.0;962.0;370.0;340.0;2017_08_08_10:41:39
256;83.43;71.0;67.0;66.86;;LinearSVC;0.83;0.17;0.83;0.84;0.84;0.83;0.16;0.84;0.83;0.83;410.0;423.0;981.0;962.0;343.0;352.0;2017_08_08_10:41:39
257;83.19;73.0;67.0;66.39;linear;SVC;0.83;0.17;0.82;0.84;0.84;0.83;0.16;0.84;0.83;0.83;410.0;423.0;981.0;962.0;343.0;350.0;2017_08_08_10:41:39
258;49.22;423.0;0.0;0.0;poly;SVC;0.66;1.0;0.49;1.0;1.0;0.0;0.0;0.0;0.0;0.0;410.0;423.0;981.0;962.0;410.0;0.0;2017_08_08_10:41:39
259;83.91;59.0;75.0;67.8;rbf;SVC;0.83;0.14;0.85;0.82;0.82;0.84;0.18;0.83;0.86;0.86;410.0;423.0;981.0;962.0;335.0;364.0;2017_08_08_10:41:39
260;77.07;101.0;90.0;54.15;sigmoid;SVC;0.77;0.24;0.76;0.78;0.78;0.77;0.22;0.78;0.76;0.76;410.0;423.0;981.0;962.0;320.0;322.0;2017_08_08_10:41:39
261;82.95;85.0;57.0;65.93;;SGD;0.83;0.2;0.81;0.86;0.86;0.83;0.14;0.86;0.8;0.8;410.0;423.0;981.0;962.0;353.0;338.0;2017_08_08_10:41:39
262;84.03;70.0;63.0;68.07;;MLP;0.84;0.17;0.83;0.85;0.85;0.84;0.15;0.85;0.83;0.83;410.0;423.0;981.0;962.0;347.0;353.0;2017_08_08_10:41:39
263;83.31;57.0;82.0;66.59;;RandomForest;0.82;0.13;0.85;0.8;0.8;0.84;0.2;0.82;0.87;0.87;410.0;423.0;981.0;962.0;328.0;366.0;2017_08_08_10:41:39
264;73.35;40.0;182.0;46.4;;AdaBoost;0.68;0.09;0.85;0.56;0.56;0.78;0.44;0.68;0.91;0.91;410.0;423.0;981.0;962.0;228.0;383.0;2017_08_08_10:41:39
265;84.87;68.0;58.0;69.75;;Vote;0.85;0.16;0.84;0.86;0.86;0.85;0.14;0.86;0.84;0.84;410.0;423.0;981.0;962.0;352.0;355.0;2017_08_08_10:41:39
266;84.99;57.0;68.0;69.92;;LogisticRegression;0.84;0.13;0.85;0.83;0.83;0.86;0.17;0.85;0.87;0.87;402.0;431.0;989.0;954.0;334.0;374.0;2017_08_08_10:28:12
267;86.43;77.0;36.0;72.93;;NaiveBayes;0.87;0.18;0.83;0.91;0.91;0.86;0.09;0.91;0.82;0.82;402.0;431.0;989.0;954.0;366.0;354.0;2017_08_08_10:28:12
268;85.59;82.0;38.0;71.26;;MultinomialNB;0.86;0.19;0.82;0.91;0.91;0.85;0.09;0.9;0.81;0.81;402.0;431.0;989.0;954.0;364.0;349.0;2017_08_08_10:28:12
269;85.59;86.0;34.0;71.28;;BernoulliNB;0.86;0.2;0.81;0.92;0.92;0.85;0.08;0.91;0.8;0.8;402.0;431.0;989.0;954.0;368.0;345.0;2017_08_08_10:28:12
270;83.55;62.0;75.0;67.03;;LinearSVC;0.82;0.14;0.84;0.81;0.81;0.84;0.19;0.83;0.86;0.86;402.0;431.0;989.0;954.0;327.0;369.0;2017_08_08_10:28:12
271;84.27;63.0;68.0;68.5;linear;SVC;0.83;0.15;0.84;0.83;0.83;0.84;0.17;0.84;0.85;0.85;402.0;431.0;989.0;954.0;334.0;368.0;2017_08_08_10:28:12
272;48.26;431.0;0.0;0.0;poly;SVC;0.65;1.0;0.48;1.0;1.0;0.0;0.0;0.0;0.0;0.0;402.0;431.0;989.0;954.0;402.0;0.0;2017_08_08_10:28:12
273;85.11;46.0;78.0;70.11;rbf;SVC;0.84;0.11;0.88;0.81;0.81;0.86;0.19;0.83;0.89;0.89;402.0;431.0;989.0;954.0;324.0;385.0;2017_08_08_10:28:12
274;75.63;105.0;98.0;51.23;sigmoid;SVC;0.75;0.24;0.74;0.76;0.76;0.76;0.24;0.77;0.76;0.76;402.0;431.0;989.0;954.0;304.0;326.0;2017_08_08_10:28:12
275;82.95;53.0;89.0;65.76;;SGD;0.82;0.12;0.86;0.78;0.78;0.84;0.22;0.81;0.88;0.88;402.0;431.0;989.0;954.0;313.0;378.0;2017_08_08_10:28:12
276;85.47;56.0;65.0;70.89;;MLP;0.85;0.13;0.86;0.84;0.84;0.86;0.16;0.85;0.87;0.87;402.0;431.0;989.0;954.0;337.0;375.0;2017_08_08_10:28:12
277;82.59;42.0;103.0;64.96;;RandomForest;0.8;0.1;0.88;0.74;0.74;0.84;0.26;0.79;0.9;0.9;402.0;431.0;989.0;954.0;299.0;389.0;2017_08_08_10:28:12
278;74.55;34.0;178.0;48.42;;AdaBoost;0.68;0.08;0.87;0.56;0.56;0.79;0.44;0.69;0.92;0.92;402.0;431.0;989.0;954.0;224.0;397.0;2017_08_08_10:28:12
279;85.83;55.0;63.0;71.62;;Vote;0.85;0.13;0.86;0.84;0.84;0.86;0.16;0.86;0.87;0.87;402.0;431.0;989.0;954.0;339.0;376.0;2017_08_08_10:28:12
280;86.19;44.0;71.0;72.42;;LogisticRegression;0.86;0.11;0.89;0.83;0.83;0.86;0.17;0.84;0.89;0.89;426.0;407.0;965.0;978.0;355.0;363.0;2017_08_07_19:33:00
281;87.27;61.0;45.0;74.51;;NaiveBayes;0.87;0.15;0.86;0.89;0.89;0.86;0.11;0.88;0.85;0.85;426.0;407.0;965.0;978.0;381.0;346.0;2017_08_07_19:33:00
282;87.15;63.0;44.0;74.27;;MultinomialNB;0.88;0.15;0.86;0.9;0.9;0.87;0.1;0.89;0.85;0.85;426.0;407.0;965.0;978.0;382.0;344.0;2017_08_07_19:33:00
283;87.27;62.0;44.0;74.51;;BernoulliNB;0.88;0.15;0.86;0.9;0.9;0.87;0.1;0.89;0.85;0.85;426.0;407.0;965.0;978.0;382.0;345.0;2017_08_07_19:33:00
284;82.95;56.0;86.0;65.94;;LinearSVC;0.83;0.14;0.86;0.8;0.8;0.83;0.2;0.8;0.86;0.86;426.0;407.0;965.0;978.0;340.0;351.0;2017_08_07_19:33:00
285;82.83;57.0;86.0;65.7;linear;SVC;0.83;0.14;0.86;0.8;0.8;0.83;0.2;0.8;0.86;0.86;426.0;407.0;965.0;978.0;340.0;350.0;2017_08_07_19:33:00
286;48.86;0.0;426.0;0.0;poly;SVC;0.0;0.0;0.0;0.0;0.0;0.66;1.0;0.49;1.0;1.0;426.0;407.0;965.0;978.0;0.0;407.0;2017_08_07_19:33:00
287;85.71;41.0;78.0;71.47;rbf;SVC;0.85;0.1;0.89;0.82;0.82;0.86;0.18;0.82;0.9;0.9;426.0;407.0;965.0;978.0;348.0;366.0;2017_08_07_19:33:00
288;78.15;82.0;100.0;56.32;sigmoid;SVC;0.78;0.2;0.8;0.77;0.77;0.78;0.23;0.76;0.8;0.8;426.0;407.0;965.0;978.0;326.0;325.0;2017_08_07_19:33:00
289;82.11;47.0;102.0;64.31;;SGD;0.81;0.12;0.87;0.76;0.76;0.83;0.24;0.78;0.88;0.88;426.0;407.0;965.0;978.0;324.0;360.0;2017_08_07_19:33:00
290;84.99;47.0;78.0;70.02;;MLP;0.85;0.12;0.88;0.82;0.82;0.85;0.18;0.82;0.88;0.88;426.0;407.0;965.0;978.0;348.0;360.0;2017_08_07_19:33:00
291;83.07;52.0;89.0;66.2;;RandomForest;0.83;0.13;0.87;0.79;0.79;0.83;0.21;0.8;0.87;0.87;426.0;407.0;965.0;978.0;337.0;355.0;2017_08_07_19:33:00
292;75.03;32.0;176.0;50.43;;AdaBoost;0.71;0.08;0.89;0.59;0.59;0.78;0.41;0.68;0.92;0.92;426.0;407.0;965.0;978.0;250.0;375.0;2017_08_07_19:33:00
293;86.67;45.0;66.0;73.37;;Vote;0.87;0.11;0.89;0.85;0.85;0.87;0.15;0.85;0.89;0.89;426.0;407.0;965.0;978.0;360.0;362.0;2017_08_07_19:33:00
294;85.23;59.0;64.0;70.45;;LogisticRegression;0.84;0.14;0.85;0.84;0.84;0.85;0.16;0.85;0.86;0.86;409.0;424.0;982.0;961.0;345.0;365.0;2017_08_07_19:11:21
295;86.43;72.0;41.0;72.9;;NaiveBayes;0.87;0.17;0.84;0.9;0.9;0.86;0.1;0.9;0.83;0.83;409.0;424.0;982.0;961.0;368.0;352.0;2017_08_07_19:11:21
296;86.43;76.0;37.0;72.91;;MultinomialNB;0.87;0.18;0.83;0.91;0.91;0.86;0.09;0.9;0.82;0.82;409.0;424.0;982.0;961.0;372.0;348.0;2017_08_07_19:11:21
297;86.19;78.0;37.0;72.43;;BernoulliNB;0.87;0.18;0.83;0.91;0.91;0.86;0.09;0.9;0.82;0.82;409.0;424.0;982.0;961.0;372.0;346.0;2017_08_07_19:11:21
298;81.87;78.0;73.0;63.74;;LinearSVC;0.81;0.18;0.81;0.82;0.82;0.82;0.18;0.83;0.82;0.82;409.0;424.0;982.0;961.0;336.0;346.0;2017_08_07_19:11:21
299;82.11;75.0;74.0;64.22;linear;SVC;0.82;0.18;0.82;0.82;0.82;0.82;0.18;0.83;0.82;0.82;409.0;424.0;982.0;961.0;335.0;349.0;2017_08_07_19:11:21
300;49.1;424.0;0.0;0.0;poly;SVC;0.66;1.0;0.49;1.0;1.0;0.0;0.0;0.0;0.0;0.0;409.0;424.0;982.0;961.0;409.0;0.0;2017_08_07_19:11:21
301;85.35;54.0;68.0;70.68;rbf;SVC;0.84;0.13;0.86;0.83;0.83;0.85;0.17;0.84;0.87;0.87;409.0;424.0;982.0;961.0;341.0;370.0;2017_08_07_19:11:21
302;78.75;89.0;88.0;57.49;sigmoid;SVC;0.78;0.21;0.78;0.78;0.78;0.79;0.22;0.79;0.79;0.79;409.0;424.0;982.0;961.0;321.0;335.0;2017_08_07_19:11:21
303;82.23;52.0;96.0;64.39;;SGD;0.81;0.12;0.86;0.77;0.77;0.83;0.23;0.79;0.88;0.88;409.0;424.0;982.0;961.0;313.0;372.0;2017_08_07_19:11:21
304;84.39;59.0;71.0;68.76;;MLP;0.84;0.14;0.85;0.83;0.83;0.85;0.17;0.84;0.86;0.86;409.0;424.0;982.0;961.0;338.0;365.0;2017_08_07_19:11:21
305;84.51;50.0;79.0;68.98;;RandomForest;0.84;0.12;0.87;0.81;0.81;0.85;0.19;0.83;0.88;0.88;409.0;424.0;982.0;961.0;330.0;374.0;2017_08_07_19:11:21
306;75.75;35.0;167.0;51.21;;AdaBoost;0.7;0.08;0.87;0.59;0.59;0.8;0.41;0.7;0.92;0.92;409.0;424.0;982.0;961.0;242.0;389.0;2017_08_07_19:11:21
307;86.31;51.0;63.0;72.61;;Vote;0.86;0.12;0.87;0.85;0.85;0.87;0.15;0.86;0.88;0.88;409.0;424.0;982.0;961.0;346.0;373.0;2017_08_07_19:11:21
308;84.99;68.0;57.0;69.99;;LogisticRegression;0.85;0.16;0.84;0.86;0.86;0.85;0.14;0.86;0.84;0.84;408.0;425.0;983.0;960.0;351.0;357.0;2017_08_07_18:56:14
309;84.87;88.0;38.0;69.81;;NaiveBayes;0.86;0.21;0.81;0.91;0.91;0.84;0.09;0.9;0.79;0.79;408.0;425.0;983.0;960.0;370.0;337.0;2017_08_07_18:56:14
310;84.39;94.0;36.0;68.86;;MultinomialNB;0.85;0.22;0.8;0.91;0.91;0.84;0.09;0.9;0.78;0.78;408.0;425.0;983.0;960.0;372.0;331.0;2017_08_07_18:56:14
311;84.15;96.0;36.0;68.39;;BernoulliNB;0.85;0.23;0.79;0.91;0.91;0.83;0.09;0.9;0.77;0.77;408.0;425.0;983.0;960.0;372.0;329.0;2017_08_07_18:56:14
312;81.87;88.0;63.0;63.77;;LinearSVC;0.82;0.21;0.8;0.85;0.85;0.81;0.15;0.84;0.79;0.79;408.0;425.0;983.0;960.0;345.0;337.0;2017_08_07_18:56:14
313;81.63;86.0;67.0;63.28;linear;SVC;0.82;0.2;0.8;0.84;0.84;0.81;0.16;0.83;0.8;0.8;408.0;425.0;983.0;960.0;341.0;339.0;2017_08_07_18:56:14
314;48.98;425.0;0.0;0.0;poly;SVC;0.66;1.0;0.49;1.0;1.0;0.0;0.0;0.0;0.0;0.0;408.0;425.0;983.0;960.0;408.0;0.0;2017_08_07_18:56:14
315;85.47;57.0;64.0;70.93;rbf;SVC;0.85;0.13;0.86;0.84;0.84;0.86;0.16;0.85;0.87;0.87;408.0;425.0;983.0;960.0;344.0;368.0;2017_08_07_18:56:14
316;78.15;104.0;78.0;56.34;sigmoid;SVC;0.78;0.24;0.76;0.81;0.81;0.78;0.19;0.8;0.76;0.76;408.0;425.0;983.0;960.0;330.0;321.0;2017_08_07_18:56:14
317;81.51;92.0;62.0;63.06;;SGD;0.82;0.22;0.79;0.85;0.85;0.81;0.15;0.84;0.78;0.78;408.0;425.0;983.0;960.0;346.0;333.0;2017_08_07_18:56:14
318;83.31;76.0;63.0;66.63;;MLP;0.83;0.18;0.82;0.85;0.85;0.83;0.15;0.85;0.82;0.82;408.0;425.0;983.0;960.0;345.0;349.0;2017_08_07_18:56:14
319;84.63;65.0;63.0;69.26;;RandomForest;0.84;0.15;0.84;0.85;0.85;0.85;0.15;0.85;0.85;0.85;408.0;425.0;983.0;960.0;345.0;360.0;2017_08_07_18:56:14
320;75.63;41.0;162.0;50.95;;AdaBoost;0.71;0.1;0.86;0.6;0.6;0.79;0.4;0.7;0.9;0.9;408.0;425.0;983.0;960.0;246.0;384.0;2017_08_07_18:56:14
321;85.35;71.0;51.0;70.72;;Vote;0.85;0.17;0.83;0.88;0.88;0.85;0.12;0.87;0.83;0.83;408.0;425.0;983.0;960.0;357.0;354.0;2017_08_07_18:56:14
322;85.11;52.0;72.0;70.24;;LogisticRegression;0.85;0.13;0.87;0.83;0.83;0.85;0.17;0.83;0.87;0.87;424.0;409.0;967.0;976.0;352.0;357.0;2017_08_07_18:42:51
323;87.39;71.0;34.0;74.74;;NaiveBayes;0.88;0.17;0.85;0.92;0.92;0.87;0.08;0.91;0.83;0.83;424.0;409.0;967.0;976.0;390.0;338.0;2017_08_07_18:42:51
324;87.52;70.0;34.0;74.98;;MultinomialNB;0.88;0.17;0.85;0.92;0.92;0.87;0.08;0.91;0.83;0.83;424.0;409.0;967.0;976.0;390.0;339.0;2017_08_07_18:42:51
325;87.64;68.0;35.0;75.23;;BernoulliNB;0.88;0.17;0.85;0.92;0.92;0.87;0.08;0.91;0.83;0.83;424.0;409.0;967.0;976.0;389.0;341.0;2017_08_07_18:42:51
326;82.95;59.0;83.0;65.93;;LinearSVC;0.82;0.14;0.85;0.8;0.8;0.83;0.2;0.81;0.86;0.86;424.0;409.0;967.0;976.0;341.0;350.0;2017_08_07_18:42:51
327;82.71;64.0;80.0;65.44;linear;SVC;0.82;0.16;0.84;0.81;0.81;0.82;0.19;0.81;0.84;0.84;424.0;409.0;967.0;976.0;344.0;345.0;2017_08_07_18:42:51
328;49.1;0.0;424.0;0.0;poly;SVC;0.0;0.0;0.0;0.0;0.0;0.66;1.0;0.49;1.0;1.0;424.0;409.0;967.0;976.0;0.0;409.0;2017_08_07_18:42:51
329;84.99;46.0;79.0;70.02;rbf;SVC;0.84;0.11;0.88;0.81;0.81;0.85;0.19;0.82;0.89;0.89;424.0;409.0;967.0;976.0;345.0;363.0;2017_08_07_18:42:51
330;78.87;96.0;80.0;57.7;sigmoid;SVC;0.79;0.23;0.78;0.81;0.81;0.78;0.19;0.8;0.77;0.77;424.0;409.0;967.0;976.0;344.0;313.0;2017_08_07_18:42:51
331;83.79;73.0;62.0;67.56;;SGD;0.84;0.18;0.83;0.85;0.85;0.83;0.15;0.84;0.82;0.82;424.0;409.0;967.0;976.0;362.0;336.0;2017_08_07_18:42:51
332;84.99;51.0;74.0;70.01;;MLP;0.85;0.12;0.87;0.83;0.83;0.85;0.17;0.83;0.88;0.88;424.0;409.0;967.0;976.0;350.0;358.0;2017_08_07_18:42:51
333;82.59;46.0;99.0;65.25;;RandomForest;0.82;0.11;0.88;0.77;0.77;0.84;0.23;0.79;0.89;0.89;424.0;409.0;967.0;976.0;325.0;363.0;2017_08_07_18:42:51
334;73.47;43.0;178.0;47.23;;AdaBoost;0.69;0.11;0.85;0.58;0.58;0.76;0.42;0.67;0.89;0.89;424.0;409.0;967.0;976.0;246.0;366.0;2017_08_07_18:42:51
335;86.43;50.0;63.0;72.88;;Vote;0.86;0.12;0.88;0.85;0.85;0.86;0.15;0.85;0.88;0.88;424.0;409.0;967.0;976.0;361.0;359.0;2017_08_07_18:42:51
336;84.63;55.0;73.0;69.23;;LogisticRegression;0.84;0.13;0.86;0.82;0.82;0.85;0.18;0.84;0.87;0.87;408.0;425.0;983.0;960.0;335.0;370.0;2017_08_07_18:28:56
337;86.43;73.0;40.0;72.9;;NaiveBayes;0.86;0.17;0.83;0.9;0.9;0.86;0.1;0.9;0.83;0.83;408.0;425.0;983.0;960.0;368.0;352.0;2017_08_07_18:28:56
338;86.79;71.0;39.0;73.62;;MultinomialNB;0.87;0.17;0.84;0.9;0.9;0.86;0.1;0.9;0.83;0.83;408.0;425.0;983.0;960.0;369.0;354.0;2017_08_07_18:28:56
339;86.67;73.0;38.0;73.38;;BernoulliNB;0.87;0.17;0.84;0.91;0.91;0.86;0.09;0.9;0.83;0.83;408.0;425.0;983.0;960.0;370.0;352.0;2017_08_07_18:28:56
340;81.99;71.0;79.0;63.96;;LinearSVC;0.81;0.17;0.82;0.81;0.81;0.82;0.19;0.82;0.83;0.83;408.0;425.0;983.0;960.0;329.0;354.0;2017_08_07_18:28:56
341;81.87;71.0;80.0;63.71;linear;SVC;0.81;0.17;0.82;0.8;0.8;0.82;0.2;0.82;0.83;0.83;408.0;425.0;983.0;960.0;328.0;354.0;2017_08_07_18:28:56
342;48.98;425.0;0.0;0.0;poly;SVC;0.66;1.0;0.49;1.0;1.0;0.0;0.0;0.0;0.0;0.0;408.0;425.0;983.0;960.0;408.0;0.0;2017_08_07_18:28:56
343;85.95;44.0;73.0;71.86;rbf;SVC;0.85;0.1;0.88;0.82;0.82;0.87;0.18;0.84;0.9;0.9;408.0;425.0;983.0;960.0;335.0;381.0;2017_08_07_18:28:56
344;78.03;91.0;92.0;56.04;sigmoid;SVC;0.77;0.21;0.78;0.77;0.77;0.78;0.23;0.78;0.79;0.79;408.0;425.0;983.0;960.0;316.0;334.0;2017_08_07_18:28:56
345;80.91;98.0;61.0;61.88;;SGD;0.81;0.23;0.78;0.85;0.85;0.8;0.15;0.84;0.77;0.77;408.0;425.0;983.0;960.0;347.0;327.0;2017_08_07_18:28:56
346;84.15;64.0;68.0;68.29;;MLP;0.83;0.15;0.84;0.83;0.83;0.84;0.17;0.84;0.85;0.85;408.0;425.0;983.0;960.0;340.0;361.0;2017_08_07_18:28:56
347;84.87;46.0;80.0;69.68;;RandomForest;0.84;0.11;0.88;0.8;0.8;0.86;0.2;0.83;0.89;0.89;408.0;425.0;983.0;960.0;328.0;379.0;2017_08_07_18:28:56
348;77.79;36.0;149.0;55.32;;AdaBoost;0.73;0.08;0.88;0.63;0.63;0.81;0.37;0.72;0.92;0.92;408.0;425.0;983.0;960.0;259.0;389.0;2017_08_07_18:28:56
349;85.59;58.0;62.0;71.17;;Vote;0.85;0.14;0.86;0.85;0.85;0.86;0.15;0.86;0.86;0.86;408.0;425.0;983.0;960.0;346.0;367.0;2017_08_07_18:28:56
350;85.35;58.0;64.0;70.7;;LogisticRegression;0.85;0.14;0.86;0.85;0.85;0.85;0.15;0.85;0.86;0.86;413.0;420.0;978.0;965.0;349.0;362.0;2017_08_07_18:15:13
351;85.47;83.0;38.0;70.97;;NaiveBayes;0.86;0.2;0.82;0.91;0.91;0.85;0.09;0.9;0.8;0.8;413.0;420.0;978.0;965.0;375.0;337.0;2017_08_07_18:15:13
352;84.99;87.0;38.0;70.02;;MultinomialNB;0.86;0.21;0.81;0.91;0.91;0.84;0.09;0.9;0.79;0.79;413.0;420.0;978.0;965.0;375.0;333.0;2017_08_07_18:15:13
353;84.99;90.0;35.0;70.02;;BernoulliNB;0.86;0.21;0.81;0.92;0.92;0.84;0.08;0.9;0.79;0.79;413.0;420.0;978.0;965.0;378.0;330.0;2017_08_07_18:15:13
354;84.75;66.0;61.0;69.51;;LinearSVC;0.84;0.16;0.84;0.85;0.85;0.84;0.15;0.85;0.84;0.84;413.0;420.0;978.0;965.0;352.0;354.0;2017_08_07_18:15:13
355;83.31;71.0;68.0;66.63;linear;SVC;0.83;0.17;0.83;0.84;0.84;0.83;0.16;0.84;0.83;0.83;413.0;420.0;978.0;965.0;345.0;349.0;2017_08_07_18:15:13
356;49.58;420.0;0.0;0.0;poly;SVC;0.67;1.0;0.5;1.0;1.0;0.0;0.0;0.0;0.0;0.0;413.0;420.0;978.0;965.0;413.0;0.0;2017_08_07_18:15:13
357;85.95;52.0;65.0;71.9;rbf;SVC;0.85;0.12;0.87;0.84;0.84;0.86;0.16;0.85;0.88;0.88;413.0;420.0;978.0;965.0;348.0;368.0;2017_08_07_18:15:13
358;78.39;102.0;78.0;56.8;sigmoid;SVC;0.79;0.24;0.77;0.81;0.81;0.78;0.19;0.8;0.76;0.76;413.0;420.0;978.0;965.0;335.0;318.0;2017_08_07_18:15:13
359;81.27;90.0;66.0;62.56;;SGD;0.81;0.21;0.79;0.84;0.84;0.81;0.16;0.83;0.79;0.79;413.0;420.0;978.0;965.0;347.0;330.0;2017_08_07_18:15:13
360;84.63;64.0;64.0;69.27;;MLP;0.85;0.15;0.85;0.85;0.85;0.85;0.15;0.85;0.85;0.85;413.0;420.0;978.0;965.0;349.0;356.0;2017_08_07_18:15:13
361;83.31;72.0;67.0;66.63;;RandomForest;0.83;0.17;0.83;0.84;0.84;0.83;0.16;0.84;0.83;0.83;413.0;420.0;978.0;965.0;346.0;348.0;2017_08_07_18:15:13
362;75.63;45.0;158.0;51.15;;AdaBoost;0.72;0.11;0.85;0.62;0.62;0.78;0.38;0.7;0.89;0.89;413.0;420.0;978.0;965.0;255.0;375.0;2017_08_07_18:15:13
363;85.71;63.0;56.0;71.43;;Vote;0.85;0.15;0.85;0.86;0.86;0.85;0.14;0.86;0.85;0.85;413.0;420.0;978.0;965.0;357.0;357.0;2017_08_07_18:15:13
364;85.83;52.0;66.0;71.67;;LogisticRegression;0.85;0.12;0.87;0.84;0.84;0.86;0.16;0.85;0.88;0.88;417.0;416.0;974.0;969.0;351.0;364.0;2017_08_07_18:00:58
365;86.31;76.0;38.0;72.63;;NaiveBayes;0.87;0.18;0.83;0.91;0.91;0.86;0.09;0.9;0.82;0.82;417.0;416.0;974.0;969.0;379.0;340.0;2017_08_07_18:00:58
366;86.19;75.0;40.0;72.39;;MultinomialNB;0.86;0.18;0.83;0.9;0.9;0.86;0.1;0.9;0.82;0.82;417.0;416.0;974.0;969.0;377.0;341.0;2017_08_07_18:00:58
367;85.71;79.0;40.0;71.43;;BernoulliNB;0.86;0.19;0.83;0.9;0.9;0.85;0.1;0.89;0.81;0.81;417.0;416.0;974.0;969.0;377.0;337.0;2017_08_07_18:00:58
368;83.07;66.0;75.0;66.15;;LinearSVC;0.83;0.16;0.84;0.82;0.82;0.83;0.18;0.82;0.84;0.84;417.0;416.0;974.0;969.0;342.0;350.0;2017_08_07_18:00:58
369;83.31;64.0;75.0;66.63;linear;SVC;0.83;0.15;0.84;0.82;0.82;0.83;0.18;0.82;0.85;0.85;417.0;416.0;974.0;969.0;342.0;352.0;2017_08_07_18:00:58
370;50.06;416.0;0.0;0.0;poly;SVC;0.67;1.0;0.5;1.0;1.0;0.0;0.0;0.0;0.0;0.0;417.0;416.0;974.0;969.0;417.0;0.0;2017_08_07_18:00:58
371;86.91;42.0;67.0;73.83;rbf;SVC;0.86;0.1;0.89;0.84;0.84;0.87;0.16;0.85;0.9;0.9;417.0;416.0;974.0;969.0;350.0;374.0;2017_08_07_18:00:58
372;79.47;78.0;93.0;58.95;sigmoid;SVC;0.79;0.19;0.81;0.78;0.78;0.79;0.22;0.78;0.81;0.81;417.0;416.0;974.0;969.0;324.0;338.0;2017_08_07_18:00:58
373;82.23;84.0;64.0;64.46;;SGD;0.83;0.2;0.81;0.85;0.85;0.82;0.15;0.84;0.8;0.8;417.0;416.0;974.0;969.0;353.0;332.0;2017_08_07_18:00:58
374;85.35;54.0;68.0;70.71;;MLP;0.85;0.13;0.87;0.84;0.84;0.85;0.16;0.84;0.87;0.87;417.0;416.0;974.0;969.0;349.0;362.0;2017_08_07_18:00:58
375;84.87;50.0;76.0;69.75;;RandomForest;0.84;0.12;0.87;0.82;0.82;0.85;0.18;0.83;0.88;0.88;417.0;416.0;974.0;969.0;341.0;366.0;2017_08_07_18:00:58
376;76.23;26.0;172.0;52.48;;AdaBoost;0.71;0.06;0.9;0.59;0.59;0.8;0.41;0.69;0.94;0.94;417.0;416.0;974.0;969.0;245.0;390.0;2017_08_07_18:00:58
377;86.55;54.0;58.0;73.11;;Vote;0.86;0.13;0.87;0.86;0.86;0.86;0.14;0.86;0.87;0.87;417.0;416.0;974.0;969.0;359.0;362.0;2017_08_07_18:00:58
378;83.55;69.0;68.0;67.11;;LogisticRegression;0.83;0.17;0.83;0.84;0.84;0.83;0.16;0.84;0.83;0.83;417.0;416.0;974.0;969.0;349.0;347.0;2017_08_07_17:42:10
379;85.71;83.0;36.0;71.42;;NaiveBayes;0.86;0.2;0.82;0.91;0.91;0.85;0.09;0.9;0.8;0.8;417.0;416.0;974.0;969.0;381.0;333.0;2017_08_07_17:42:10
380;85.59;87.0;33.0;71.18;;MultinomialNB;0.87;0.21;0.82;0.92;0.92;0.85;0.08;0.91;0.79;0.79;417.0;416.0;974.0;969.0;384.0;329.0;2017_08_07_17:42:10
381;85.35;86.0;36.0;70.7;;BernoulliNB;0.86;0.21;0.82;0.91;0.91;0.84;0.09;0.9;0.79;0.79;417.0;416.0;974.0;969.0;381.0;330.0;2017_08_07_17:42:10
382;81.51;81.0;73.0;63.02;;LinearSVC;0.81;0.19;0.81;0.82;0.82;0.81;0.18;0.82;0.81;0.81;417.0;416.0;974.0;969.0;344.0;335.0;2017_08_07_17:42:10
383;82.35;79.0;68.0;64.7;linear;SVC;0.83;0.19;0.82;0.84;0.84;0.82;0.16;0.83;0.81;0.81;417.0;416.0;974.0;969.0;349.0;337.0;2017_08_07_17:42:10
384;50.06;416.0;0.0;0.0;poly;SVC;0.67;1.0;0.5;1.0;1.0;0.0;0.0;0.0;0.0;0.0;417.0;416.0;974.0;969.0;417.0;0.0;2017_08_07_17:42:10
385;83.79;58.0;77.0;67.59;rbf;SVC;0.83;0.14;0.85;0.82;0.82;0.84;0.18;0.82;0.86;0.86;417.0;416.0;974.0;969.0;340.0;358.0;2017_08_07_17:42:10
386;77.19;101.0;89.0;54.38;sigmoid;SVC;0.77;0.24;0.76;0.79;0.79;0.77;0.21;0.78;0.76;0.76;417.0;416.0;974.0;969.0;328.0;315.0;2017_08_07_17:42:10
387;81.39;94.0;61.0;62.78;;SGD;0.82;0.23;0.79;0.85;0.85;0.8;0.15;0.84;0.77;0.77;417.0;416.0;974.0;969.0;356.0;322.0;2017_08_07_17:42:10
388;83.31;69.0;70.0;66.63;;MLP;0.83;0.17;0.83;0.83;0.83;0.83;0.17;0.83;0.83;0.83;417.0;416.0;974.0;969.0;347.0;347.0;2017_08_07_17:42:10
389;83.55;61.0;76.0;67.11;;RandomForest;0.83;0.15;0.85;0.82;0.82;0.83;0.18;0.82;0.85;0.85;417.0;416.0;974.0;969.0;341.0;355.0;2017_08_07_17:42:10
390;76.59;37.0;158.0;53.2;;AdaBoost;0.73;0.09;0.88;0.62;0.62;0.8;0.38;0.71;0.91;0.91;417.0;416.0;974.0;969.0;259.0;379.0;2017_08_07_17:42:10
391;84.39;72.0;58.0;68.79;;Vote;0.84;0.17;0.83;0.86;0.86;0.84;0.14;0.86;0.83;0.83;417.0;416.0;974.0;969.0;359.0;344.0;2017_08_07_17:42:10
392;86.43;58.0;55.0;72.85;;LogisticRegression;0.86;0.14;0.86;0.87;0.87;0.86;0.13;0.86;0.86;0.86;426.0;407.0;965.0;978.0;371.0;349.0;2017_08_07_16:50:42
393;87.27;80.0;26.0;74.46;;NaiveBayes;0.88;0.2;0.83;0.94;0.94;0.86;0.06;0.93;0.8;0.8;426.0;407.0;965.0;978.0;400.0;327.0;2017_08_07_16:50:42
394;86.55;87.0;25.0;73.0;;MultinomialNB;0.88;0.21;0.82;0.94;0.94;0.85;0.06;0.93;0.79;0.79;426.0;407.0;965.0;978.0;401.0;320.0;2017_08_07_16:50:42
395;86.91;82.0;27.0;73.74;;BernoulliNB;0.88;0.2;0.83;0.94;0.94;0.86;0.06;0.92;0.8;0.8;426.0;407.0;965.0;978.0;399.0;325.0;2017_08_07_16:50:42
396;84.51;65.0;64.0;69.01;;LinearSVC;0.85;0.16;0.85;0.85;0.85;0.84;0.15;0.84;0.84;0.84;426.0;407.0;965.0;978.0;362.0;342.0;2017_08_07_16:50:42
397;84.03;69.0;64.0;68.04;linear;SVC;0.84;0.17;0.84;0.85;0.85;0.83;0.15;0.84;0.83;0.83;426.0;407.0;965.0;978.0;362.0;338.0;2017_08_07_16:50:42
398;48.86;0.0;426.0;0.0;poly;SVC;0.0;0.0;0.0;0.0;0.0;0.66;1.0;0.49;1.0;1.0;426.0;407.0;965.0;978.0;0.0;407.0;2017_08_07_16:50:42
399;85.83;57.0;61.0;71.66;rbf;SVC;0.86;0.14;0.86;0.86;0.86;0.85;0.14;0.85;0.86;0.86;426.0;407.0;965.0;978.0;365.0;350.0;2017_08_07_16:50:42
400;77.43;100.0;88.0;54.81;sigmoid;SVC;0.78;0.25;0.77;0.79;0.79;0.76;0.21;0.78;0.75;0.75;426.0;407.0;965.0;978.0;338.0;307.0;2017_08_07_16:50:42
401;82.71;92.0;52.0;65.33;;SGD;0.84;0.23;0.8;0.88;0.88;0.81;0.12;0.86;0.77;0.77;426.0;407.0;965.0;978.0;374.0;315.0;2017_08_07_16:50:42
402;85.83;58.0;60.0;71.66;;MLP;0.86;0.14;0.86;0.86;0.86;0.85;0.14;0.85;0.86;0.86;426.0;407.0;965.0;978.0;366.0;349.0;2017_08_07_16:50:42
403;85.71;56.0;63.0;71.42;;RandomForest;0.86;0.14;0.87;0.85;0.85;0.85;0.15;0.85;0.86;0.86;426.0;407.0;965.0;978.0;363.0;351.0;2017_08_07_16:50:42
404;75.51;30.0;174.0;51.38;;AdaBoost;0.71;0.07;0.89;0.59;0.59;0.79;0.41;0.68;0.93;0.93;426.0;407.0;965.0;978.0;252.0;377.0;2017_08_07_16:50:42
405;87.39;59.0;46.0;74.76;;Vote;0.88;0.14;0.87;0.89;0.89;0.87;0.11;0.88;0.86;0.86;426.0;407.0;965.0;978.0;380.0;348.0;2017_08_07_16:50:42
406;86.07;55.0;61.0;72.11;;LogisticRegression;0.85;0.13;0.86;0.85;0.85;0.86;0.15;0.86;0.87;0.87;404.0;429.0;987.0;956.0;343.0;374.0;2017_08_07_16:34:58
407;86.67;72.0;39.0;73.39;;NaiveBayes;0.87;0.17;0.84;0.9;0.9;0.86;0.1;0.9;0.83;0.83;404.0;429.0;987.0;956.0;365.0;357.0;2017_08_07_16:34:58
408;86.67;74.0;37.0;73.4;;MultinomialNB;0.87;0.17;0.83;0.91;0.91;0.87;0.09;0.91;0.83;0.83;404.0;429.0;987.0;956.0;367.0;355.0;2017_08_07_16:34:58
409;86.79;78.0;32.0;73.65;;BernoulliNB;0.87;0.18;0.83;0.92;0.92;0.87;0.08;0.92;0.82;0.82;404.0;429.0;987.0;956.0;372.0;351.0;2017_08_07_16:34:58
410;83.79;61.0;74.0;67.53;;LinearSVC;0.83;0.14;0.84;0.82;0.82;0.84;0.18;0.83;0.86;0.86;404.0;429.0;987.0;956.0;330.0;368.0;2017_08_07_16:34:58
411;83.55;64.0;73.0;67.06;linear;SVC;0.83;0.15;0.84;0.82;0.82;0.84;0.18;0.83;0.85;0.85;404.0;429.0;987.0;956.0;331.0;365.0;2017_08_07_16:34:58
412;48.5;429.0;0.0;0.0;poly;SVC;0.65;1.0;0.48;1.0;1.0;0.0;0.0;0.0;0.0;0.0;404.0;429.0;987.0;956.0;404.0;0.0;2017_08_07_16:34:58
413;86.07;50.0;66.0;72.09;rbf;SVC;0.85;0.12;0.87;0.84;0.84;0.86;0.16;0.85;0.88;0.88;404.0;429.0;987.0;956.0;338.0;379.0;2017_08_07_16:34:58
414;81.03;83.0;75.0;62.05;sigmoid;SVC;0.8;0.19;0.8;0.81;0.81;0.81;0.19;0.82;0.81;0.81;404.0;429.0;987.0;956.0;329.0;346.0;2017_08_07_16:34:58
415;83.79;48.0;87.0;67.47;;SGD;0.82;0.11;0.87;0.78;0.78;0.85;0.22;0.81;0.89;0.89;404.0;429.0;987.0;956.0;317.0;381.0;2017_08_07_16:34:58
416;85.83;54.0;64.0;71.62;;MLP;0.85;0.13;0.86;0.84;0.84;0.86;0.16;0.85;0.87;0.87;404.0;429.0;987.0;956.0;340.0;375.0;2017_08_07_16:34:58
417;84.63;55.0;73.0;69.2;;RandomForest;0.84;0.13;0.86;0.82;0.82;0.85;0.18;0.84;0.87;0.87;404.0;429.0;987.0;956.0;331.0;374.0;2017_08_07_16:34:58
418;76.23;37.0;161.0;51.99;;AdaBoost;0.71;0.09;0.87;0.6;0.6;0.8;0.4;0.71;0.91;0.91;404.0;429.0;987.0;956.0;243.0;392.0;2017_08_07_16:34:58
419;86.55;54.0;58.0;73.08;;Vote;0.86;0.13;0.86;0.86;0.86;0.87;0.14;0.87;0.87;0.87;404.0;429.0;987.0;956.0;346.0;375.0;2017_08_07_16:34:58
