Name;News_F1;Spam_F1;Size;Accuracy;Kappa
LogisticRegression;0,59;0,67;98;63,33;29,79
NaiveBayes;0,76;0,61;98;70;37,21
MultinomialNB;0,78;0,67;98;73,33;44,7
BernoulliNB;0,76;0,69;98;73,33;45,7
LinearSVC;0,48;0,63;98;56,67;18,41
SVC_linear;0,5;0,66;98;60;25,31
SVC_poly;0;0,6;98;43,33;0
SVC_rbf;0,67;0,59;98;63,33;26,01
SVC_sigmoid;0,43;0,65;98;56,67;19,75
SGD;0,28;0,58;98;46,67;2,04
MLP;0,59;0,67;98;63,33;29,79
RandomForest;0,11;0,62;98;46,67;5,14
AdaBoost;0,21;0,63;98;50;10,36
Vote;0,59;0,67;98;63,33;29,79
LogisticRegression;0,8;0,72;98;76,67;52,49
NaiveBayes;0,82;0,43;98;73,33;32,2
MultinomialNB;0,84;0,58;98;76,67;44,44
BernoulliNB;0,75;0,72;98;73,33;48,5
LinearSVC;0,78;0,67;98;73,33;44,7
SVC_linear;0,76;0,69;98;73,33;46,67
SVC_poly;0;0,54;98;36,67;0
SVC_rbf;0,74;0,55;98;66,67;28,23
SVC_sigmoid;0,73;0,67;98;70;41,05
SGD;0,79;0,74;98;76,67;54,15
MLP;0,8;0,72;98;76,67;52,49
RandomForest;0,62;0,65;98;63,33;32,65
AdaBoost;0,41;0,61;98;53,33;20,75
Vote;0,83;0,75;98;80;58,53
LogisticRegression;0,8;0,72;98;76,67;52,05
NaiveBayes;0,8;0,6;98;73,33;41,18
MultinomialNB;0,84;0,73;98;80;57,14
BernoulliNB;0,76;0,69;98;73,33;45,95
LinearSVC;0,83;0,77;98;80;59,46
SVC_linear;0,71;0,69;98;70;41,56
SVC_poly;0;0,57;98;40;0
SVC_rbf;0,8;0,72;98;76,67;52,05
SVC_sigmoid;0,65;0,62;98;63,33;28,57
SGD;0,74;0,64;98;70;38,36
MLP;0,83;0,77;98;80;59,46
RandomForest;0,54;0,65;98;60;26,83
AdaBoost;0,46;0,58;98;53,33;14,63
Vote;0,8;0,72;98;76,67;52,05
LogisticRegression;0,8;0,72;98;76,67;53,33
NaiveBayes;0,83;0,75;98;80;60
MultinomialNB;0,83;0,75;98;80;60
BernoulliNB;0,73;0,43;98;63,33;26,67
LinearSVC;0,73;0,67;98;70;40
SVC_linear;0,71;0,69;98;70;40
SVC_poly;0,67;0;98;50;0
SVC_rbf;0,79;0,64;98;73,33;46,67
SVC_sigmoid;0,79;0,74;98;76,67;53,33
SGD;0,78;0,66;98;73,33;46,67
MLP;0,8;0,72;98;76,67;53,33
RandomForest;0,73;0,43;98;63,33;26,67
AdaBoost;0,72;0,8;98;76,67;53,33
Vote;0,83;0,75;98;80;60
LogisticRegression;0,76;0,69;98;73,33;45,95
NaiveBayes;0,84;0,59;98;76,67;46,15
MultinomialNB;0,84;0,59;98;76,67;46,15
BernoulliNB;0,81;0,79;98;80;60,53
LinearSVC;0,83;0,63;98;76,67;47,76
SVC_linear;0,83;0,63;98;76,67;47,76
SVC_poly;0;0,57;98;40;0
SVC_rbf;0,77;0,57;98;70;34,78
SVC_sigmoid;0,69;0,64;98;66,67;34,21
SGD;0,69;0,71;98;70;43,04
MLP;0,76;0,69;98;73,33;45,95
RandomForest;0,54;0,65;98;60;26,83
AdaBoost;0,52;0,61;98;56,67;19,75
Vote;0,76;0,69;98;73,33;45,95
LogisticRegression;0,78;0,67;98;73,33;48,28
NaiveBayes;0,82;0,77;98;80;60,87
MultinomialNB;0,79;0,74;98;76,67;54,15
BernoulliNB;0,67;0,21;98;53,33;11,76
LinearSVC;0,73;0,67;98;70;41,05
SVC_linear;0,73;0,67;98;70;41,05
SVC_poly;0,64;0;98;46,67;0
SVC_rbf;0,73;0,67;98;70;41,05
SVC_sigmoid;0,79;0,74;98;76,67;54,15
SGD;0,8;0,72;98;76,67;54,55
MLP;0,73;0,67;98;70;41,05
RandomForest;0,48;0,72;98;63,33;23,96
AdaBoost;0,57;0,77;98;70;37,79
Vote;0,77;0,69;98;73,33;47,83
LogisticRegression;0,7;0,52;98;63,33;32,1
NaiveBayes;0,73;0,58;98;66,67;37,76
MultinomialNB;0,73;0,58;98;66,67;37,76
BernoulliNB;0,63;0,21;98;50;10,36
LinearSVC;0,73;0,58;98;66,67;37,76
SVC_linear;0,73;0,58;98;66,67;37,76
SVC_poly;0,6;0;98;43,33;0
SVC_rbf;0,7;0,62;98;66,67;36,71
SVC_sigmoid;0,74;0,64;98;70;43,51
SGD;0,69;0,56;98;63,33;30,96
MLP;0,7;0,52;98;63,33;32,1
RandomForest;0,77;0,82;98;80;59,28
AdaBoost;0,63;0,37;98;53,33;14,29
Vote;0,7;0,52;98;63,33;32,1
LogisticRegression;0,63;0,48;98;56,67;13,33
NaiveBayes;0,69;0,45;98;60;20
MultinomialNB;0,67;0,5;98;60;20
BernoulliNB;0,72;0,33;98;60;20
LinearSVC;0,58;0,55;98;56,67;13,33
SVC_linear;0,54;0,65;98;60;20
SVC_poly;0,67;0;98;50;0
SVC_rbf;0,67;0,5;98;60;20
SVC_sigmoid;0,69;0,56;98;63,33;26,67
SGD;0,65;0,43;98;56,67;13,33
MLP;0,56;0,5;98;53,33;6,67
RandomForest;0,64;0,79;98;73,33;46,67
AdaBoost;0,4;0,7;98;60;20
Vote;0,67;0,5;98;60;20
LogisticRegression;0,45;0,17;98;33,33;5,06
NaiveBayes;0,59;0,67;98;63,33;34,78
MultinomialNB;0,42;0,73;98;63,33;16,24
BernoulliNB;0,43;0;98;26,67;0
LinearSVC;0,48;0,37;98;43,33;13,56
SVC_linear;0,48;0,37;98;43,33;13,56
SVC_poly;0,43;0;98;26,67;0
SVC_rbf;0,43;0;98;26,67;0
SVC_sigmoid;0,5;0,56;98;53,33;19,23
SGD;0,48;0,51;98;50;15,73
MLP;0,46;0,25;98;36,67;7,77
RandomForest;0,42;0,29;98;36,67;3,39
AdaBoost;0,47;0,31;98;40;10,6
Vote;0,48;0,37;98;43,33;13,56
LogisticRegression;0,69;0,56;98;63,33;26,67
NaiveBayes;0,72;0,59;98;66,67;33,33
MultinomialNB;0,72;0,59;98;66,67;33,33
BernoulliNB;0,77;0,57;98;70;40
LinearSVC;0,63;0,57;98;60;20
SVC_linear;0,45;0,69;98;60;20
SVC_poly;0,67;0;98;50;0
SVC_rbf;0,82;0,77;98;80;60
SVC_sigmoid;0,69;0,56;98;63,33;26,67
SGD;0,72;0,59;98;66,67;33,33
MLP;0,69;0,56;98;63,33;26,67
RandomForest;0,73;0,43;98;63,33;26,67
AdaBoost;0,33;0,72;98;60;20
Vote;0,72;0,59;98;66,67;33,33
LogisticRegression;0,78;0,73;195;76,27;51,92
NaiveBayes;0,83;0,7;195;77,97;53,15
MultinomialNB;0,81;0,68;195;76,27;49,82
BernoulliNB;0,76;0,69;195;72,88;45,05
LinearSVC;0,8;0,74;195;77,97;55,12
SVC_linear;0,78;0,73;195;76,27;51,92
SVC_poly;0;0,59;195;42,37;0
SVC_rbf;0,81;0,78;195;79,66;59,22
SVC_sigmoid;0,78;0,75;195;76,27;52,91
SGD;0,78;0,73;195;76,27;51,92
MLP;0,77;0,72;195;74,58;48,76
RandomForest;0,76;0,51;195;67,8;29,98
AdaBoost;0,57;0,7;195;64,41;33,78
Vote;0,8;0,74;195;77,97;55,12
LogisticRegression;0,77;0,68;195;72,88;46,73
NaiveBayes;0,76;0,69;195;72,88;46,55
MultinomialNB;0,75;0,7;195;72,88;46,36
BernoulliNB;0,69;0,4;195;59,32;21,42
LinearSVC;0,77;0,76;195;76,27;52,75
SVC_linear;0,72;0,73;195;72,88;45,81
SVC_poly;0,64;0;195;47,46;0
SVC_rbf;0,71;0,5;195;62,71;27,49
SVC_sigmoid;0,64;0,68;195;66,1;32,03
SGD;0,72;0,58;195;66,1;33,63
MLP;0,73;0,69;195;71,19;42,91
RandomForest;0,67;0,8;195;74,58;48,03
AdaBoost;0,59;0,75;195;69,49;37,53
Vote;0,74;0,68;195;71,19;43,11
LogisticRegression;0,71;0,6;195;66,1;33,41
NaiveBayes;0,73;0,64;195;69,49;40,07
MultinomialNB;0,74;0,68;195;71,19;43,11
BernoulliNB;0,73;0,55;195;66,1;34,08
LinearSVC;0,69;0,7;195;69,49;39,04
SVC_linear;0,69;0,7;195;69,49;39,04
SVC_poly;0,64;0;195;47,46;0
SVC_rbf;0,72;0,61;195;67,8;36,85
SVC_sigmoid;0,72;0,77;195;74,58;48,76
SGD;0,72;0,58;195;66,1;33,63
MLP;0,76;0,74;195;74,58;49,46
RandomForest;0,64;0,78;195;72,88;44,47
AdaBoost;0,53;0,75;195;67,8;33,71
Vote;0,73;0,66;195;69,49;39,86
LogisticRegression;0,71;0,64;195;67,8;35,09
NaiveBayes;0,75;0,65;195;71,19;41,52
MultinomialNB;0,76;0,68;195;72,88;45,05
BernoulliNB;0,73;0,6;195;67,8;34,41
LinearSVC;0,71;0,64;195;67,8;35,09
SVC_linear;0,71;0,64;195;67,8;35,09
SVC_poly;0,35;0,65;195;54,24;11,45
SVC_rbf;0,65;0,61;195;62,71;25,23
SVC_sigmoid;0,65;0,66;195;66,1;32,49
SGD;0,75;0,78;195;76,27;52,91
MLP;0,71;0,64;195;67,8;35,09
RandomForest;0,73;0,49;195;64,41;26,73
AdaBoost;0,6;0,71;195;66,1;33,41
Vote;0,73;0,66;195;69,49;38,4
LogisticRegression;0,74;0,68;195;71,19;41,92
NaiveBayes;0,82;0,72;195;77,97;55,12
MultinomialNB;0,8;0,71;195;76,27;51,75
BernoulliNB;0,78;0,6;195;71,19;40,9
LinearSVC;0,7;0,69;195;69,49;39,04
SVC_linear;0,72;0,74;195;72,88;46,18
SVC_poly;0,75;0,59;195;69,49;37,53
SVC_rbf;0,76;0,69;195;72,88;45,24
SVC_sigmoid;0,77;0,79;195;77,97;56,35
SGD;0,69;0,76;195;72,88;46,55
MLP;0,7;0,65;195;67,8;35,31
RandomForest;0,73;0,52;195;66,1;30,34
AdaBoost;0,66;0,75;195;71,19;43,49
Vote;0,74;0,68;195;71,19;41,92
LogisticRegression;0,68;0,64;195;66,1;33,26
NaiveBayes;0,7;0,65;195;67,8;36,77
MultinomialNB;0,7;0,69;195;69,49;39,59
BernoulliNB;0,7;0,5;195;62,71;28,99
LinearSVC;0,68;0,64;195;66,1;33,26
SVC_linear;0,68;0,64;195;66,1;33,26
SVC_poly;0,63;0;195;45,76;0
SVC_rbf;0,7;0,65;195;67,8;36,77
SVC_sigmoid;0,68;0,76;195;72,88;44,73
SGD;0,64;0,71;195;67,8;34,94
MLP;0,68;0,64;195;66,1;33,26
RandomForest;0,73;0,69;195;71,19;43,43
AdaBoost;0,53;0,74;195;66,1;29,26
Vote;0,68;0,64;195;66,1;33,26
LogisticRegression;0,78;0,74;195;76,27;52,25
NaiveBayes;0,84;0,72;195;79,66;56,99
MultinomialNB;0,85;0,75;195;81,36;60,74
BernoulliNB;0,77;0,7;195;74,58;48,22
LinearSVC;0,76;0,73;195;74,58;49,05
SVC_linear;0,79;0,77;195;77,97;56,2
SVC_poly;0;0,61;195;44,07;0
SVC_rbf;0,78;0,69;195;74,58;47,79
SVC_sigmoid;0,72;0,72;195;71,19;43,17
SGD;0,65;0,68;195;66,1;33,93
MLP;0,78;0,74;195;76,27;52,25
RandomForest;0,62;0,72;195;67,8;38,44
AdaBoost;0,71;0,47;195;62,71;21,14
Vote;0,78;0,74;195;76,27;52,25
LogisticRegression;0,76;0,72;195;74,58;48,93
NaiveBayes;0,75;0,59;195;69,49;37,53
MultinomialNB;0,77;0,65;195;72,88;44,67
BernoulliNB;0,71;0,42;195;61,02;19,47
LinearSVC;0,65;0,66;195;66,1;32,49
SVC_linear;0,68;0,71;195;69,49;39,45
SVC_poly;0,68;0,71;195;69,49;39,45
SVC_rbf;0,7;0,65;195;67,8;35,31
SVC_sigmoid;0,73;0,72;195;72,88;45,81
SGD;0,74;0,78;195;76,27;53,07
MLP;0,7;0,69;195;69,49;39,04
RandomForest;0,51;0,68;195;61,02;23,81
AdaBoost;0,7;0,37;195;59,32;15,81
Vote;0,76;0,72;195;74,58;48,93
LogisticRegression;0,8;0,78;195;79,66;59,26
NaiveBayes;0,76;0,65;195;71,19;42,06
MultinomialNB;0,79;0,74;195;76,27;52,36
BernoulliNB;0,74;0,58;195;67,8;35,09
LinearSVC;0,78;0,77;195;77,97;55,89
SVC_linear;0,77;0,76;195;76,27;52,53
SVC_poly;0,68;0;195;50,85;0
SVC_rbf;0,74;0,68;195;71,19;42,19
SVC_sigmoid;0,7;0,75;195;72,88;45,93
SGD;0,73;0,77;195;74,58;49,28
MLP;0,77;0,72;195;74,58;48,99
RandomForest;0,75;0,61;195;69,49;38,54
AdaBoost;0,55;0,71;195;64,41;29,32
Vote;0,78;0,71;195;74,58;48,93
LogisticRegression;0,8;0,75;195;77,97;55,59
NaiveBayes;0,8;0,71;195;76,27;51,75
MultinomialNB;0,79;0,73;195;76,27;52,09
BernoulliNB;0,81;0,69;195;76,27;51,41
LinearSVC;0,78;0,74;195;76,27;52,25
SVC_linear;0,79;0,76;195;77,97;55,74
SVC_poly;0,81;0,75;195;77,97;55,43
SVC_rbf;0,77;0,72;195;74,58;48,76
SVC_sigmoid;0,71;0,71;195;71,19;42,52
SGD;0,59;0,63;195;61,02;22,77
MLP;0,8;0,75;195;77,97;55,59
RandomForest;0,57;0,72;195;66,1;33,86
AdaBoost;0,61;0,72;195;67,8;36,85
Vote;0,79;0,73;195;76,27;52,09
LogisticRegression;0,82;0,83;2776;83,19;66,33
NaiveBayes;0,86;0,85;2776;85,23;70,57
MultinomialNB;0,86;0,86;2776;85,95;72,01
BernoulliNB;0,86;0,85;2776;85,59;71,32
LinearSVC;0,8;0,82;2776;81,27;62,51
SVC_linear;0,8;0,81;2776;80,91;61,78
SVC_poly;0,65;0;2776;47,66;0
SVC_rbf;0,83;0,85;2776;84,15;68,18
SVC_sigmoid;0,76;0,78;2776;77,31;54,52
SGD;0,81;0,81;2776;81,63;63,33
MLP;0,83;0,84;2776;83,43;66,83
RandomForest;0,82;0,84;2776;83,31;66,53
AdaBoost;0,67;0,79;2776;74,19;47,41
Vote;0,84;0,85;2776;84,51;69,02
LogisticRegression;0,84;0,86;2776;84,99;69,92
NaiveBayes;0,87;0,86;2776;86,43;72,93
MultinomialNB;0,86;0,85;2776;85,59;71,26
BernoulliNB;0,86;0,85;2776;85,59;71,28
LinearSVC;0,82;0,84;2776;83,55;67,03
SVC_linear;0,83;0,84;2776;84,27;68,5
SVC_poly;0,65;0;2776;48,26;0
SVC_rbf;0,84;0,86;2776;85,11;70,11
SVC_sigmoid;0,75;0,76;2776;75,63;51,23
SGD;0,82;0,84;2776;82,95;65,76
MLP;0,85;0,86;2776;85,47;70,89
RandomForest;0,8;0,84;2776;82,59;64,96
AdaBoost;0,68;0,79;2776;74,55;48,42
Vote;0,85;0,86;2776;85,83;71,62
LogisticRegression;0,85;0,86;2776;86,07;72,11
NaiveBayes;0,87;0,86;2776;86,67;73,39
MultinomialNB;0,87;0,87;2776;86,67;73,4
BernoulliNB;0,87;0,87;2776;86,79;73,65
LinearSVC;0,83;0,84;2776;83,79;67,53
SVC_linear;0,83;0,84;2776;83,55;67,06
SVC_poly;0,65;0;2776;48,5;0
SVC_rbf;0,85;0,86;2776;86,07;72,09
SVC_sigmoid;0,8;0,81;2776;81,03;62,05
SGD;0,82;0,85;2776;83,79;67,47
MLP;0,85;0,86;2776;85,83;71,62
RandomForest;0,84;0,85;2776;84,63;69,2
AdaBoost;0,71;0,8;2776;76,23;51,99
Vote;0,86;0,87;2776;86,55;73,08
LogisticRegression;0,82;0,83;2776;83,07;66,1
NaiveBayes;0,85;0,84;2776;84,87;69,79
MultinomialNB;0,85;0,84;2776;84,39;68,84
BernoulliNB;0,85;0,84;2776;84,27;68,6
LinearSVC;0,81;0,83;2776;82,23;64,43
SVC_linear;0,81;0,83;2776;82,35;64,67
SVC_poly;0,66;0;2776;48,98;0
SVC_rbf;0,82;0,85;2776;83,67;67,28
SVC_sigmoid;0,77;0,78;2776;77,79;55,58
SGD;0,8;0,83;2776;81,75;63,41
MLP;0,82;0,84;2776;83,55;67,05
RandomForest;0,79;0,81;2776;80,55;61,02
AdaBoost;0,72;0,79;2776;75,99;51,71
Vote;0,82;0,83;2776;83,31;66,59
LogisticRegression;0,85;0,85;2776;84,99;69,99
NaiveBayes;0,86;0,84;2776;84,87;69,81
MultinomialNB;0,85;0,84;2776;84,39;68,86
BernoulliNB;0,85;0,83;2776;84,15;68,39
LinearSVC;0,82;0,81;2776;81,87;63,77
SVC_linear;0,82;0,81;2776;81,63;63,28
SVC_poly;0,66;0;2776;48,98;0
SVC_rbf;0,85;0,86;2776;85,47;70,93
SVC_sigmoid;0,78;0,78;2776;78,15;56,34
SGD;0,82;0,81;2776;81,51;63,06
MLP;0,83;0,83;2776;83,31;66,63
RandomForest;0,84;0,85;2776;84,63;69,26
AdaBoost;0,71;0,79;2776;75,63;50,95
Vote;0,85;0,85;2776;85,35;70,72
LogisticRegression;0,84;0,85;2776;84,63;69,23
NaiveBayes;0,86;0,86;2776;86,43;72,9
MultinomialNB;0,87;0,86;2776;86,79;73,62
BernoulliNB;0,87;0,86;2776;86,67;73,38
LinearSVC;0,81;0,82;2776;81,99;63,96
SVC_linear;0,81;0,82;2776;81,87;63,71
SVC_poly;0,66;0;2776;48,98;0
SVC_rbf;0,85;0,87;2776;85,95;71,86
SVC_sigmoid;0,77;0,78;2776;78,03;56,04
SGD;0,81;0,8;2776;80,91;61,88
MLP;0,83;0,84;2776;84,15;68,29
RandomForest;0,84;0,86;2776;84,87;69,68
AdaBoost;0,73;0,81;2776;77,79;55,32
Vote;0,85;0,86;2776;85,59;71,17
LogisticRegression;0,85;0,85;2776;85,35;70,71
NaiveBayes;0,87;0,86;2776;86,43;72,92
MultinomialNB;0,86;0,85;2776;85,35;70,77
BernoulliNB;0,86;0,84;2776;84,99;70,06
LinearSVC;0,83;0,84;2776;83,55;67,09
SVC_linear;0,83;0,84;2776;83,91;67,8
SVC_poly;0,66;0;2776;49,1;0
SVC_rbf;0,86;0,87;2776;86,79;73,56
SVC_sigmoid;0,78;0,79;2776;78,63;57,27
SGD;0,81;0,8;2776;81,03;62,11
MLP;0,85;0,85;2776;85,71;71,43
RandomForest;0,85;0,87;2776;85,71;71,38
AdaBoost;0,73;0,81;2776;77,79;55,34
Vote;0,85;0,85;2776;85,59;71,19
LogisticRegression;0,85;0,86;2776;85,35;70,69
NaiveBayes;0,87;0,86;2776;86,55;73,15
MultinomialNB;0,87;0,86;2776;86,07;72,2
BernoulliNB;0,87;0,85;2776;85,95;71,96
LinearSVC;0,83;0,84;2776;84,03;68,05
SVC_linear;0,83;0,84;2776;83,55;67,1
SVC_poly;0,66;0;2776;49,1;0
SVC_rbf;0,86;0,87;2776;86,67;73,31
SVC_sigmoid;0,79;0,81;2776;79,71;59,37
SGD;0,83;0,82;2776;82,71;65,47
MLP;0,85;0,85;2776;85,11;70,22
RandomForest;0,85;0,87;2776;86,07;72,12
AdaBoost;0,69;0,8;2776;75,27;50,19
Vote;0,85;0,86;2776;85,83;71,67
LogisticRegression;0,83;0,85;2776;84,39;68,74
NaiveBayes;0,86;0,86;2776;85,71;71,43
MultinomialNB;0,86;0,86;2776;85,95;71,93
BernoulliNB;0,86;0,86;2776;85,83;71,68
LinearSVC;0,81;0,82;2776;81,75;63,47
SVC_linear;0,82;0,83;2776;82,23;64,44
SVC_poly;0,66;0;2776;49,1;0
SVC_rbf;0,83;0,85;2776;84,63;69,21
SVC_sigmoid;0,77;0,79;2776;78,39;56,74
SGD;0,82;0,82;2776;82,11;64,23
MLP;0,83;0,84;2776;83,79;67,55
RandomForest;0,81;0,84;2776;82,83;65,59
AdaBoost;0,69;0,79;2776;75,03;49,73
Vote;0,85;0,86;2776;85,83;71,64
LogisticRegression;0,84;0,85;2776;85,23;70,45
NaiveBayes;0,87;0,86;2776;86,43;72,9
MultinomialNB;0,87;0,86;2776;86,43;72,91
BernoulliNB;0,87;0,86;2776;86,19;72,43
LinearSVC;0,81;0,82;2776;81,87;63,74
SVC_linear;0,82;0,82;2776;82,11;64,22
SVC_poly;0,66;0;2776;49,1;0
SVC_rbf;0,84;0,85;2776;85,35;70,68
SVC_sigmoid;0,78;0,79;2776;78,75;57,49
SGD;0,81;0,83;2776;82,23;64,39
MLP;0,84;0,85;2776;84,39;68,76
RandomForest;0,84;0,85;2776;84,51;68,98
AdaBoost;0,7;0,8;2776;75,75;51,21
Vote;0,86;0,87;2776;86,31;72,61
LogisticRegression;0,84;0,84;2776;84,15;68,3
NaiveBayes;0,85;0,84;2776;84,63;69,31
MultinomialNB;0,85;0,84;2776;85,11;70,27
BernoulliNB;0,86;0,84;2776;85,23;70,51
LinearSVC;0,83;0,83;2776;83,43;66,86
SVC_linear;0,83;0,83;2776;83,19;66,39
SVC_poly;0,66;0;2776;49,22;0
SVC_rbf;0,83;0,84;2776;83,91;67,8
SVC_sigmoid;0,77;0,77;2776;77,07;54,15
SGD;0,83;0,83;2776;82,95;65,93
MLP;0,84;0,84;2776;84,03;68,07
RandomForest;0,82;0,84;2776;83,31;66,59
AdaBoost;0,68;0,78;2776;73,35;46,4
Vote;0,85;0,85;2776;84,87;69,75
LogisticRegression;0,84;0,86;2776;85,35;70,68
NaiveBayes;0,85;0,85;2776;85,83;71,68
MultinomialNB;0,85;0,84;2776;84,87;69,77
BernoulliNB;0,85;0,84;2776;84,99;70,01
LinearSVC;0,82;0,83;2776;82,95;65,89
SVC_linear;0,82;0,83;2776;82,47;64,92
SVC_poly;0,66;0;2776;49,34;0
SVC_rbf;0,83;0,85;2776;84,39;68,75
SVC_sigmoid;0,77;0,78;2776;77,43;54,85
SGD;0,81;0,81;2776;81,27;62,55
MLP;0,84;0,86;2776;85,35;70,68
RandomForest;0,85;0,86;2776;85,23;70,44
AdaBoost;0,71;0,8;2776;75,87;51,52
Vote;0,85;0,86;2776;85,71;71,4
LogisticRegression;0,85;0,85;2776;85,35;70,7
NaiveBayes;0,86;0,85;2776;85,47;70,97
MultinomialNB;0,86;0,84;2776;84,99;70,02
BernoulliNB;0,86;0,84;2776;84,99;70,02
LinearSVC;0,84;0,84;2776;84,75;69,51
SVC_linear;0,83;0,83;2776;83,31;66,63
SVC_poly;0,67;0;2776;49,58;0
SVC_rbf;0,85;0,86;2776;85,95;71,9
SVC_sigmoid;0,79;0,78;2776;78,39;56,8
SGD;0,81;0,81;2776;81,27;62,56
MLP;0,85;0,85;2776;84,63;69,27
RandomForest;0,83;0,83;2776;83,31;66,63
AdaBoost;0,72;0,78;2776;75,63;51,15
Vote;0,85;0,85;2776;85,71;71,43
LogisticRegression;0,83;0,83;2776;83,43;66,86
NaiveBayes;0,86;0,85;2776;85,95;71,92
MultinomialNB;0,86;0,84;2776;85,23;70,48
BernoulliNB;0,86;0,85;2776;85,59;71,2
LinearSVC;0,83;0,84;2776;83,79;67,58
SVC_linear;0,84;0,84;2776;84,15;68,31
SVC_poly;0,67;0;2776;49,7;0
SVC_rbf;0,83;0,84;2776;83,79;67,57
SVC_sigmoid;0,77;0,77;2776;77,07;54,15
SGD;0,83;0,84;2776;83,55;67,09
MLP;0,83;0,84;2776;83,91;67,82
RandomForest;0,81;0,82;2776;81,51;63
AdaBoost;0,71;0,79;2776;75,39;50,69
Vote;0,84;0,84;2776;84,03;68,06
LogisticRegression;0,83;0,84;2776;84,27;68,55
NaiveBayes;0,88;0,87;2776;87,39;74,79
MultinomialNB;0,87;0,86;2776;86,43;72,87
BernoulliNB;0,87;0,86;2776;86,55;73,11
LinearSVC;0,81;0,82;2776;81,87;63,75
SVC_linear;0,81;0,82;2776;81,51;63,03
SVC_poly;0,67;0;2776;50,06;0
SVC_rbf;0,84;0,85;2776;84,39;68,79
SVC_sigmoid;0,77;0,78;2776;78,03;56,06
SGD;0,81;0,83;2776;81,87;63,75
MLP;0,83;0,84;2776;84,03;68,07
RandomForest;0,82;0,83;2776;82,71;65,43
AdaBoost;0,71;0,8;2776;75,99;52
Vote;0,84;0,85;2776;84,39;68,79
LogisticRegression;0,85;0,86;2776;85,83;71,67
NaiveBayes;0,87;0,86;2776;86,31;72,63
MultinomialNB;0,86;0,86;2776;86,19;72,39
BernoulliNB;0,86;0,85;2776;85,71;71,43
LinearSVC;0,83;0,83;2776;83,07;66,15
SVC_linear;0,83;0,83;2776;83,31;66,63
SVC_poly;0,67;0;2776;50,06;0
SVC_rbf;0,86;0,87;2776;86,91;73,83
SVC_sigmoid;0,79;0,79;2776;79,47;58,95
SGD;0,83;0,82;2776;82,23;64,46
MLP;0,85;0,85;2776;85,35;70,71
RandomForest;0,84;0,85;2776;84,87;69,75
AdaBoost;0,71;0,8;2776;76,23;52,48
Vote;0,86;0,86;2776;86,55;73,11
LogisticRegression;0,83;0,83;2776;83,55;67,11
NaiveBayes;0,86;0,85;2776;85,71;71,42
MultinomialNB;0,87;0,85;2776;85,59;71,18
BernoulliNB;0,86;0,84;2776;85,35;70,7
LinearSVC;0,81;0,81;2776;81,51;63,02
SVC_linear;0,83;0,82;2776;82,35;64,7
SVC_poly;0,67;0;2776;50,06;0
SVC_rbf;0,83;0,84;2776;83,79;67,59
SVC_sigmoid;0,77;0,77;2776;77,19;54,38
SGD;0,82;0,8;2776;81,39;62,78
MLP;0,83;0,83;2776;83,31;66,63
RandomForest;0,83;0,83;2776;83,55;67,11
AdaBoost;0,73;0,8;2776;76,59;53,2
Vote;0,84;0,84;2776;84,39;68,79
LogisticRegression;0,84;0,84;2776;84,51;69,03
NaiveBayes;0,87;0,86;2776;86,43;72,86
MultinomialNB;0,87;0,86;2776;86,55;73,1
BernoulliNB;0,87;0,86;2776;86,67;73,34
LinearSVC;0,82;0,82;2776;82,35;64,71
SVC_linear;0,83;0,83;2776;82,83;65,67
SVC_poly;0,67;0;2776;50,18;0
SVC_rbf;0,85;0,86;2776;85,71;71,43
SVC_sigmoid;0,8;0,8;2776;79,95;59,9
SGD;0,81;0,79;2776;80,67;61,33
MLP;0,84;0,84;2776;84,15;68,31
RandomForest;0,83;0,85;2776;84,15;68,32
AdaBoost;0,73;0,8;2776;76,71;53,47
Vote;0,85;0,85;2776;85,11;70,23
LogisticRegression;0,85;0,86;2776;85,83;71,68
NaiveBayes;0,88;0,87;2776;87,52;75,02
MultinomialNB;0,86;0,86;2776;86,19;72,38
BernoulliNB;0,87;0,86;2776;86,67;73,34
LinearSVC;0,83;0,84;2776;83,91;67,84
SVC_linear;0,83;0,84;2776;83,79;67,59
SVC_poly;0,67;0;2776;50,3;0
SVC_rbf;0,84;0,86;2776;85,23;70,49
SVC_sigmoid;0,74;0,76;2776;75,39;50,81
SGD;0,82;0,82;2776;82,83;65,67
MLP;0,85;0,86;2776;85,59;71,2
RandomForest;0,84;0,85;2776;84,51;69,05
AdaBoost;0,65;0,78;2776;72,63;45,4
Vote;0,87;0,87;2776;87,15;74,32
LogisticRegression;0,83;0,83;2776;83,07;66,16
NaiveBayes;0,85;0,84;2776;85,23;70,45
MultinomialNB;0,86;0,84;2776;84,99;69,96
BernoulliNB;0,85;0,84;2776;84,87;69,72
LinearSVC;0,82;0,82;2776;82,23;64,46
SVC_linear;0,82;0,82;2776;82,11;64,22
SVC_poly;0;0,66;2776;49,46;0
SVC_rbf;0,83;0,84;2776;83,55;67,13
SVC_sigmoid;0,77;0,77;2776;77,31;54,62
SGD;0,8;0,81;2776;80,55;61,14
MLP;0,83;0,83;2776;83,31;66,63
RandomForest;0,81;0,83;2776;81,51;63,07
AdaBoost;0,68;0,76;2776;72,51;45,2
Vote;0,83;0,83;2776;83,19;66,39
LogisticRegression;0,85;0,86;2776;85,59;71,22
NaiveBayes;0,88;0,87;2776;87,39;74,76
MultinomialNB;0,87;0,86;2776;86,55;73,07
BernoulliNB;0,87;0,86;2776;86,91;73,8
LinearSVC;0,83;0,84;2776;83,55;67,13
SVC_linear;0,82;0,83;2776;82,83;65,68
SVC_poly;0;0,66;2776;49,22;0
SVC_rbf;0,85;0,86;2776;85,35;70,75
SVC_sigmoid;0,79;0,79;2776;78,99;58
SGD;0,83;0,82;2776;82,83;65,64
MLP;0,85;0,85;2776;85,35;70,73
RandomForest;0,83;0,85;2776;84,03;68,12
AdaBoost;0,7;0,79;2776;75,39;51,04
Vote;0,86;0,86;2776;86,55;73,11
LogisticRegression;0,85;0,85;2776;85,35;70,71
NaiveBayes;0,87;0,85;2776;86,19;72,35
MultinomialNB;0,86;0,85;2776;85,71;71,38
BernoulliNB;0,87;0,85;2776;86,07;72,11
LinearSVC;0,84;0,83;2776;83,79;67,58
SVC_linear;0,82;0,82;2776;82,35;64,69
SVC_poly;0;0,66;2776;49,22;0
SVC_rbf;0,83;0,84;2776;83,31;66,66
SVC_sigmoid;0,8;0,79;2776;79,83;59,63
SGD;0,83;0,8;2776;81,51;62,97
MLP;0,85;0,84;2776;84,63;69,27
RandomForest;0,81;0,82;2776;81,15;62,34
AdaBoost;0,7;0,78;2776;74,67;49,61
Vote;0,86;0,86;2776;86,31;72,62
LogisticRegression;0,85;0,86;2776;85,59;71,22
NaiveBayes;0,88;0,86;2776;87,03;74,04
MultinomialNB;0,87;0,86;2776;87,15;74,28
BernoulliNB;0,87;0,86;2776;87,15;74,28
LinearSVC;0,83;0,84;2776;83,55;67,13
SVC_linear;0,83;0,84;2776;83,43;66,88
SVC_poly;0;0,66;2776;49,1;0
SVC_rbf;0,84;0,85;2776;84,75;69,56
SVC_sigmoid;0,78;0,78;2776;78,27;56,56
SGD;0,82;0,81;2776;81,87;63,72
MLP;0,85;0,85;2776;84,99;70,01
RandomForest;0,79;0,82;2776;80,67;61,46
AdaBoost;0,7;0,77;2776;74,31;48,9
Vote;0,87;0,87;2776;86,91;73,84
LogisticRegression;0,85;0,85;2776;85,47;70,95
NaiveBayes;0,86;0,84;2776;85,23;70,42
MultinomialNB;0,86;0,84;2776;85,35;70,66
BernoulliNB;0,86;0,84;2776;85,35;70,67
LinearSVC;0,83;0,83;2776;83,07;66,15
SVC_linear;0,82;0,82;2776;82,11;64,22
SVC_poly;0;0,66;2776;49,1;0
SVC_rbf;0,84;0,85;2776;84,63;69,29
SVC_sigmoid;0,78;0,77;2776;77,91;55,8
SGD;0,81;0,8;2776;80,91;61,77
MLP;0,85;0,85;2776;85,11;70,23
RandomForest;0,8;0,82;2776;81,15;62,39
AdaBoost;0,67;0,77;2776;72,99;46,32
Vote;0,85;0,85;2776;84,99;69,99
LogisticRegression;0,85;0,85;2776;85,11;70,24
NaiveBayes;0,88;0,87;2776;87,39;74,74
MultinomialNB;0,88;0,87;2776;87,52;74,98
BernoulliNB;0,88;0,87;2776;87,64;75,23
LinearSVC;0,82;0,83;2776;82,95;65,93
SVC_linear;0,82;0,82;2776;82,71;65,44
SVC_poly;0;0,66;2776;49,1;0
SVC_rbf;0,84;0,85;2776;84,99;70,02
SVC_sigmoid;0,79;0,78;2776;78,87;57,7
SGD;0,84;0,83;2776;83,79;67,56
MLP;0,85;0,85;2776;84,99;70,01
RandomForest;0,82;0,84;2776;82,59;65,25
AdaBoost;0,69;0,76;2776;73,47;47,23
Vote;0,86;0,86;2776;86,43;72,88
LogisticRegression;0,85;0,85;2776;85,23;70,47
NaiveBayes;0,88;0,86;2776;87,15;74,25
MultinomialNB;0,87;0,85;2776;86,19;72,32
BernoulliNB;0,86;0,85;2776;85,83;71,61
LinearSVC;0,84;0,83;2776;83,67;67,33
SVC_linear;0,83;0,83;2776;83,19;66,37
SVC_poly;0;0,66;2776;48,98;0
SVC_rbf;0,85;0,85;2776;84,87;69,78
SVC_sigmoid;0,8;0,78;2776;78,99;57,94
SGD;0,83;0,83;2776;83,31;66,66
MLP;0,85;0,85;2776;84,99;69,99
RandomForest;0,83;0,84;2776;83,31;66,66
AdaBoost;0,7;0,77;2776;74,31;48,93
Vote;0,85;0,85;2776;85,23;70,47
LogisticRegression;0,86;0,86;2776;86,19;72,42
NaiveBayes;0,87;0,86;2776;87,27;74,51
MultinomialNB;0,88;0,87;2776;87,15;74,27
BernoulliNB;0,88;0,87;2776;87,27;74,51
LinearSVC;0,83;0,83;2776;82,95;65,94
SVC_linear;0,83;0,83;2776;82,83;65,7
SVC_poly;0;0,66;2776;48,86;0
SVC_rbf;0,85;0,86;2776;85,71;71,47
SVC_sigmoid;0,78;0,78;2776;78,15;56,32
SGD;0,81;0,83;2776;82,11;64,31
MLP;0,85;0,85;2776;84,99;70,02
RandomForest;0,83;0,83;2776;83,07;66,2
AdaBoost;0,71;0,78;2776;75,03;50,43
Vote;0,87;0,87;2776;86,67;73,37
LogisticRegression;0,86;0,86;2776;86,43;72,85
NaiveBayes;0,88;0,86;2776;87,27;74,46
MultinomialNB;0,88;0,85;2776;86,55;73
BernoulliNB;0,88;0,86;2776;86,91;73,74
LinearSVC;0,85;0,84;2776;84,51;69,01
SVC_linear;0,84;0,83;2776;84,03;68,04
SVC_poly;0;0,66;2776;48,86;0
SVC_rbf;0,86;0,85;2776;85,83;71,66
SVC_sigmoid;0,78;0,76;2776;77,43;54,81
SGD;0,84;0,81;2776;82,71;65,33
MLP;0,86;0,85;2776;85,83;71,66
RandomForest;0,86;0,85;2776;85,71;71,42
AdaBoost;0,71;0,79;2776;75,51;51,38
Vote;0,88;0,87;2776;87,39;74,76
LogisticRegression;0,83;0,83;2776;83,43;66,89
NaiveBayes;0,88;0,85;2776;86,91;73,71
MultinomialNB;0,87;0,85;2776;86,67;73,21
BernoulliNB;0,88;0,86;2776;87,15;74,2
LinearSVC;0,82;0,82;2776;81,99;64,06
SVC_linear;0,82;0,82;2776;82,47;65
SVC_poly;0;0,65;2776;48,02;0
SVC_rbf;0,82;0,83;2776;82,59;65,31
SVC_sigmoid;0,78;0,77;2776;77,43;54,89
SGD;0,8;0,8;2776;79,83;59,8
MLP;0,82;0,83;2776;82,83;65,73
RandomForest;0,82;0,83;2776;82,35;64,81
AdaBoost;0,71;0,77;2776;74,43;49,46
Vote;0,84;0,84;2776;84,51;69,05
LogisticRegression;0,84;0,84;2776;84,15;68,38
NaiveBayes;0,88;0,86;2776;87,39;74,7
MultinomialNB;0,87;0,85;2776;86,67;73,24
BernoulliNB;0,88;0,86;2776;87,03;73,98
LinearSVC;0,83;0,83;2776;82,83;65,75
SVC_linear;0,82;0,82;2776;82,35;64,78
SVC_poly;0;0,65;2776;47,54;0
SVC_rbf;0,83;0,84;2776;83,79;67,71
SVC_sigmoid;0,79;0,78;2776;78,63;57,21
SGD;0,81;0,82;2776;81,27;62,74
MLP;0,84;0,84;2776;84,15;68,37
RandomForest;0,81;0,83;2776;81,99;64,19
AdaBoost;0,75;0,79;2776;77,31;55,1
Vote;0,85;0,85;2776;85,23;70,51
LogisticRegression;0,85;0,85;1953;84,81;69,65
NaiveBayes;0,84;0,81;1953;82,76;65,66
MultinomialNB;0,84;0,83;1953;83,62;67,35
BernoulliNB;0,84;0,81;1953;82,76;65,68
LinearSVC;0,84;0,83;1953;83,45;66,94
SVC_linear;0,83;0,83;1953;82,76;65,57
SVC_poly;0,66;0;1953;48,81;0
SVC_rbf;0,84;0,85;1953;84,81;69,63
SVC_sigmoid;0,79;0,79;1953;79,35;58,74
SGD;0,83;0,83;1953;83,28;66,6
MLP;0,85;0,85;1953;85,15;70,33
RandomForest;0,79;0,82;1953;80,38;60,64
AdaBoost;0,67;0,77;1953;73,04;45,63
Vote;0,86;0,86;1953;86,01;72,04
LogisticRegression;0,85;0,85;1953;84,81;69,65
NaiveBayes;0,84;0,81;1953;82,76;65,66
MultinomialNB;0,84;0,83;1953;83,62;67,35
BernoulliNB;0,84;0,81;1953;82,76;65,68
LinearSVC;0,84;0,83;1953;83,45;66,94
SVC_linear;0,83;0,83;1953;82,76;65,57
SVC_poly;0,66;0;1953;48,81;0
SVC_rbf;0,84;0,85;1953;84,81;69,63
SVC_sigmoid;0,79;0,79;1953;79,35;58,74
SGD;0,83;0,83;1953;83,28;66,6
MLP;0,85;0,85;1953;85,15;70,33
RandomForest;0,79;0,82;1953;80,38;60,64
AdaBoost;0,67;0,77;1953;73,04;45,63
Vote;0,86;0,86;1953;86,01;72,04
LogisticRegression;0,85;0,85;1953;84,81;69,65
NaiveBayes;0,84;0,81;1953;82,76;65,66
MultinomialNB;0,84;0,83;1953;83,62;67,35
BernoulliNB;0,84;0,81;1953;82,76;65,68
LinearSVC;0,84;0,83;1953;83,45;66,94
SVC_linear;0,83;0,83;1953;82,76;65,57
SVC_poly;0,66;0;1953;48,81;0
SVC_rbf;0,84;0,85;1953;84,81;69,63
SVC_sigmoid;0,79;0,79;1953;79,35;58,74
SGD;0,83;0,83;1953;83,28;66,6
MLP;0,85;0,85;1953;85,15;70,33
RandomForest;0,79;0,82;1953;80,38;60,64
AdaBoost;0,67;0,77;1953;73,04;45,63
Vote;0,86;0,86;1953;86,01;72,04
LogisticRegression;0,85;0,86;1953;85,67;71,32
NaiveBayes;0,87;0,86;1953;86,52;73,07
MultinomialNB;0,87;0,86;1953;86,18;72,38
BernoulliNB;0,86;0,84;1953;84,98;70,01
LinearSVC;0,83;0,84;1953;84,3;68,59
SVC_linear;0,83;0,84;1953;83,79;67,57
SVC_poly;0,66;0;1953;49,49;0
SVC_rbf;0,87;0,88;1953;87,54;75,08
SVC_sigmoid;0,78;0,79;1953;78,5;56,97
SGD;0,83;0,83;1953;82,94;65,87
MLP;0,84;0,85;1953;84,81;69,61
RandomForest;0,79;0,83;1953;81,06;62,03
AdaBoost;0,7;0,79;1953;75,43;50,67
Vote;0,86;0,86;1953;86,01;72,01
LogisticRegression;0,84;0,84;1953;84,13;68,26
NaiveBayes;0,85;0,83;1953;84,13;68,31
MultinomialNB;0,85;0,83;1953;84,13;68,31
BernoulliNB;0,84;0,81;1953;83,28;66,62
LinearSVC;0,82;0,82;1953;82,59;65,2
SVC_linear;0,82;0,82;1953;82,76;65,54
SVC_poly;0,66;0;1953;49,49;0
SVC_rbf;0,83;0,84;1953;83,79;67,57
SVC_sigmoid;0,77;0,78;1953;77,82;55,63
SGD;0,82;0,82;1953;82,59;65,2
MLP;0,82;0,83;1953;82,94;65,87
RandomForest;0,8;0,83;1953;82,08;64,09
AdaBoost;0,66;0,78;1953;73,21;46,19
Vote;0,84;0,84;1953;84,47;68,95
LogisticRegression;0,85;0,86;1953;85,67;71,32
NaiveBayes;0,87;0,86;1953;86,52;73,07
MultinomialNB;0,87;0,86;1953;86,18;72,38
BernoulliNB;0,86;0,84;1953;84,98;70,01
LinearSVC;0,83;0,84;1953;84,3;68,59
SVC_linear;0,83;0,84;1953;83,79;67,57
SVC_poly;0,66;0;1953;49,49;0
SVC_rbf;0,87;0,88;1953;87,54;75,08
SVC_sigmoid;0,78;0,79;1953;78,5;56,97
SGD;0,83;0,83;1953;82,94;65,87
MLP;0,84;0,85;1953;84,81;69,61
RandomForest;0,79;0,83;1953;81,06;62,03
AdaBoost;0,7;0,79;1953;75,43;50,67
Vote;0,86;0,86;1953;86,01;72,01
LogisticRegression;0,84;0,84;1953;84,13;68,26
NaiveBayes;0,85;0,83;1953;84,13;68,31
MultinomialNB;0,85;0,83;1953;84,13;68,31
BernoulliNB;0,84;0,81;1953;83,28;66,62
LinearSVC;0,82;0,82;1953;82,59;65,2
SVC_linear;0,82;0,82;1953;82,76;65,54
SVC_poly;0,66;0;1953;49,49;0
SVC_rbf;0,83;0,84;1953;83,79;67,57
SVC_sigmoid;0,77;0,78;1953;77,82;55,63
SGD;0,82;0,82;1953;82,59;65,2
MLP;0,82;0,83;1953;82,94;65,87
RandomForest;0,8;0,83;1953;82,08;64,09
AdaBoost;0,66;0,78;1953;73,21;46,19
Vote;0,84;0,84;1953;84,47;68,95
LogisticRegression;0,85;0,86;1953;85,67;71,32
NaiveBayes;0,87;0,86;1953;86,52;73,07
MultinomialNB;0,87;0,86;1953;86,18;72,38
BernoulliNB;0,86;0,84;1953;84,98;70,01
LinearSVC;0,83;0,84;1953;84,3;68,59
SVC_linear;0,83;0,84;1953;83,79;67,57
SVC_poly;0,66;0;1953;49,49;0
SVC_rbf;0,87;0,88;1953;87,54;75,08
SVC_sigmoid;0,78;0,79;1953;78,5;56,97
SGD;0,83;0,83;1953;82,94;65,87
MLP;0,84;0,85;1953;84,81;69,61
RandomForest;0,79;0,83;1953;81,06;62,03
AdaBoost;0,7;0,79;1953;75,43;50,67
Vote;0,86;0,86;1953;86,01;72,01
LogisticRegression;0,84;0,84;1953;84,13;68,26
NaiveBayes;0,85;0,83;1953;84,13;68,31
MultinomialNB;0,85;0,83;1953;84,13;68,31
BernoulliNB;0,84;0,81;1953;83,28;66,62
LinearSVC;0,82;0,82;1953;82,59;65,2
SVC_linear;0,82;0,82;1953;82,76;65,54
SVC_poly;0,66;0;1953;49,49;0
SVC_rbf;0,83;0,84;1953;83,79;67,57
SVC_sigmoid;0,77;0,78;1953;77,82;55,63
SGD;0,82;0,82;1953;82,59;65,2
MLP;0,82;0,83;1953;82,94;65,87
RandomForest;0,8;0,83;1953;82,08;64,09
AdaBoost;0,66;0,78;1953;73,21;46,19
Vote;0,84;0,84;1953;84,47;68,95
LogisticRegression;0,85;0,85;1953;85,15;70,31
NaiveBayes;0,87;0,85;1953;86,01;72,03
MultinomialNB;0,87;0,86;1953;86,35;72,71
BernoulliNB;0,87;0,85;1953;86,18;72,37
LinearSVC;0,82;0,82;1953;82,25;64,51
SVC_linear;0,82;0,82;1953;82,42;64,85
SVC_poly;0,67;0;1953;49,83;0
SVC_rbf;0,84;0,85;1953;84,81;69,62
SVC_sigmoid;0,79;0,8;1953;79,35;58,7
SGD;0,82;0,82;1953;82,08;64,16
MLP;0,85;0,85;1953;84,98;69,96
RandomForest;0,8;0,84;1953;82,08;64,14
AdaBoost;0,72;0,81;1953;77,13;54,21
Vote;0,86;0,85;1953;85,67;71,33
LogisticRegression;0,86;0,86;1953;86,18;72,35
NaiveBayes;0,85;0,83;1953;84,3;68,54
MultinomialNB;0,86;0,83;1953;84,98;69,91
BernoulliNB;0,85;0,82;1953;83,79;67,51
LinearSVC;0,85;0,85;1953;85,15;70,3
SVC_linear;0,85;0,84;1953;84,47;68,93
SVC_poly;0,68;0;1953;50,51;0
SVC_rbf;0,85;0,85;1953;85,32;70,65
SVC_sigmoid;0,8;0,77;1953;78,84;57,63
SGD;0,84;0,82;1953;82,76;65,5
MLP;0,87;0,86;1953;86,35;72,69
RandomForest;0,83;0,85;1953;83,96;67,97
AdaBoost;0,69;0,78;1953;74,57;49,35
Vote;0,86;0,85;1953;85,84;71,66
LogisticRegression;0,83;0,84;1953;83,62;67,26
NaiveBayes;0,85;0,81;1953;82,94;65,77
MultinomialNB;0,84;0,81;1953;82,59;65,09
BernoulliNB;0,84;0,8;1953;82,59;65,08
LinearSVC;0,82;0,82;1953;81,91;63,85
SVC_linear;0,82;0,82;1953;81,91;63,83
SVC_poly;0;0,66;1953;49,15;0
SVC_rbf;0,84;0,84;1953;83,96;67,96
SVC_sigmoid;0,76;0,75;1953;75,77;51,52
SGD;0,82;0,81;1953;81,4;62,78
MLP;0,84;0,84;1953;84,13;68,29
RandomForest;0,76;0,81;1953;78,67;57,49
AdaBoost;0,66;0,76;1953;71,67;43,67
Vote;0,84;0,84;1953;84,3;68,61
LogisticRegression;0,84;0,84;1953;84,47;68,93
NaiveBayes;0,85;0,82;1953;83,62;67,13
MultinomialNB;0,86;0,83;1953;84,64;69,19
BernoulliNB;0,85;0,82;1953;83,79;67,47
LinearSVC;0,82;0,81;1953;81,91;63,8
SVC_linear;0,81;0,8;1953;81,06;62,09
SVC_poly;0;0,66;1953;49,15;0
SVC_rbf;0,84;0,83;1953;83,79;67,58
SVC_sigmoid;0,79;0,77;1953;78,5;56,94
SGD;0,8;0,79;1953;80,2;60,39
MLP;0,84;0,83;1953;83,79;67,57
RandomForest;0,84;0,84;1953;84,3;68,62
AdaBoost;0,67;0,77;1953;72,53;45,39
Vote;0,85;0,84;1953;84,13;68,24
LogisticRegression;0,84;0,84;1953;84,47;68,93
NaiveBayes;0,85;0,82;1953;83,62;67,13
MultinomialNB;0,86;0,83;1953;84,64;69,19
BernoulliNB;0,85;0,82;1953;83,79;67,47
LinearSVC;0,82;0,81;1953;81,91;63,8
SVC_linear;0,81;0,8;1953;81,06;62,09
SVC_poly;0;0,66;1953;49,15;0
SVC_rbf;0,84;0,83;1953;83,79;67,58
SVC_sigmoid;0,79;0,77;1953;78,5;56,94
SGD;0,8;0,79;1953;80,2;60,39
MLP;0,84;0,83;1953;83,79;67,57
RandomForest;0,84;0,84;1953;84,3;68,62
AdaBoost;0,67;0,77;1953;72,53;45,39
Vote;0,85;0,84;1953;84,13;68,24
LogisticRegression;0,84;0,84;1953;84,47;68,93
NaiveBayes;0,85;0,82;1953;83,62;67,13
MultinomialNB;0,86;0,83;1953;84,64;69,19
BernoulliNB;0,85;0,82;1953;83,79;67,47
LinearSVC;0,82;0,81;1953;81,91;63,8
SVC_linear;0,81;0,8;1953;81,06;62,09
SVC_poly;0;0,66;1953;49,15;0
SVC_rbf;0,84;0,83;1953;83,79;67,58
SVC_sigmoid;0,79;0,77;1953;78,5;56,94
SGD;0,8;0,79;1953;80,2;60,39
MLP;0,84;0,83;1953;83,79;67,57
RandomForest;0,84;0,84;1953;84,3;68,62
AdaBoost;0,67;0,77;1953;72,53;45,39
Vote;0,85;0,84;1953;84,13;68,24
LogisticRegression;0,86;0,86;1953;85,67;71,36
NaiveBayes;0,86;0,84;1953;85,49;70,91
MultinomialNB;0,86;0,84;1953;85,32;70,57
BernoulliNB;0,85;0,84;1953;84,64;69,19
LinearSVC;0,82;0,83;1953;82,76;65,58
SVC_linear;0,84;0,84;1953;84,3;68,64
SVC_poly;0;0,66;1953;48,63;0
SVC_rbf;0,85;0,86;1953;85,49;71,06
SVC_sigmoid;0,81;0,8;1953;81,23;62,44
SGD;0,84;0,83;1953;83,62;67,22
MLP;0,84;0,84;1953;83,79;67,62
RandomForest;0,79;0,81;1953;80,38;60,9
AdaBoost;0,67;0,77;1953;72,87;46,27
Vote;0,85;0,85;1953;85,32;70,66
LogisticRegression;0,86;0,86;1953;85,67;71,36
NaiveBayes;0,86;0,84;1953;85,49;70,91
MultinomialNB;0,86;0,84;1953;85,32;70,57
BernoulliNB;0,85;0,84;1953;84,64;69,19
LinearSVC;0,82;0,83;1953;82,76;65,58
SVC_linear;0,84;0,84;1953;84,3;68,64
SVC_poly;0;0,66;1953;48,63;0
SVC_rbf;0,85;0,86;1953;85,49;71,06
SVC_sigmoid;0,81;0,8;1953;81,23;62,44
SGD;0,84;0,83;1953;83,62;67,22
MLP;0,84;0,84;1953;83,79;67,62
RandomForest;0,79;0,81;1953;80,38;60,9
AdaBoost;0,67;0,77;1953;72,87;46,27
Vote;0,85;0,85;1953;85,32;70,66
LogisticRegression;0,86;0,86;1953;85,67;71,36
NaiveBayes;0,86;0,84;1953;85,49;70,91
MultinomialNB;0,86;0,84;1953;85,32;70,57
BernoulliNB;0,85;0,84;1953;84,64;69,19
LinearSVC;0,82;0,83;1953;82,76;65,58
SVC_linear;0,84;0,84;1953;84,3;68,64
SVC_poly;0;0,66;1953;48,63;0
SVC_rbf;0,85;0,86;1953;85,49;71,06
SVC_sigmoid;0,81;0,8;1953;81,23;62,44
SGD;0,84;0,83;1953;83,62;67,22
MLP;0,84;0,84;1953;83,79;67,62
RandomForest;0,79;0,81;1953;80,38;60,9
AdaBoost;0,67;0,77;1953;72,87;46,27
Vote;0,85;0,85;1953;85,32;70,66
LogisticRegression;0,87;0,86;1953;86,35;72,68
NaiveBayes;0,88;0,86;1953;86,86;73,55
MultinomialNB;0,87;0,84;1953;86,01;71,81
BernoulliNB;0,87;0,84;1953;85,84;71,46
LinearSVC;0,86;0,85;1953;85,49;71,02
SVC_linear;0,86;0,85;1953;85,15;70,33
SVC_poly;0;0,64;1953;46,93;0
SVC_rbf;0,87;0,87;1953;86,69;73,47
SVC_sigmoid;0,83;0,81;1953;82,42;64,74
SGD;0,84;0,83;1953;83,79;67,53
MLP;0,86;0,86;1953;86,18;72,36
RandomForest;0,79;0,8;1953;79,35;59,02
AdaBoost;0,65;0,75;1953;70,82;42,92
Vote;0,87;0,86;1953;86,35;72,63
LogisticRegression;0,87;0,86;1953;86,35;72,68
NaiveBayes;0,88;0,86;1953;86,86;73,55
MultinomialNB;0,87;0,84;1953;86,01;71,81
BernoulliNB;0,87;0,84;1953;85,84;71,46
LinearSVC;0,86;0,85;1953;85,49;71,02
SVC_linear;0,86;0,85;1953;85,15;70,33
SVC_poly;0;0,64;1953;46,93;0
SVC_rbf;0,87;0,87;1953;86,69;73,47
SVC_sigmoid;0,83;0,81;1953;82,42;64,74
SGD;0,84;0,83;1953;83,79;67,53
MLP;0,86;0,86;1953;86,18;72,36
RandomForest;0,79;0,8;1953;79,35;59,02
AdaBoost;0,65;0,75;1953;70,82;42,92
Vote;0,87;0,86;1953;86,35;72,63
LogisticRegression;0,87;0,86;1953;86,35;72,68
NaiveBayes;0,88;0,86;1953;86,86;73,55
MultinomialNB;0,87;0,84;1953;86,01;71,81
BernoulliNB;0,87;0,84;1953;85,84;71,46
LinearSVC;0,86;0,85;1953;85,49;71,02
SVC_linear;0,86;0,85;1953;85,15;70,33
SVC_poly;0;0,64;1953;46,93;0
SVC_rbf;0,87;0,87;1953;86,69;73,47
SVC_sigmoid;0,83;0,81;1953;82,42;64,74
SGD;0,84;0,83;1953;83,79;67,53
MLP;0,86;0,86;1953;86,18;72,36
RandomForest;0,79;0,8;1953;79,35;59,02
AdaBoost;0,65;0,75;1953;70,82;42,92
Vote;0,87;0,86;1953;86,35;72,63
LogisticRegression;0,85;0,83;1953;84,3;68,58
NaiveBayes;0,87;0,82;1953;84,3;68,08
MultinomialNB;0,86;0,82;1953;84,64;68,8
BernoulliNB;0,86;0,82;1953;84,64;68,86
LinearSVC;0,82;0,8;1953;81,57;63,09
SVC_linear;0,82;0,8;1953;81,06;62,02
SVC_poly;0;0,63;1953;46,42;0
SVC_rbf;0,85;0,84;1953;84,47;68,97
SVC_sigmoid;0,77;0,74;1953;75,77;51,45
SGD;0,82;0,78;1953;80,72;61,07
MLP;0,85;0,83;1953;84,47;68,91
RandomForest;0,78;0,78;1953;78,16;56,66
AdaBoost;0,68;0,75;1953;72,53;46,34
Vote;0,85;0,83;1953;84,13;68,12
LogisticRegression;0,86;0,87;1465;85,91;71,9
NaiveBayes;0,85;0,83;1465;83,64;67,75
MultinomialNB;0,86;0,85;1465;85;70,29
BernoulliNB;0,81;0,76;1465;78,64;58,3
LinearSVC;0,84;0,85;1465;84,77;69,65
SVC_linear;0,83;0,84;1465;83,41;67
SVC_poly;0,63;0;1465;45,91;0
SVC_rbf;0,84;0,85;1465;84,77;69,49
SVC_sigmoid;0,76;0,78;1465;77,05;54,14
SGD;0,84;0,85;1465;84,32;68,6
MLP;0,85;0,86;1465;85,45;70,97
RandomForest;0,84;0,86;1465;85,23;70,31
AdaBoost;0,65;0,8;1465;74,09;46,3
Vote;0,86;0,87;1465;86,36;72,83
LogisticRegression;0,86;0,87;1465;85,91;71,9
NaiveBayes;0,85;0,83;1465;83,64;67,75
MultinomialNB;0,86;0,85;1465;85;70,29
BernoulliNB;0,81;0,76;1465;78,64;58,3
LinearSVC;0,84;0,85;1465;84,77;69,65
SVC_linear;0,83;0,84;1465;83,41;67
SVC_poly;0,63;0;1465;45,91;0
SVC_rbf;0,84;0,85;1465;84,77;69,49
SVC_sigmoid;0,76;0,78;1465;77,05;54,14
SGD;0,84;0,85;1465;84,32;68,6
MLP;0,85;0,86;1465;85,45;70,97
RandomForest;0,84;0,86;1465;85,23;70,31
AdaBoost;0,65;0,8;1465;74,09;46,3
Vote;0,86;0,87;1465;86,36;72,83
LogisticRegression;0,86;0,86;1465;86,14;72,28
NaiveBayes;0,85;0,83;1465;84,09;68,49
MultinomialNB;0,85;0,83;1465;83,86;68,01
BernoulliNB;0,81;0,77;1465;79,32;59,4
LinearSVC;0,83;0,84;1465;83,86;67,76
SVC_linear;0,84;0,85;1465;84,09;68,2
SVC_poly;0,64;0;1465;46,82;0
SVC_rbf;0,86;0,88;1465;87,27;74,47
SVC_sigmoid;0,78;0,79;1465;79,09;58,23
SGD;0,82;0,84;1465;82,95;65,76
MLP;0,84;0,85;1465;85;70
RandomForest;0,83;0,84;1465;83,41;66,89
AdaBoost;0,7;0,8;1465;75,91;50,71
Vote;0,86;0,86;1465;86,14;72,31
LogisticRegression;0,86;0,86;1465;86,14;72,28
NaiveBayes;0,85;0,83;1465;84,09;68,49
MultinomialNB;0,85;0,83;1465;83,86;68,01
BernoulliNB;0,81;0,77;1465;79,32;59,4
LinearSVC;0,83;0,84;1465;83,86;67,76
SVC_linear;0,84;0,85;1465;84,09;68,2
SVC_poly;0,64;0;1465;46,82;0
SVC_rbf;0,86;0,88;1465;87,27;74,47
SVC_sigmoid;0,78;0,79;1465;79,09;58,23
SGD;0,82;0,84;1465;82,95;65,76
MLP;0,84;0,85;1465;85;70
RandomForest;0,83;0,84;1465;83,41;66,89
AdaBoost;0,7;0,8;1465;75,91;50,71
Vote;0,86;0,86;1465;86,14;72,31
LogisticRegression;0,85;0,86;1465;86,14;72,28
NaiveBayes;0,83;0,8;1465;81,59;63,5
MultinomialNB;0,83;0,82;1465;82,5;65,25
BernoulliNB;0,81;0,75;1465;78,18;57,07
LinearSVC;0,84;0,84;1465;83,86;67,82
SVC_linear;0,83;0,83;1465;82,95;66,05
SVC_poly;0,64;0;1465;47,27;0
SVC_rbf;0,85;0,85;1465;85,23;70,48
SVC_sigmoid;0,77;0,78;1465;77,27;54,55
SGD;0,84;0,85;1465;84,77;69,52
MLP;0,86;0,86;1465;85,68;71,43
RandomForest;0,82;0,8;1465;81,36;63,11
AdaBoost;0,66;0,8;1465;74,77;48,25
Vote;0,86;0,86;1465;86,14;72,35
LogisticRegression;0,85;0,86;1465;86,14;72,28
NaiveBayes;0,83;0,8;1465;81,59;63,5
MultinomialNB;0,83;0,82;1465;82,5;65,25
BernoulliNB;0,81;0,75;1465;78,18;57,07
LinearSVC;0,84;0,84;1465;83,86;67,82
SVC_linear;0,83;0,83;1465;82,95;66,05
SVC_poly;0,64;0;1465;47,27;0
SVC_rbf;0,85;0,85;1465;85,23;70,48
SVC_sigmoid;0,77;0,78;1465;77,27;54,55
SGD;0,84;0,85;1465;84,77;69,52
MLP;0,86;0,86;1465;85,68;71,43
RandomForest;0,82;0,8;1465;81,36;63,11
AdaBoost;0,66;0,8;1465;74,77;48,25
Vote;0,86;0,86;1465;86,14;72,35
LogisticRegression;0,83;0,83;1465;82,95;65,94
NaiveBayes;0,85;0,82;1465;83,18;66,47
MultinomialNB;0,84;0,82;1465;82,73;65,55
BernoulliNB;0,84;0,78;1465;81,36;62,91
LinearSVC;0,85;0,84;1465;84,32;68,67
SVC_linear;0,84;0,84;1465;83,86;67,76
SVC_poly;0,66;0;1465;49,09;0
SVC_rbf;0,86;0,85;1465;85,45;70,92
SVC_sigmoid;0,8;0,8;1465;80;60,03
SGD;0,81;0,81;1465;81,14;62,29
MLP;0,84;0,84;1465;83,86;67,75
RandomForest;0,83;0,83;1465;83,41;66,82
AdaBoost;0,7;0,79;1465;75;49,7
Vote;0,83;0,82;1465;82,95;65,95
LogisticRegression;0,82;0,82;1465;82,73;65,47
NaiveBayes;0,82;0,78;1465;80;60,15
MultinomialNB;0,82;0,79;1465;80,68;61,49
BernoulliNB;0,81;0,75;1465;78,41;57,04
LinearSVC;0,81;0,8;1465;80,68;61,4
SVC_linear;0,79;0,79;1465;79,32;58,67
SVC_poly;0,66;0;1465;49,09;0
SVC_rbf;0,82;0,83;1465;82,73;65,45
SVC_sigmoid;0,77;0,77;1465;77,5;55
SGD;0,82;0,81;1465;82,05;64,12
MLP;0,83;0,83;1465;83,18;66,36
RandomForest;0,81;0,8;1465;80,23;60,51
AdaBoost;0,66;0,76;1465;71,36;42,37
Vote;0,83;0,82;1465;82,95;65,95
LogisticRegression;0,85;0,86;1465;85,91;71,81
NaiveBayes;0,84;0,82;1465;82,73;65,55
MultinomialNB;0,84;0,82;1465;82,73;65,52
BernoulliNB;0,83;0,8;1465;81,36;62,87
LinearSVC;0,82;0,83;1465;82,95;65,9
SVC_linear;0,81;0,82;1465;82,05;64,06
SVC_poly;0,66;0;1465;49,09;0
SVC_rbf;0,85;0,86;1465;85,68;71,35
SVC_sigmoid;0,77;0,79;1465;78,64;57,23
SGD;0,81;0,82;1465;82,05;64,06
MLP;0,86;0,85;1465;85,45;70,92
RandomForest;0,79;0,75;1465;77,27;54,7
AdaBoost;0,7;0,8;1465;75,91;51,47
Vote;0,85;0,85;1465;84,77;69,56
LogisticRegression;0,83;0,83;1465;82,95;65,94
NaiveBayes;0,85;0,82;1465;83,18;66,47
MultinomialNB;0,84;0,82;1465;82,73;65,55
BernoulliNB;0,84;0,78;1465;81,36;62,91
LinearSVC;0,85;0,84;1465;84,32;68,67
SVC_linear;0,84;0,84;1465;83,86;67,76
SVC_poly;0,66;0;1465;49,09;0
SVC_rbf;0,86;0,85;1465;85,45;70,92
SVC_sigmoid;0,8;0,8;1465;80;60,03
SGD;0,81;0,81;1465;81,14;62,29
MLP;0,84;0,84;1465;83,86;67,75
RandomForest;0,83;0,83;1465;83,41;66,82
AdaBoost;0,7;0,79;1465;75;49,7
Vote;0,83;0,82;1465;82,95;65,95
LogisticRegression;0,82;0,82;1465;82,73;65,47
NaiveBayes;0,82;0,78;1465;80;60,15
MultinomialNB;0,82;0,79;1465;80,68;61,49
BernoulliNB;0,81;0,75;1465;78,41;57,04
LinearSVC;0,81;0,8;1465;80,68;61,4
SVC_linear;0,79;0,79;1465;79,32;58,67
SVC_poly;0,66;0;1465;49,09;0
SVC_rbf;0,82;0,83;1465;82,73;65,45
SVC_sigmoid;0,77;0,77;1465;77,5;55
SGD;0,82;0,81;1465;82,05;64,12
MLP;0,83;0,83;1465;83,18;66,36
RandomForest;0,81;0,8;1465;80,23;60,51
AdaBoost;0,66;0,76;1465;71,36;42,37
Vote;0,83;0,82;1465;82,95;65,95
LogisticRegression;0,85;0,86;1465;85,91;71,81
NaiveBayes;0,84;0,82;1465;82,73;65,55
MultinomialNB;0,84;0,82;1465;82,73;65,52
BernoulliNB;0,83;0,8;1465;81,36;62,87
LinearSVC;0,82;0,83;1465;82,95;65,9
SVC_linear;0,81;0,82;1465;82,05;64,06
SVC_poly;0,66;0;1465;49,09;0
SVC_rbf;0,85;0,86;1465;85,68;71,35
SVC_sigmoid;0,77;0,79;1465;78,64;57,23
SGD;0,81;0,82;1465;82,05;64,06
MLP;0,86;0,85;1465;85,45;70,92
RandomForest;0,79;0,75;1465;77,27;54,7
AdaBoost;0,7;0,8;1465;75,91;51,47
Vote;0,85;0,85;1465;84,77;69,56
LogisticRegression;0,85;0,86;1465;85,68;71,36
NaiveBayes;0,84;0,81;1465;82,27;64,61
MultinomialNB;0,84;0,82;1465;82,95;65,97
BernoulliNB;0,84;0,8;1465;82,27;64,65
LinearSVC;0,83;0,83;1465;83,41;66,83
SVC_linear;0,83;0,83;1465;83,18;66,38
SVC_poly;0,66;0;1465;49,32;0
SVC_rbf;0,82;0,83;1465;82,95;65,89
SVC_sigmoid;0,78;0,79;1465;78,64;57,25
SGD;0,83;0,83;1465;82,95;65,92
MLP;0,85;0,85;1465;85,23;70,44
RandomForest;0,81;0,83;1465;82,05;64,05
AdaBoost;0,72;0,8;1465;76,59;52,99
Vote;0,84;0,84;1465;84,55;69,1
LogisticRegression;0,84;0,85;1465;84,32;68,6
NaiveBayes;0,85;0,84;1465;84,77;69,58
MultinomialNB;0,84;0,83;1465;83,86;67,76
BernoulliNB;0,84;0,81;1465;82,73;65,53
LinearSVC;0,84;0,85;1465;84,32;68,62
SVC_linear;0,83;0,83;1465;83,41;66,81
SVC_poly;0,66;0;1465;49,32;0
SVC_rbf;0,83;0,86;1465;84,32;68,58
SVC_sigmoid;0,77;0,78;1465;77,73;55,42
SGD;0,82;0,83;1465;82,27;64,53
MLP;0,83;0,84;1465;83,41;66,79
RandomForest;0,85;0,84;1465;84,32;68,66
AdaBoost;0,68;0,79;1465;74,55;48,83
Vote;0,84;0,85;1465;84,55;69,09
LogisticRegression;0,85;0,86;1465;85,68;71,36
NaiveBayes;0,84;0,81;1465;82,27;64,61
MultinomialNB;0,84;0,82;1465;82,95;65,97
BernoulliNB;0,84;0,8;1465;82,27;64,65
LinearSVC;0,83;0,83;1465;83,41;66,83
SVC_linear;0,83;0,83;1465;83,18;66,38
SVC_poly;0,66;0;1465;49,32;0
SVC_rbf;0,82;0,83;1465;82,95;65,89
SVC_sigmoid;0,78;0,79;1465;78,64;57,25
SGD;0,83;0,83;1465;82,95;65,92
MLP;0,85;0,85;1465;85,23;70,44
RandomForest;0,81;0,83;1465;82,05;64,05
AdaBoost;0,72;0,8;1465;76,59;52,99
Vote;0,84;0,84;1465;84,55;69,1
LogisticRegression;0,84;0,85;1465;84,32;68,6
NaiveBayes;0,85;0,84;1465;84,77;69,58
MultinomialNB;0,84;0,83;1465;83,86;67,76
BernoulliNB;0,84;0,81;1465;82,73;65,53
LinearSVC;0,84;0,85;1465;84,32;68,62
SVC_linear;0,83;0,83;1465;83,41;66,81
SVC_poly;0,66;0;1465;49,32;0
SVC_rbf;0,83;0,86;1465;84,32;68,58
SVC_sigmoid;0,77;0,78;1465;77,73;55,42
SGD;0,82;0,83;1465;82,27;64,53
MLP;0,83;0,84;1465;83,41;66,79
RandomForest;0,85;0,84;1465;84,32;68,66
AdaBoost;0,68;0,79;1465;74,55;48,83
Vote;0,84;0,85;1465;84,55;69,09
LogisticRegression;0,83;0,84;1465;83,41;66,84
NaiveBayes;0,84;0,83;1465;83,64;67,24
MultinomialNB;0,84;0,82;1465;83,41;66,79
BernoulliNB;0,85;0,83;1465;84,09;68,13
LinearSVC;0,84;0,84;1465;84,09;68,19
SVC_linear;0,84;0,84;1465;84,09;68,18
SVC_poly;0,67;0;1465;50,45;0
SVC_rbf;0,85;0,85;1465;85;70,02
SVC_sigmoid;0,79;0,8;1465;79,55;59,11
SGD;0,82;0,82;1465;82,27;64,56
MLP;0,83;0,84;1465;83,64;67,31
RandomForest;0,8;0,82;1465;81,14;62,32
AdaBoost;0,65;0,77;1465;72,5;45,22
Vote;0,83;0,84;1465;83,64;67,29
LogisticRegression;0,83;0,84;1465;83,41;66,84
NaiveBayes;0,84;0,83;1465;83,64;67,24
MultinomialNB;0,84;0,82;1465;83,41;66,79
BernoulliNB;0,85;0,83;1465;84,09;68,13
LinearSVC;0,84;0,84;1465;84,09;68,19
SVC_linear;0,84;0,84;1465;84,09;68,18
SVC_poly;0,67;0;1465;50,45;0
SVC_rbf;0,85;0,85;1465;85;70,02
SVC_sigmoid;0,79;0,8;1465;79,55;59,11
SGD;0,82;0,82;1465;82,27;64,56
MLP;0,83;0,84;1465;83,64;67,31
RandomForest;0,8;0,82;1465;81,14;62,32
AdaBoost;0,65;0,77;1465;72,5;45,22
Vote;0,83;0,84;1465;83,64;67,29
LogisticRegression;0,84;0,83;1465;84,09;68,16
NaiveBayes;0,86;0,82;1465;84,32;68,21
MultinomialNB;0,86;0,82;1465;84,55;68,72
BernoulliNB;0,86;0,82;1465;84,32;68,25
LinearSVC;0,86;0,84;1465;85,45;70,81
SVC_linear;0,85;0,83;1465;84,32;68,54
SVC_poly;0;0,63;1465;46,36;0
SVC_rbf;0,85;0,84;1465;84,55;69,21
SVC_sigmoid;0,77;0,74;1465;75,91;51,63
SGD;0,84;0,82;1465;83,64;67,19
MLP;0,83;0,82;1465;82,5;64,94
RandomForest;0,86;0,82;1465;84,32;68,31
AdaBoost;0,73;0,78;1465;75,45;51,83
Vote;0,86;0,84;1465;85,45;70,75
LogisticRegression;0,84;0,83;1465;84,09;68,16
NaiveBayes;0,86;0,82;1465;84,32;68,21
MultinomialNB;0,86;0,82;1465;84,55;68,72
BernoulliNB;0,86;0,82;1465;84,32;68,25
LinearSVC;0,86;0,84;1465;85,45;70,81
SVC_linear;0,85;0,83;1465;84,32;68,54
SVC_poly;0;0,63;1465;46,36;0
SVC_rbf;0,85;0,84;1465;84,55;69,21
SVC_sigmoid;0,77;0,74;1465;75,91;51,63
SGD;0,84;0,82;1465;83,64;67,19
MLP;0,83;0,82;1465;82,5;64,94
RandomForest;0,86;0,82;1465;84,32;68,31
AdaBoost;0,73;0,78;1465;75,45;51,83
Vote;0,86;0,84;1465;85,45;70,75
LogisticRegression;0,83;0,81;977;81,97;64,22
NaiveBayes;0,82;0,78;977;80,27;61,06
MultinomialNB;0,82;0,79;977;80,95;62,35
BernoulliNB;0,8;0,73;977;77,21;55,3
LinearSVC;0,81;0,8;977;80,61;61,44
SVC_linear;0,81;0,8;977;80,61;61,44
SVC_poly;0,64;0;977;47,28;0
SVC_rbf;0,83;0,82;977;82,99;66,21
SVC_sigmoid;0,75;0,75;977;75,17;50,47
SGD;0,81;0,82;977;81,29;62,63
MLP;0,83;0,81;977;81,97;64,22
RandomForest;0,79;0,83;977;81,29;62,29
AdaBoost;0,74;0,54;977;66,33;34,71
Vote;0,83;0,82;977;82,31;64,91
LogisticRegression;0,82;0,83;977;82,99;66,04
NaiveBayes;0,85;0,83;977;84,35;69,12
MultinomialNB;0,84;0,82;977;83,33;66,97
BernoulliNB;0,82;0,74;977;78,57;58
LinearSVC;0,83;0,83;977;83,33;66,68
SVC_linear;0,83;0,83;977;83,33;66,68
SVC_poly;0,64;0;977;47,28;0
SVC_rbf;0,83;0,83;977;83,33;66,75
SVC_sigmoid;0,74;0,77;977;76,19;52,13
SGD;0,77;0,81;977;78,91;57,57
MLP;0,82;0,83;977;82,65;65,37
RandomForest;0,79;0,74;977;76,87;54,52
AdaBoost;0,62;0,78;977;71,77;42,06
Vote;0,84;0,84;977;84,35;68,8
LogisticRegression;0,81;0,81;977;80,61;61,28
NaiveBayes;0,84;0,81;977;82,65;65,62
MultinomialNB;0,84;0,82;977;83,33;66,91
BernoulliNB;0,82;0,76;977;79,25;59,06
LinearSVC;0,8;0,8;977;80,27;60,61
SVC_linear;0,81;0,81;977;80,95;61,97
SVC_poly;0,65;0;977;47,96;0
SVC_rbf;0,84;0,84;977;83,67;67,38
SVC_sigmoid;0,77;0,78;977;77,89;55,82
SGD;0,77;0,81;977;79,25;58,31
MLP;0,81;0,81;977;80,61;61,28
RandomForest;0,77;0,83;977;80,27;60,19
AdaBoost;0,63;0,78;977;72,45;43,76
Vote;0,8;0,8;977;80,27;60,63
LogisticRegression;0,8;0,81;977;80,61;61,22
NaiveBayes;0,82;0,78;977;80,27;60,79
MultinomialNB;0,81;0,78;977;79,25;58,71
BernoulliNB;0,8;0,73;977;77,21;54,81
LinearSVC;0,79;0,79;977;79,25;58,57
SVC_linear;0,78;0,78;977;78,57;57,18
SVC_poly;0,66;0;977;48,64;0
SVC_rbf;0,78;0,78;977;78,23;56,53
SVC_sigmoid;0,76;0,78;977;77,21;54,38
SGD;0,75;0,78;977;76,87;53,64
MLP;0,8;0,8;977;79,93;59,89
RandomForest;0,76;0,79;977;77,55;54,92
AdaBoost;0,59;0,74;977;68,03;35,36
Vote;0,81;0,81;977;80,61;61,25
LogisticRegression;0,84;0,84;977;83,67;67,35
NaiveBayes;0,84;0,8;977;82,31;64,67
MultinomialNB;0,83;0,79;977;80,95;61,96
BernoulliNB;0,82;0,75;977;78,91;57,91
LinearSVC;0,83;0,83;977;82,99;65,98
SVC_linear;0,82;0,83;977;82,99;65,98
SVC_poly;0,67;0;977;49,66;0
SVC_rbf;0,81;0,81;977;81,29;62,59
SVC_sigmoid;0,79;0,78;977;78,91;57,83
SGD;0,78;0,81;977;79,59;59,14
MLP;0,84;0,84;977;84,01;68,03
RandomForest;0,79;0,79;977;79,25;58,5
AdaBoost;0,62;0,75;977;69,39;38,6
Vote;0,83;0,83;977;82,99;65,99
LogisticRegression;0,81;0,81;977;81,29;62,59
NaiveBayes;0,8;0,76;977;77,89;55,84
MultinomialNB;0,81;0,79;977;80,27;60,58
BernoulliNB;0,78;0,72;977;75,51;51,11
LinearSVC;0,78;0,77;977;77,89;55,79
SVC_linear;0,78;0,78;977;78,23;56,47
SVC_poly;0,67;0;977;49,66;0
SVC_rbf;0,77;0,77;977;77,55;55,11
SVC_sigmoid;0,71;0,73;977;72,45;44,87
SGD;0,77;0,78;977;77,89;55,77
MLP;0,8;0,81;977;80,61;61,22
RandomForest;0,76;0,79;977;77,21;54,38
AdaBoost;0,53;0,73;977;65,65;31,04
Vote;0,81;0,81;977;80,95;61,91
LogisticRegression;0,85;0,83;977;84,01;68
NaiveBayes;0,83;0,77;977;80,95;61,75
MultinomialNB;0,82;0,76;977;79,59;59,04
BernoulliNB;0,82;0,74;977;78,91;57,62
LinearSVC;0,8;0,79;977;80,27;60,53
SVC_linear;0,8;0,79;977;79,59;59,17
SVC_poly;0,68;0;977;50,68;0
SVC_rbf;0,84;0,82;977;82,99;65,94
SVC_sigmoid;0,78;0,77;977;77,55;55,08
SGD;0,81;0,81;977;81,29;62,6
MLP;0,84;0,83;977;83,67;67,31
RandomForest;0,82;0,84;977;82,99;66,04
AdaBoost;0,63;0,76;977;71,09;42,53
Vote;0,84;0,82;977;83,33;66,63
LogisticRegression;0,83;0,8;977;81,29;62,39
NaiveBayes;0,83;0,75;977;79,59;58,68
MultinomialNB;0,82;0,75;977;78,91;57,42
BernoulliNB;0,82;0,72;977;78,23;55,88
LinearSVC;0,8;0,77;977;78,57;56,92
SVC_linear;0,8;0,77;977;78,57;56,94
SVC_poly;0;0,65;977;48,3;0
SVC_rbf;0,82;0,8;977;80,95;61,77
SVC_sigmoid;0,75;0,71;977;73,47;46,73
SGD;0,79;0,77;977;78,57;57,06
MLP;0,81;0,77;977;79,25;58,27
RandomForest;0,79;0,78;977;78,23;56,45
AdaBoost;0,6;0,73;977;67,69;36,29
Vote;0,83;0,79;977;80,61;61,01
LogisticRegression;0,8;0,79;977;79,25;58,48
NaiveBayes;0,81;0,76;977;79,25;58,17
MultinomialNB;0,82;0,78;977;79,59;58,95
BernoulliNB;0,8;0,72;977;76,87;53,3
LinearSVC;0,8;0,79;977;79,59;59,16
SVC_linear;0,79;0,78;977;78,57;57,12
SVC_poly;0;0,65;977;48,3;0
SVC_rbf;0,84;0,83;977;83,67;67,29
SVC_sigmoid;0,73;0,76;977;74,49;49,17
SGD;0,78;0,81;977;79,59;59,42
MLP;0,8;0,78;977;79,59;59,12
RandomForest;0,8;0,8;977;79,93;59,88
AdaBoost;0,73;0,49;977;64,29;27,12
Vote;0,82;0,79;977;80,95;61,79
LogisticRegression;0,78;0,76;977;77,21;54,38
NaiveBayes;0,81;0,72;977;77,21;53,57
MultinomialNB;0,81;0,73;977;77,55;54,32
BernoulliNB;0,81;0,73;977;77,21;53,61
LinearSVC;0,78;0,76;977;77,21;54,27
SVC_linear;0,78;0,75;977;76,19;52,2
SVC_poly;0;0,64;977;46,94;0
SVC_rbf;0,78;0,78;977;78,57;57,29
SVC_sigmoid;0,7;0,7;977;69,73;39,76
SGD;0,76;0,76;977;76,19;52,56
MLP;0,79;0,77;977;77,89;55,75
RandomForest;0,82;0,77;977;79,93;59,46
AdaBoost;0,62;0,72;977;68,03;37,44
Vote;0,8;0,77;977;78,91;57,59
LogisticRegression;0,74;0,71;485;72,6;46,73
NaiveBayes;0,73;0,66;485;69,86;42,17
MultinomialNB;0,74;0,72;485;73,29;47,81
BernoulliNB;0,72;0,56;485;65,75;35,94
LinearSVC;0,74;0,72;485;73,29;47,81
SVC_linear;0,75;0,73;485;73,97;49,06
SVC_poly;0,61;0;485;43,84;0
SVC_rbf;0,71;0,7;485;70,55;42,46
SVC_sigmoid;0,72;0,78;485;75,34;50,09
SGD;0,72;0,78;485;76,03;51,23
MLP;0,75;0,72;485;73,29;48,15
RandomForest;0,69;0,55;485;63,01;30,16
AdaBoost;0,65;0,79;485;73,29;43,92
Vote;0,75;0,72;485;73,97;49,4
LogisticRegression;0,7;0,67;485;68,49;37,86
NaiveBayes;0,74;0,63;485;69,18;40,04
MultinomialNB;0,75;0,71;485;73,29;47,37
BernoulliNB;0,72;0,55;485;65,07;32,54
LinearSVC;0,69;0,63;485;66,44;33,87
SVC_linear;0,68;0,63;485;65,75;32,46
SVC_poly;0,64;0;485;46,58;0
SVC_rbf;0,66;0,65;485;65,75;31,95
SVC_sigmoid;0,71;0,74;485;72,6;45,15
SGD;0,68;0,74;485;71,23;41,98
MLP;0,69;0,66;485;67,81;36,45
RandomForest;0,73;0,6;485;67,81;37,49
AdaBoost;0,67;0,48;485;59,59;21,96
Vote;0,72;0,66;485;69,18;39,38
LogisticRegression;0,78;0,83;485;80,82;61,17
NaiveBayes;0,78;0,77;485;77,4;55,21
MultinomialNB;0,78;0,77;485;77,4;55,13
BernoulliNB;0,78;0,69;485;73,97;49,32
LinearSVC;0,75;0,81;485;78,08;55,62
SVC_linear;0,75;0,81;485;78,08;55,54
SVC_poly;0,64;0;485;46,58;0
SVC_rbf;0,74;0,76;485;75,34;50,64
SVC_sigmoid;0,66;0,76;485;71,23;41,42
SGD;0,72;0,81;485;77,4;53,84
MLP;0,78;0,83;485;80,82;61,24
RandomForest;0,73;0,8;485;77,4;53,93
AdaBoost;0,55;0,75;485;68,49;34,59
Vote;0,78;0,82;485;80,14;59,82
LogisticRegression;0,75;0,7;485;72,6;45,86
NaiveBayes;0,74;0,68;485;71,23;43,32
MultinomialNB;0,75;0,7;485;72,6;45,86
BernoulliNB;0,74;0,65;485;69,86;40,88
LinearSVC;0,75;0,76;485;75,34;50,68
SVC_linear;0,75;0,76;485;76,03;52,02
SVC_poly;0,64;0;485;47,26;0
SVC_rbf;0,72;0,69;485;70,55;41,58
SVC_sigmoid;0,7;0,75;485;72,6;44,79
SGD;0,66;0,74;485;70,55;40,43
MLP;0,77;0,77;485;76,71;53,56
RandomForest;0,74;0,74;485;73,97;48,1
AdaBoost;0,64;0,74;485;69,86;38,81
Vote;0,75;0,74;485;74,66;49,58
LogisticRegression;0,82;0,82;485;82,19;64,49
NaiveBayes;0,77;0,72;485;75,34;51,34
MultinomialNB;0,79;0,75;485;76,71;53,98
BernoulliNB;0,78;0,69;485;73,97;49,02
LinearSVC;0,8;0,81;485;80,82;61,7
SVC_linear;0,8;0,8;485;80,14;60,3
SVC_poly;0,64;0;485;47,26;0
SVC_rbf;0,78;0,76;485;77,4;55,16
SVC_sigmoid;0,77;0,79;485;78,77;57,44
SGD;0,76;0,78;485;77,4;54,69
MLP;0,82;0,82;485;81,51;63,1
RandomForest;0,76;0,78;485;77,4;54,76
AdaBoost;0,63;0,77;485;71,23;41,14
Vote;0,82;0,82;485;81,51;63,1
LogisticRegression;0,77;0,77;485;77,4;54,79
NaiveBayes;0,73;0,66;485;69,86;39,73
MultinomialNB;0,73;0,68;485;70,55;41,1
BernoulliNB;0,73;0,62;485;68,49;36,99
LinearSVC;0,77;0,77;485;76,71;53,42
SVC_linear;0,78;0,78;485;78,08;56,16
SVC_poly;0,67;0;485;50;0
SVC_rbf;0,73;0,73;485;73,29;46,58
SVC_sigmoid;0,72;0,76;485;73,97;47,95
SGD;0,67;0,74;485;70,55;41,1
MLP;0,76;0,77;485;76,71;53,42
RandomForest;0,65;0,67;485;66,44;32,88
AdaBoost;0,54;0,73;485;65,75;31,51
Vote;0,77;0,76;485;76,71;53,42
LogisticRegression;0,72;0,73;485;72,6;45,21
NaiveBayes;0,77;0,73;485;75,34;50,68
MultinomialNB;0,76;0,72;485;73,97;47,95
BernoulliNB;0,75;0,63;485;69,86;39,73
LinearSVC;0,7;0,7;485;70,55;41,1
SVC_linear;0,71;0,72;485;71,23;42,47
SVC_poly;0,67;0;485;50;0
SVC_rbf;0,69;0,68;485;68,49;36,99
SVC_sigmoid;0,66;0,69;485;67,81;35,62
SGD;0,71;0,75;485;73,29;46,58
MLP;0,71;0,71;485;71,23;42,47
RandomForest;0,66;0,7;485;68,49;36,99
AdaBoost;0,49;0,68;485;60,96;21,92
Vote;0,71;0,72;485;71,92;43,84
LogisticRegression;0,82;0,81;485;81,51;62,99
NaiveBayes;0,81;0,73;485;77,4;54,59
MultinomialNB;0,82;0,75;485;79,45;58,74
BernoulliNB;0,79;0,67;485;73,97;47,64
LinearSVC;0,83;0,82;485;82,88;65,73
SVC_linear;0,81;0,8;485;80,82;61,61
SVC_poly;0,68;0;485;50,68;0
SVC_rbf;0,82;0,79;485;80,82;61,56
SVC_sigmoid;0,81;0,81;485;80,82;61,65
SGD;0,79;0,79;485;79,45;58,91
MLP;0,81;0,8;485;80,82;61,62
RandomForest;0,76;0,81;485;78,77;57,69
AdaBoost;0,63;0,76;485;71,23;42,82
Vote;0,83;0,81;485;82,19;64,35
LogisticRegression;0,79;0,74;485;76,71;53,19
NaiveBayes;0,79;0,68;485;74,66;48,5
MultinomialNB;0,78;0,68;485;73,97;47,2
BernoulliNB;0,79;0,65;485;73,29;45,6
LinearSVC;0,79;0,74;485;76,71;53,19
SVC_linear;0,8;0,76;485;78,08;55,89
SVC_poly;0;0,65;485;47,95;0
SVC_rbf;0,74;0,69;485;71,92;43,52
SVC_sigmoid;0,74;0,74;485;73,97;47,97
SGD;0,73;0,74;485;73,29;46,76
MLP;0,78;0,76;485;77,4;54,64
RandomForest;0,74;0,53;485;66,44;31,33
AdaBoost;0,59;0,74;485;67,81;36,83
Vote;0,79;0,74;485;76,71;53,13
LogisticRegression;0,8;0,81;485;80,14;60,42
NaiveBayes;0,82;0,77;485;79,45;58,53
MultinomialNB;0,83;0,81;485;82,19;64,22
BernoulliNB;0,83;0,81;485;82,19;64,22
LinearSVC;0,8;0,8;485;80,14;60,36
SVC_linear;0,8;0,79;485;79,45;58,97
SVC_poly;0;0,64;485;47,26;0
SVC_rbf;0,8;0,8;485;80,14;60,36
SVC_sigmoid;0,79;0,8;485;79,45;59,15
SGD;0,77;0,79;485;78,08;56,43
MLP;0,81;0,81;485;80,82;61,82
RandomForest;0,75;0,8;485;78,08;56,81
AdaBoost;0,63;0,74;485;69,86;41,05
Vote;0,82;0,82;485;81,51;63,15
;0,59;0,67;98;63,33;29,79
;0,76;0,61;98;70;37,21
;0,78;0,67;98;73,33;44,7
;0,76;0,69;98;73,33;45,7
;0,48;0,63;98;56,67;18,41
;0,5;0,66;98;60;25,31
;0;0,6;98;43,33;0
;0,67;0,59;98;63,33;26,01,2017
;0,43;0,65;98;56,67;19,75
;0,28;0,58;98;46,67;02,04,2017
;0,59;0,67;98;63,33;29,79
;0,11;0,62;98;46,67;01,05,2014
;0,21;0,63;98;50;01,10,1936
;0,59;0,67;98;63,33;29,79
;0,8;0,72;98;76,67;52,49
;0,82;0,43;98;73,33;32,2
;0,84;0,58;98;76,67;44,44
;0,75;0,72;98;73,33;48,5
;0,78;0,67;98;73,33;44,7
;0,76;0,69;98;73,33;46,67
;0;0,54;98;36,67;0
;0,74;0,55;98;66,67;28,23
;0,73;0,67;98;70;41,05
;0,79;0,74;98;76,67;54,15
;0,8;0,72;98;76,67;52,49
;0,62;0,65;98;63,33;32,65
;0,41;0,61;98;53,33;20,75
;0,83;0,75;98;80;58,53
;0,8;0,72;98;76,67;52,05
;0,8;0,6;98;73,33;41,18
;0,84;0,73;98;80;57,14
;0,76;0,69;98;73,33;45,95
;0,83;0,77;98;80;59,46
;0,71;0,69;98;70;41,56
;0;0,57;98;40;0
;0,8;0,72;98;76,67;52,05
;0,65;0,62;98;63,33;28,57
;0,74;0,64;98;70;38,36
;0,83;0,77;98;80;59,46
;0,54;0,65;98;60;26,83
;0,46;0,58;98;53,33;14,63
;0,8;0,72;98;76,67;52,05
;0,8;0,72;98;76,67;53,33
;0,83;0,75;98;80;60
;0,83;0,75;98;80;60
;0,73;0,43;98;63,33;26,67
;0,73;0,67;98;70;40
;0,71;0,69;98;70;40
;0,67;0;98;50;0
;0,79;0,64;98;73,33;46,67
;0,79;0,74;98;76,67;53,33
;0,78;0,66;98;73,33;46,67
;0,8;0,72;98;76,67;53,33
;0,73;0,43;98;63,33;26,67
;0,72;0,8;98;76,67;53,33
;0,83;0,75;98;80;60
;0,76;0,69;98;73,33;45,95
;0,84;0,59;98;76,67;46,15
;0,84;0,59;98;76,67;46,15
;0,81;0,79;98;80;60,53
;0,83;0,63;98;76,67;47,76
;0,83;0,63;98;76,67;47,76
;0;0,57;98;40;0
;0,77;0,57;98;70;34,78
;0,69;0,64;98;66,67;34,21
;0,69;0,71;98;70;43,04
;0,76;0,69;98;73,33;45,95
;0,54;0,65;98;60;26,83
;0,52;0,61;98;56,67;19,75
;0,76;0,69;98;73,33;45,95
;0,78;0,67;98;73,33;48,28
;0,82;0,77;98;80;60,87
;0,79;0,74;98;76,67;54,15
;0,67;0,21;98;53,33;01,11,1976
;0,73;0,67;98;70;41,05
;0,73;0,67;98;70;41,05
;0,64;0;98;46,67;0
;0,73;0,67;98;70;41,05
;0,79;0,74;98;76,67;54,15
;0,8;0,72;98;76,67;54,55
;0,73;0,67;98;70;41,05
;0,48;0,72;98;63,33;23,96
;0,57;0,77;98;70;37,79
;0,77;0,69;98;73,33;47,83
;0,7;0,52;98;63,33;32,1
;0,73;0,58;98;66,67;37,76
;0,73;0,58;98;66,67;37,76
;0,63;0,21;98;50;01,10,1936
;0,73;0,58;98;66,67;37,76
;0,73;0,58;98;66,67;37,76
;0,6;0;98;43,33;0
;0,7;0,62;98;66,67;36,71
;0,74;0,64;98;70;43,51
;0,69;0,56;98;63,33;30,96
;0,7;0,52;98;63,33;32,1
;0,77;0,82;98;80;59,28
;0,63;0,37;98;53,33;14,29
;0,7;0,52;98;63,33;32,1
;0,63;0,48;98;56,67;13,33
;0,69;0,45;98;60;20
;0,67;0,5;98;60;20
;0,72;0,33;98;60;20
;0,58;0,55;98;56,67;13,33
;0,54;0,65;98;60;20
;0,67;0;98;50;0
;0,67;0,5;98;60;20
;0,69;0,56;98;63,33;26,67
;0,65;0,43;98;56,67;13,33
;0,56;0,5;98;53,33;01,06,1967
;0,64;0,79;98;73,33;46,67
;0,4;0,7;98;60;20
;0,67;0,5;98;60;20
;0,45;0,17;98;33,33;05,06,2017
;0,59;0,67;98;63,33;34,78
;0,42;0,73;98;63,33;16,24
;0,43;0;98;26,67;0
;0,48;0,37;98;43,33;13,56
;0,48;0,37;98;43,33;13,56
;0,43;0;98;26,67;0
;0,43;0;98;26,67;0
;0,5;0,56;98;53,33;19,23
;0,48;0,51;98;50;15,73
;0,46;0,25;98;36,67;01,07,1977
;0,42;0,29;98;36,67;01,03,1939
;0,47;0,31;98;40;10,06,2017
;0,48;0,37;98;43,33;13,56
;0,69;0,56;98;63,33;26,67
;0,72;0,59;98;66,67;33,33
;0,72;0,59;98;66,67;33,33
;0,77;0,57;98;70;40
;0,63;0,57;98;60;20
;0,45;0,69;98;60;20
;0,67;0;98;50;0
;0,82;0,77;98;80;60
;0,69;0,56;98;63,33;26,67
;0,72;0,59;98;66,67;33,33
;0,69;0,56;98;63,33;26,67
;0,73;0,43;98;63,33;26,67
;0,33;0,72;98;60;20
;0,72;0,59;98;66,67;33,33
;0,78;0,73;195;76,27;51,92
;0,83;0,7;195;77,97;53,15
;0,81;0,68;195;76,27;49,82
;0,76;0,69;195;72,88;45,05
;0,8;0,74;195;77,97;55,12
;0,78;0,73;195;76,27;51,92
;0;0,59;195;42,37;0
;0,81;0,78;195;79,66;59,22
;0,78;0,75;195;76,27;52,91
;0,78;0,73;195;76,27;51,92
;0,77;0,72;195;74,58;48,76
;0,76;0,51;195;67,8;29,98
;0,57;0,7;195;64,41;33,78
;0,8;0,74;195;77,97;55,12
;0,77;0,68;195;72,88;46,73
;0,76;0,69;195;72,88;46,55
;0,75;0,7;195;72,88;46,36
;0,69;0,4;195;59,32;21,42
;0,77;0,76;195;76,27;52,75
;0,72;0,73;195;72,88;45,81
;0,64;0;195;47,46;0
;0,71;0,5;195;62,71;27,49
;0,64;0,68;195;66,1;32,03
;0,72;0,58;195;66,1;33,63
;0,73;0,69;195;71,19;42,91
;0,67;0,8;195;74,58;48,03
;0,59;0,75;195;69,49;37,53
;0,74;0,68;195;71,19;43,11
;0,71;0,6;195;66,1;33,41
;0,73;0,64;195;69,49;40,07
;0,74;0,68;195;71,19;43,11
;0,73;0,55;195;66,1;34,08
;0,69;0,7;195;69,49;39,04
;0,69;0,7;195;69,49;39,04
;0,64;0;195;47,46;0
;0,72;0,61;195;67,8;36,85
;0,72;0,77;195;74,58;48,76
;0,72;0,58;195;66,1;33,63
;0,76;0,74;195;74,58;49,46
;0,64;0,78;195;72,88;44,47
;0,53;0,75;195;67,8;33,71
;0,73;0,66;195;69,49;39,86
;0,71;0,64;195;67,8;35,09
;0,75;0,65;195;71,19;41,52
;0,76;0,68;195;72,88;45,05
;0,73;0,6;195;67,8;34,41
;0,71;0,64;195;67,8;35,09
;0,71;0,64;195;67,8;35,09
;0,35;0,65;195;54,24;01,11,1945
;0,65;0,61;195;62,71;25,23
;0,65;0,66;195;66,1;32,49
;0,75;0,78;195;76,27;52,91
;0,71;0,64;195;67,8;35,09
;0,73;0,49;195;64,41;26,73
;0,6;0,71;195;66,1;33,41
;0,73;0,66;195;69,49;38,4
;0,74;0,68;195;71,19;41,92
;0,82;0,72;195;77,97;55,12
;0,8;0,71;195;76,27;51,75
;0,78;0,6;195;71,19;40,9
;0,7;0,69;195;69,49;39,04
;0,72;0,74;195;72,88;46,18
;0,75;0,59;195;69,49;37,53
;0,76;0,69;195;72,88;45,24
;0,77;0,79;195;77,97;56,35
;0,69;0,76;195;72,88;46,55
;0,7;0,65;195;67,8;35,31
;0,73;0,52;195;66,1;30,34
;0,66;0,75;195;71,19;43,49
;0,74;0,68;195;71,19;41,92
;0,68;0,64;195;66,1;33,26
;0,7;0,65;195;67,8;36,77
;0,7;0,69;195;69,49;39,59
;0,7;0,5;195;62,71;28,99
;0,68;0,64;195;66,1;33,26
;0,68;0,64;195;66,1;33,26
;0,63;0;195;45,76;0
;0,7;0,65;195;67,8;36,77
;0,68;0,76;195;72,88;44,73
;0,64;0,71;195;67,8;34,94
;0,68;0,64;195;66,1;33,26
;0,73;0,69;195;71,19;43,43
;0,53;0,74;195;66,1;29,26
;0,68;0,64;195;66,1;33,26
;0,78;0,74;195;76,27;52,25
;0,84;0,72;195;79,66;56,99
;0,85;0,75;195;81,36;60,74
;0,77;0,7;195;74,58;48,22
;0,76;0,73;195;74,58;49,05
;0,79;0,77;195;77,97;56,2
;0;0,61;195;44,07;0
;0,78;0,69;195;74,58;47,79
;0,72;0,72;195;71,19;43,17
;0,65;0,68;195;66,1;33,93
;0,78;0,74;195;76,27;52,25
;0,62;0,72;195;67,8;38,44
;0,71;0,47;195;62,71;21,14
;0,78;0,74;195;76,27;52,25
;0,76;0,72;195;74,58;48,93
;0,75;0,59;195;69,49;37,53
;0,77;0,65;195;72,88;44,67
;0,71;0,42;195;61,02;19,47
;0,65;0,66;195;66,1;32,49
;0,68;0,71;195;69,49;39,45
;0,68;0,71;195;69,49;39,45
;0,7;0,65;195;67,8;35,31
;0,73;0,72;195;72,88;45,81
;0,74;0,78;195;76,27;53,07
;0,7;0,69;195;69,49;39,04
;0,51;0,68;195;61,02;23,81
;0,7;0,37;195;59,32;15,81
;0,76;0,72;195;74,58;48,93
;0,8;0,78;195;79,66;59,26
;0,76;0,65;195;71,19;42,06
;0,79;0,74;195;76,27;52,36
;0,74;0,58;195;67,8;35,09
;0,78;0,77;195;77,97;55,89
;0,77;0,76;195;76,27;52,53
;0,68;0;195;50,85;0
;0,74;0,68;195;71,19;42,19
;0,7;0,75;195;72,88;45,93
;0,73;0,77;195;74,58;49,28
;0,77;0,72;195;74,58;48,99
;0,75;0,61;195;69,49;38,54
;0,55;0,71;195;64,41;29,32
;0,78;0,71;195;74,58;48,93
;0,8;0,75;195;77,97;55,59
;0,8;0,71;195;76,27;51,75
;0,79;0,73;195;76,27;52,09
;0,81;0,69;195;76,27;51,41
;0,78;0,74;195;76,27;52,25
;0,79;0,76;195;77,97;55,74
;0,81;0,75;195;77,97;55,43
;0,77;0,72;195;74,58;48,76
;0,71;0,71;195;71,19;42,52
;0,59;0,63;195;61,02;22,77
;0,8;0,75;195;77,97;55,59
;0,57;0,72;195;66,1;33,86
;0,61;0,72;195;67,8;36,85
;0,79;0,73;195;76,27;52,09
